1676495354.295657,1,0.117,0.059,0.114,0.087,0.163,0.100,0.064,0.209,0.140
1676495355.3908813,1,0.117,0.059,0.114,0.087,0.163,0.100,0.064,0.209,0.140
1676495356.412994,20,2.332,1.176,2.283,1.732,3.266,2.005,1.276,4.176,2.801
1676495357.4432456,20,2.332,1.176,2.283,1.732,3.266,2.005,1.276,4.176,2.801
1676495358.4461014,20,2.332,1.176,2.283,1.732,3.266,2.005,1.276,4.176,2.801
1676495359.449099,20,2.332,1.176,2.283,1.732,3.266,2.005,1.276,4.176,2.801
1676495360.4592636,19,2.215,1.117,2.169,1.646,3.103,1.905,1.213,3.967,2.661
1676495361.4698293,18,2.098,1.058,2.055,1.559,2.940,1.805,1.149,3.759,2.521
1676495362.491703,18,2.098,1.058,2.055,1.559,2.940,1.805,1.149,3.759,2.521
1676495363.5028584,20,2.332,1.176,2.283,1.732,3.266,2.005,1.276,4.176,2.801
1676495364.5056684,20,2.332,1.176,2.283,1.732,3.266,2.005,1.276,4.176,2.801
1676495365.522473,18,2.098,1.058,2.055,1.559,2.940,1.805,1.149,3.759,2.521
1676495366.5492887,18,2.098,1.058,2.055,1.559,2.940,1.805,1.149,3.759,2.521
1676495367.5593126,21,2.448,1.235,2.397,1.819,3.430,2.106,1.340,4.385,2.941
1676495368.5893095,17,1.993,1.011,1.952,1.483,2.787,1.716,1.096,3.561,2.392
1676495369.5912795,17,2.003,1.021,1.962,1.494,2.797,1.726,1.106,3.571,2.402
1676495370.6017103,17,2.012,1.030,1.971,1.503,2.807,1.735,1.115,3.580,2.411
1676495371.6285627,18,2.138,1.099,2.095,1.599,2.980,1.845,1.189,3.799,2.561
1676495372.6606479,18,2.146,1.106,2.103,1.607,2.988,1.853,1.197,3.807,2.569
1676495373.6808677,18,2.153,1.113,2.110,1.614,2.994,1.860,1.204,3.813,2.576
1676495374.6997917,19,2.276,1.179,2.230,1.707,3.164,1.967,1.274,4.029,2.722
1676495375.7214477,19,2.283,1.185,2.237,1.713,3.171,1.973,1.280,4.035,2.729
1676495376.7724948,16,1.937,1.012,1.898,1.457,2.684,1.676,1.093,3.412,2.312
1676495377.8013575,16,1.939,1.015,1.901,1.460,2.687,1.678,1.095,3.415,2.315
1676495378.8146553,20,2.410,1.255,2.362,1.811,3.345,2.084,1.355,4.255,2.880
1676495379.8340945,18,2.180,1.140,2.136,1.640,3.021,1.886,1.230,3.840,2.602
1676495380.8368323,18,2.182,1.142,2.138,1.643,3.023,1.889,1.233,3.842,2.605
1676495381.8628387,18,2.184,1.144,2.140,1.645,3.025,1.890,1.234,3.844,2.606
1676495382.874868,23,2.773,1.444,2.717,2.083,3.848,2.398,1.559,4.894,3.313
1676495383.8992457,20,2.427,1.271,2.378,1.827,3.361,2.101,1.372,4.271,2.896
1676495384.9020147,20,2.430,1.275,2.382,1.831,3.365,2.104,1.375,4.275,2.900
1676495385.9132555,20,2.434,1.278,2.385,1.835,3.369,2.108,1.379,4.279,2.903
1676495386.9260273,20,2.438,1.282,2.389,1.839,3.373,2.112,1.383,4.283,2.907
1676495387.928674,20,2.442,1.286,2.393,1.842,3.376,2.116,1.387,4.286,2.911
1676495388.9312181,20,2.445,1.289,2.397,1.846,3.380,2.119,1.390,4.290,2.915
1676495389.933579,20,2.448,1.292,2.400,1.849,3.383,2.122,1.393,4.293,2.918
1676495390.9433198,19,2.334,1.236,2.288,1.765,3.222,2.024,1.332,4.086,2.780
1676495391.9460437,19,2.337,1.239,2.291,1.767,3.225,2.027,1.334,4.089,2.783
1676495392.9569216,18,2.222,1.182,2.178,1.682,3.063,1.928,1.272,3.882,2.644
1676495393.9793487,18,2.223,1.183,2.180,1.684,3.065,1.930,1.274,3.883,2.646
1676495394.9924285,20,2.460,1.304,2.411,1.860,3.394,2.134,1.405,4.304,2.929
1676495396.0032592,19,2.345,1.248,2.299,1.776,3.233,2.036,1.343,4.098,2.791
1676495397.0142198,18,2.230,1.190,2.186,1.690,3.071,1.936,1.280,3.890,2.652
1676495398.0172794,18,2.231,1.191,2.188,1.692,3.073,1.938,1.282,3.892,2.654
1676495399.0395484,18,2.232,1.192,2.188,1.693,3.073,1.938,1.282,3.892,2.655
1676495400.0657918,18,2.233,1.193,2.190,1.694,3.075,1.940,1.284,3.893,2.656
1676495401.098016,18,2.235,1.195,2.191,1.695,3.076,1.941,1.285,3.895,2.657
1676495402.1460104,24,2.940,1.554,2.882,2.221,4.062,2.549,1.674,5.154,3.504
1676495403.150312,34,4.120,2.155,4.037,3.101,5.709,3.565,2.326,7.256,4.918
1676495404.1695957,34,4.134,2.169,4.051,3.115,5.723,3.579,2.340,7.269,4.932
1676495405.178837,36,4.382,2.302,4.295,3.303,6.065,3.795,2.483,7.703,5.227
1676495406.1974766,37,4.515,2.377,4.425,3.406,6.244,3.912,2.563,7.928,5.384
1676495407.207144,38,4.647,2.452,4.555,3.509,6.423,4.028,2.643,8.152,5.539
1676495408.2269285,38,4.662,2.467,4.570,3.524,6.438,4.043,2.658,8.167,5.554
1676495409.2618127,40,4.911,2.600,4.814,3.712,6.780,4.258,2.801,8.600,5.850
1676495410.2730691,45,5.511,2.911,5.402,4.162,7.614,4.777,3.137,9.661,6.567
1676495411.2777262,46,5.643,2.986,5.532,4.265,7.793,4.893,3.217,9.886,6.723
1676495412.2980137,46,5.657,3.000,5.546,4.279,7.807,4.907,3.231,9.900,6.737
1676495413.325681,48,5.904,3.131,5.788,4.466,8.148,5.122,3.372,10.332,7.031
1676495414.3924718,44,5.447,2.905,5.340,4.128,7.503,4.729,3.126,9.505,6.480
1676495415.4152546,44,5.454,2.912,5.347,4.135,7.510,4.736,3.133,9.512,6.487
1676495416.431405,47,5.812,3.097,5.698,4.404,8.009,5.046,3.333,10.147,6.916
1676495417.449667,47,5.820,3.104,5.706,4.411,8.016,5.053,3.340,10.155,6.923
1676495418.4825683,43,5.356,2.872,5.252,4.068,7.366,4.655,3.088,9.322,6.366
1676495419.4927874,42,5.241,2.815,5.140,3.983,7.204,4.556,3.026,9.115,6.227
1676495420.5095675,42,5.242,2.816,5.141,3.984,7.205,4.557,3.027,9.116,6.228
1676495421.513393,44,5.478,2.935,5.371,4.159,7.534,4.760,3.156,9.536,6.511
1676495422.5233552,44,5.479,2.937,5.373,4.161,7.536,4.762,3.158,9.538,6.512
1676495423.5627866,45,5.599,2.999,5.490,4.250,7.702,4.865,3.225,9.749,6.655
1676495424.5748355,50,6.189,3.300,6.068,4.690,8.525,5.373,3.551,10.800,7.363
1676495425.6259902,43,5.374,2.890,5.270,4.085,7.383,4.673,3.105,9.340,6.383
1676495426.657998,43,5.375,2.891,5.271,4.087,7.385,4.674,3.107,9.341,6.385
1676495427.677082,47,5.846,3.131,5.732,4.438,8.043,5.080,3.367,10.181,6.949
1676495428.687022,46,5.733,3.076,5.622,4.355,7.883,4.983,3.307,9.976,6.813
1676495429.711339,46,5.738,3.080,5.626,4.359,7.887,4.988,3.311,9.980,6.818
1676495430.7451584,45,5.624,3.025,5.515,4.276,7.727,4.891,3.251,9.775,6.681
1676495431.7707448,45,5.628,3.028,5.519,4.279,7.731,4.894,3.254,9.778,6.684
1676495432.7821558,49,6.100,3.269,5.981,4.631,8.390,5.301,3.515,10.619,7.250
1676495433.7988338,48,5.988,3.215,5.872,4.550,8.231,5.205,3.456,10.415,7.115
1676495434.824689,45,5.641,3.041,5.532,4.292,7.744,4.907,3.267,9.791,6.697
1676495435.8569963,45,5.643,3.043,5.534,4.294,7.746,4.909,3.269,9.793,6.699
1676495436.9002762,46,5.762,3.104,5.650,4.383,7.911,5.011,3.335,10.004,6.842
1676495437.9233341,46,5.764,3.107,5.653,4.386,7.914,5.014,3.338,10.007,6.844
1676495438.9384046,48,6.001,3.228,5.885,4.563,8.244,5.218,3.469,10.428,7.128
1676495439.9411144,48,6.004,3.231,5.888,4.566,8.247,5.221,3.472,10.431,7.131
1676495440.9564662,48,6.008,3.235,5.892,4.570,8.251,5.225,3.476,10.435,7.135
1676495441.9674513,49,6.129,3.299,6.011,4.661,8.420,5.331,3.545,10.649,7.280
1676495442.9943435,49,6.134,3.303,6.015,4.665,8.424,5.335,3.549,10.653,7.284
1676495444.0068266,53,6.607,3.545,6.478,5.019,9.084,5.743,3.811,11.495,7.851
1676495445.0192907,54,6.731,3.611,6.600,5.113,9.255,5.851,3.883,11.712,7.999
1676495446.0638072,49,6.152,3.322,6.034,4.684,8.442,5.353,3.568,10.672,7.303
1676495447.0748575,49,6.156,3.325,6.037,4.687,8.446,5.357,3.571,10.675,7.306
1676495448.0872483,49,6.160,3.329,6.041,4.691,8.450,5.361,3.575,10.679,7.310
1676495449.1111553,49,6.163,3.332,6.044,4.695,8.453,5.364,3.578,10.682,7.313
1676495450.1360607,52,6.518,3.513,6.392,4.960,8.948,5.670,3.775,11.314,7.739
1676495451.189281,48,6.054,3.281,5.938,4.616,8.298,5.272,3.522,10.482,7.181
1676495452.2410965,48,6.057,3.284,5.941,4.619,8.300,5.274,3.525,10.484,7.184
1676495453.2552557,57,7.115,3.822,6.977,5.407,9.779,6.185,4.108,12.372,8.453
1676495454.3094568,50,6.302,3.414,6.181,4.804,8.639,5.487,3.665,10.914,7.476
1676495455.3393364,50,6.306,3.417,6.184,4.807,8.642,5.490,3.668,10.917,7.479
1676495456.390892,49,6.192,3.361,6.073,4.723,8.482,5.393,3.607,10.711,7.342
1676495457.4128957,49,6.193,3.362,6.074,4.724,8.483,5.394,3.608,10.712,7.343
1676495458.424953,52,6.547,3.542,6.421,4.988,8.977,5.699,3.804,11.343,7.767
1676495459.4446285,51,6.433,3.486,6.309,4.905,8.816,5.601,3.743,11.137,7.630
1676495460.4738336,51,6.435,3.489,6.312,4.907,8.819,5.604,3.745,11.139,7.633
1676495461.5040555,55,6.907,3.729,6.774,5.259,9.477,6.010,4.006,11.980,8.198
1676495462.5360866,56,7.030,3.795,6.894,5.352,9.647,6.117,4.076,12.195,8.345
1676495463.5685997,52,6.566,3.562,6.440,5.008,8.997,5.718,3.823,11.362,7.787
1676495464.5712247,52,6.569,3.564,6.443,5.010,8.999,5.721,3.825,11.365,7.789
1676495465.615299,52,6.572,3.568,6.446,5.014,9.003,5.724,3.829,11.368,7.793
1676495466.6738396,53,6.693,3.631,6.565,5.105,9.170,5.829,3.897,11.581,7.937
1676495467.6766932,53,6.696,3.634,6.568,5.108,9.173,5.832,3.900,11.584,7.940
1676495468.7005348,53,6.700,3.638,6.571,5.112,9.177,5.836,3.904,11.588,7.944
1676495469.7485325,50,6.351,3.462,6.230,4.853,8.688,5.536,3.713,10.962,7.525
1676495470.7764738,50,6.352,3.463,6.231,4.853,8.688,5.536,3.714,10.963,7.525
1676495471.802594,51,6.470,3.524,6.347,4.942,8.854,5.639,3.780,11.174,7.668
1676495472.820519,49,6.236,3.405,6.118,4.768,8.526,5.437,3.652,10.756,7.387
1676495473.8313372,49,6.237,3.406,6.118,4.769,8.527,5.438,3.652,10.756,7.387
1676495474.8713553,50,6.354,3.465,6.232,4.855,8.690,5.538,3.716,10.965,7.527
1676495475.8832774,55,6.942,3.765,6.809,5.294,9.513,6.045,4.041,12.015,8.233
1676495476.9627328,45,5.774,3.174,5.665,4.425,7.877,5.040,3.400,9.924,6.830
1676495478.0153708,45,5.771,3.171,5.662,4.422,7.874,5.037,3.397,9.921,6.827
1676495479.0687933,50,6.356,3.467,6.235,4.857,8.692,5.540,3.718,10.967,7.529
1676495480.071267,50,6.357,3.468,6.236,4.859,8.694,5.542,3.720,10.969,7.531
1676495481.0818808,50,6.359,3.470,6.238,4.861,8.696,5.544,3.721,10.971,7.533
1676495482.117447,51,6.477,3.531,6.354,4.949,8.861,5.646,3.787,11.181,7.675
1676495483.1310809,55,6.949,3.771,6.816,5.301,9.519,6.052,4.048,12.022,8.240
1676495484.1567857,52,6.603,3.599,6.477,5.045,9.033,5.755,3.860,11.399,7.824
1676495485.1674864,52,6.606,3.601,6.480,5.047,9.036,5.758,3.863,11.402,7.826
1676495486.199275,53,6.726,3.664,6.598,5.138,9.203,5.862,3.930,11.614,7.970
1676495487.2404668,53,6.730,3.668,6.602,5.142,9.207,5.866,3.934,11.618,7.974
1676495488.2677162,53,6.733,3.671,6.605,5.145,9.210,5.869,3.937,11.622,7.978
1676495489.3094761,52,6.619,3.615,6.493,5.061,9.049,5.771,3.876,11.415,7.840
1676495490.3345654,49,6.270,3.439,6.151,4.801,8.560,5.471,3.685,10.789,7.420
1676495491.3582659,49,6.271,3.440,6.152,4.803,8.561,5.472,3.686,10.790,7.421
1676495492.3625736,52,6.622,3.618,6.496,5.064,9.053,5.775,3.879,11.419,7.843
1676495493.3655117,52,6.625,3.621,6.499,5.067,9.055,5.777,3.882,11.421,7.846
1676495494.3941343,52,6.627,3.623,6.501,5.069,9.058,5.779,3.884,11.423,7.848
1676495495.4709659,47,6.044,3.328,5.930,4.635,8.240,5.277,3.564,10.379,7.147
1676495496.5026083,47,6.043,3.328,5.929,4.635,8.239,5.277,3.564,10.378,7.146
1676495497.5245762,52,6.628,3.624,6.502,5.070,9.058,5.780,3.885,11.424,7.849
1676495498.5605998,50,6.396,3.507,6.275,4.898,8.733,5.581,3.758,11.008,7.570
1676495499.5713978,50,6.398,3.509,6.277,4.899,8.734,5.582,3.760,11.009,7.572
1676495500.5963833,51,6.517,3.571,6.394,4.989,8.901,5.686,3.827,11.221,7.714
1676495501.6346405,49,6.284,3.453,6.165,4.815,8.574,5.485,3.699,10.803,7.434
1676495502.6459713,49,6.284,3.453,6.165,4.816,8.574,5.485,3.699,10.803,7.434
1676495503.6586864,49,6.284,3.453,6.166,4.816,8.574,5.485,3.699,10.804,7.435
1676495504.691249,49,6.285,3.454,6.166,4.817,8.575,5.486,3.700,10.804,7.435
1676495505.7193553,53,6.755,3.693,6.626,5.166,9.232,5.890,3.959,11.643,7.999
1676495506.759273,52,6.642,3.638,6.516,5.084,9.073,5.794,3.899,11.438,7.863
1676495507.7625797,52,6.647,3.642,6.521,5.088,9.077,5.799,3.903,11.443,7.867
1676495508.7743328,51,6.533,3.586,6.409,5.005,8.916,5.701,3.842,11.237,7.730
1676495509.7952218,49,6.300,3.469,6.181,4.831,8.590,5.501,3.715,10.819,7.450
1676495510.8385131,49,6.302,3.471,6.183,4.833,8.592,5.503,3.717,10.821,7.452
1676495511.9226575,47,6.068,3.352,5.954,4.659,8.264,5.301,3.588,10.403,7.171
1676495512.970739,47,6.067,3.352,5.953,4.659,8.264,5.301,3.588,10.402,7.170
1676495513.992629,54,6.889,3.769,6.758,5.271,9.412,6.008,4.040,11.869,8.157
1676495515.023072,53,6.775,3.713,6.647,5.187,9.252,5.911,3.979,11.664,8.020
1676495516.0459492,50,6.427,3.538,6.306,4.928,8.763,5.611,3.789,11.038,7.600
1676495517.0794013,50,6.427,3.539,6.306,4.929,8.764,5.612,3.790,11.039,7.601
1676495518.0912943,54,6.899,3.780,6.769,5.281,9.423,6.019,4.051,11.880,8.167
1676495519.111272,52,6.670,3.666,6.544,5.112,9.100,5.822,3.927,11.466,7.891
1676495520.134572,52,6.673,3.669,6.547,5.115,9.104,5.825,3.930,11.469,7.894
1676495521.1484964,54,6.911,3.791,6.780,5.293,9.435,6.030,4.062,11.892,8.179
1676495522.212036,48,6.213,3.439,6.096,4.774,8.456,5.430,3.681,10.640,7.340
1676495523.2387147,48,6.212,3.439,6.096,4.774,8.456,5.430,3.680,10.640,7.339
1676495524.2539904,52,6.683,3.678,6.557,5.124,9.113,5.835,3.939,11.479,7.903
1676495525.2668006,52,6.687,3.682,6.561,5.128,9.117,5.839,3.944,11.483,7.907
1676495526.2936854,49,6.338,3.507,6.219,4.870,8.628,5.539,3.753,10.857,7.488
1676495527.3229306,49,6.340,3.509,6.221,4.871,8.630,5.541,3.755,10.859,7.490
1676495528.3501906,50,6.457,3.569,6.336,4.959,8.794,5.642,3.820,11.069,7.631
1676495529.3634167,50,6.459,3.570,6.338,4.961,8.796,5.644,3.822,11.071,7.634
1676495530.3934205,51,6.578,3.632,6.454,5.050,8.962,5.746,3.888,11.282,7.775
1676495531.4346223,50,6.463,3.575,6.342,4.965,8.800,5.648,3.826,11.075,7.637
1676495532.4947114,50,6.465,3.577,6.344,4.967,8.802,5.650,3.828,11.077,7.639
1676495533.545545,54,6.936,3.816,6.805,5.318,9.460,6.055,4.087,11.916,8.204
1676495534.578269,50,6.472,3.583,6.351,4.974,8.809,5.657,3.834,11.084,7.646
1676495535.6193311,50,6.473,3.584,6.352,4.975,8.810,5.658,3.835,11.085,7.647
1676495536.678722,50,6.474,3.585,6.353,4.976,8.811,5.659,3.837,11.086,7.648
1676495537.7290301,50,6.474,3.586,6.353,4.976,8.811,5.659,3.837,11.086,7.648
1676495538.8106596,48,6.241,3.467,6.124,4.802,8.484,5.458,3.709,10.668,7.368
1676495539.8427382,48,6.241,3.468,6.125,4.802,8.484,5.458,3.709,10.668,7.368
1676495540.8472092,54,6.944,3.825,6.814,5.326,9.468,6.063,4.095,11.924,8.212
1676495541.8637621,54,6.948,3.829,6.818,5.330,9.472,6.068,4.100,11.929,8.216
1676495542.8968582,52,6.717,3.713,6.591,5.159,9.147,5.869,3.974,11.513,7.938
1676495543.9134583,52,6.720,3.716,6.594,5.162,9.150,5.872,3.977,11.516,7.941
1676495544.949857,50,6.487,3.598,6.366,4.989,8.824,5.672,3.850,11.099,7.661
1676495545.9723794,50,6.489,3.600,6.368,4.991,8.826,5.673,3.851,11.100,7.663
1676495546.9853203,52,6.724,3.720,6.598,5.166,9.154,5.876,3.981,11.520,7.945
1676495547.998372,51,6.609,3.662,6.485,5.080,8.992,5.777,3.918,11.313,7.806
1676495549.0177975,51,6.610,3.664,6.487,5.082,8.994,5.779,3.920,11.314,7.808
1676495550.0454895,53,6.846,3.784,6.718,5.258,9.323,5.982,4.051,11.735,8.091
1676495551.1126997,48,6.262,3.489,6.146,4.824,8.506,5.480,3.730,10.689,7.389
1676495552.1377826,48,6.264,3.491,6.148,4.826,8.507,5.481,3.732,10.691,7.391
1676495553.150339,51,6.614,3.668,6.491,5.086,8.998,5.783,3.924,11.318,7.812
1676495554.185348,52,6.734,3.730,6.608,5.176,9.164,5.886,3.991,11.530,7.955
1676495555.1992688,55,7.089,3.912,6.956,5.441,9.660,6.192,4.190,12.164,8.382
1676495556.2474942,49,6.391,3.560,6.272,4.923,8.681,5.592,3.806,10.910,7.541
1676495557.2605553,49,6.392,3.561,6.274,4.924,8.682,5.593,3.808,10.912,7.543
1676495558.2739725,50,6.511,3.622,6.390,5.013,8.848,5.696,3.873,11.123,7.685
1676495559.298281,49,6.395,3.565,6.277,4.927,8.685,5.596,3.811,10.915,7.546
1676495560.328997,49,6.399,3.568,6.280,4.931,8.689,5.600,3.814,10.918,7.549
1676495561.36337,53,6.868,3.806,6.739,5.279,9.345,6.003,4.072,11.756,8.112
1676495562.40984,52,6.756,3.752,6.630,5.198,9.187,5.908,4.013,11.552,7.977
1676495563.4506028,52,6.759,3.755,6.633,5.201,9.190,5.911,4.016,11.555,7.980
1676495564.4866877,54,6.997,3.879,6.868,5.381,9.523,6.119,4.151,11.980,8.267
1676495565.5136008,54,7.003,3.883,6.872,5.384,9.526,6.122,4.154,11.983,8.270
1676495566.5175924,58,7.478,4.127,7.337,5.740,10.188,6.532,4.418,12.827,8.839
1676495567.547232,54,7.016,3.896,6.885,5.397,9.539,6.135,4.167,11.996,8.283
1676495568.5647414,52,6.783,3.779,6.657,5.225,9.214,5.935,4.040,11.579,8.004
1676495569.5791578,52,6.785,3.781,6.659,5.227,9.215,5.937,4.042,11.581,8.006
1676495570.6058302,51,6.668,3.722,6.545,5.140,9.052,5.837,3.978,11.372,7.866
1676495571.6173542,51,6.669,3.722,6.545,5.140,9.052,5.837,3.978,11.372,7.866
1676495572.657839,52,6.786,3.781,6.660,5.227,9.216,5.938,4.043,11.582,8.006
1676495573.6712387,56,7.257,4.020,7.119,5.577,9.872,6.342,4.301,12.420,8.570
1676495574.701333,52,6.789,3.785,6.663,5.231,9.219,5.941,4.046,11.585,8.010
1676495575.7143555,52,6.789,3.785,6.663,5.231,9.220,5.941,4.046,11.585,8.010
1676495576.7390673,53,6.907,3.845,6.779,5.319,9.384,6.043,4.112,11.796,8.152
1676495577.764444,53,6.909,3.847,6.781,5.321,9.386,6.045,4.114,11.798,8.154
1676495578.7673526,53,6.912,3.850,6.783,5.323,9.389,6.047,4.116,11.800,8.156
1676495579.795541,53,6.915,3.853,6.786,5.326,9.392,6.050,4.119,11.803,8.159
1676495580.8634212,49,6.450,3.619,6.331,4.982,8.740,5.651,3.865,10.969,7.600
1676495581.9073353,49,6.450,3.617,6.330,4.980,8.738,5.649,3.863,10.968,7.599
1676495582.93716,54,7.036,3.916,6.905,5.418,9.560,6.156,4.188,12.017,8.304
1676495583.939252,54,7.040,3.920,6.909,5.421,9.563,6.159,4.191,12.020,8.307
1676495584.9513357,54,7.042,3.923,6.912,5.424,9.566,6.162,4.194,12.023,8.310
1676495585.9807787,52,6.811,3.807,6.686,5.253,9.242,5.964,4.068,11.608,8.032
1676495587.0157046,52,6.813,3.809,6.687,5.255,9.244,5.965,4.070,11.609,8.034
1676495588.0288649,56,7.284,4.049,7.149,5.606,9.902,6.371,4.330,12.449,8.599
1676495589.0455024,54,7.053,3.933,6.922,5.435,9.576,6.172,4.204,12.033,8.321
1676495590.0485523,54,7.058,3.938,6.927,5.439,9.581,6.177,4.209,12.038,8.325
1676495591.0805054,54,7.059,3.939,6.928,5.441,9.583,6.178,4.210,12.040,8.327
1676495592.1294386,53,6.946,3.884,6.818,5.358,9.423,6.082,4.151,11.835,8.191
1676495593.1404054,53,6.947,3.885,6.819,5.359,9.424,6.083,4.151,11.835,8.191
1676495594.1779563,50,6.597,3.708,6.476,5.098,8.933,5.781,3.959,11.208,7.770
1676495595.2193294,50,6.598,3.710,6.477,5.100,8.935,5.783,3.961,11.210,7.772
1676495596.243255,54,7.067,3.948,6.937,5.449,9.591,6.187,4.219,12.048,8.335
1676495597.2462165,54,7.070,3.950,6.939,5.452,9.594,6.190,4.222,12.051,8.338
1676495598.258768,54,7.071,3.953,6.942,5.454,9.596,6.192,4.224,12.053,8.340
1676495599.2894957,52,6.837,3.833,6.711,5.279,9.267,5.989,4.094,11.633,8.058
1676495600.317639,52,6.841,3.837,6.715,5.283,9.271,5.993,4.098,11.637,8.062
1676495601.3216813,55,7.194,4.017,7.061,5.546,9.765,6.297,4.293,12.267,8.485
1676495602.3478215,55,7.194,4.016,7.061,5.546,9.764,6.297,4.292,12.267,8.485
1676495603.3905375,53,6.963,3.901,6.834,5.375,9.440,6.099,4.167,11.851,8.207
1676495604.4296005,53,6.966,3.904,6.838,5.378,9.443,6.102,4.170,11.854,8.210
1676495605.503357,50,6.616,3.727,6.495,5.118,8.953,5.801,3.978,11.228,7.790
1676495606.5312726,47,6.267,3.552,6.153,4.859,8.464,5.501,3.788,10.602,7.371
1676495607.5622058,47,6.265,3.549,6.151,4.856,8.461,5.498,3.785,10.600,7.368
1676495608.610879,45,6.029,3.429,5.920,4.680,8.132,5.295,3.655,10.179,7.085
1676495609.6442115,45,6.026,3.426,5.917,4.678,8.129,5.292,3.652,10.177,7.083
1676495610.6648138,50,6.610,3.721,6.489,5.111,8.947,5.794,3.972,11.221,7.784
1676495611.6945858,52,6.846,3.839,6.717,5.285,9.273,5.998,4.103,11.642,8.067
1676495612.7228184,52,6.848,3.844,6.722,5.290,9.278,6.000,4.105,11.644,8.069
1676495613.7340813,51,6.731,3.788,6.610,5.206,9.117,5.902,4.044,11.438,7.931
1676495614.7463415,51,6.734,3.787,6.610,5.205,9.117,5.902,4.043,11.437,7.931
1676495615.7808213,48,6.386,3.613,6.270,4.948,8.630,5.604,3.854,10.814,7.513
1676495616.7838905,48,6.387,3.614,6.271,4.949,8.630,5.604,3.855,10.814,7.514
1676495617.8046699,48,6.385,3.612,6.269,4.947,8.629,5.603,3.853,10.813,7.512
1676495618.8313909,47,6.269,3.553,6.155,4.860,8.465,5.502,3.789,10.604,7.372
1676495619.875409,47,6.268,3.553,6.155,4.860,8.465,5.502,3.789,10.603,7.372
1676495620.8892522,53,6.973,3.911,6.844,5.385,9.450,6.109,4.177,11.861,8.217
1676495621.9012258,53,6.980,3.918,6.852,5.392,9.457,6.113,4.182,11.868,8.222
1676495622.951375,48,6.395,3.622,6.279,4.957,8.639,5.613,3.863,10.823,7.522
1676495623.9647315,47,6.281,3.564,6.167,4.873,8.478,5.515,3.802,10.616,7.384
1676495625.0186887,47,6.280,3.564,6.166,4.871,8.476,5.513,3.801,10.615,7.383
1676495626.0392566,55,7.221,4.042,7.086,5.571,9.790,6.322,4.318,12.292,8.510
1676495627.078727,50,6.639,3.750,6.517,5.140,8.977,5.825,4.003,11.252,7.814
1676495628.0906425,50,6.643,3.755,6.522,5.145,8.980,5.828,4.006,11.255,7.817
1676495629.1233785,51,6.762,3.816,6.639,5.234,9.146,5.931,4.072,11.466,7.960
1676495630.1528547,52,6.880,3.878,6.756,5.324,9.313,6.034,4.139,11.678,8.103
1676495631.1724052,50,6.652,3.762,6.529,5.152,8.987,5.835,4.013,11.262,7.824
1676495632.1977592,50,6.654,3.763,6.533,5.155,8.991,5.838,4.016,11.265,7.828
1676495633.2192204,53,7.005,3.943,6.877,5.417,9.482,6.141,4.209,11.894,8.249
1676495634.2473967,52,6.892,3.890,6.768,5.336,9.324,6.046,4.151,11.690,8.115
1676495635.2793434,52,6.895,3.891,6.769,5.337,9.326,6.047,4.152,11.691,8.116
1676495636.293188,55,7.252,4.075,7.119,5.604,9.823,6.355,4.351,12.325,8.543
1676495637.3290296,51,6.788,3.841,6.664,5.259,9.171,5.956,4.097,11.492,7.985
1676495638.3506,51,6.788,3.842,6.665,5.260,9.172,5.957,4.098,11.492,7.986
1676495639.3800786,50,6.674,3.785,6.553,5.176,9.011,5.859,4.036,11.286,7.848
1676495640.3910077,50,6.673,3.784,6.552,5.175,9.010,5.858,4.036,11.285,7.847
1676495641.4067264,51,6.792,3.846,6.669,5.264,9.176,5.961,4.102,11.496,7.990
1676495642.4304242,52,6.909,3.905,6.783,5.351,9.339,6.061,4.166,11.705,8.130
1676495643.4541774,52,6.914,3.907,6.786,5.354,9.342,6.064,4.169,11.708,8.133
1676495644.4984426,47,6.327,3.611,6.213,4.918,8.523,5.560,3.848,10.662,7.430
1676495645.5233,47,6.327,3.609,6.213,4.916,8.523,5.560,3.848,10.662,7.430
1676495646.5618174,50,6.678,3.789,6.557,5.180,9.015,5.863,4.041,11.290,7.852
1676495647.583263,54,7.147,4.027,7.016,5.529,9.670,6.266,4.298,12.127,8.414
1676495648.6123323,51,6.799,3.853,6.676,5.271,9.183,5.968,4.109,11.503,7.997
1676495649.6415138,51,6.803,3.857,6.680,5.275,9.187,5.972,4.113,11.507,8.000
1676495650.6559494,55,7.273,4.095,7.139,5.625,9.843,6.376,4.371,12.345,8.564
1676495651.6609068,56,7.394,4.159,7.259,5.716,10.014,6.483,4.442,12.559,8.711
1676495652.6965525,56,7.402,4.166,7.266,5.724,10.019,6.488,4.448,12.567,8.716
1676495653.7450051,56,7.407,4.172,7.271,5.729,10.024,6.494,4.453,12.572,8.722
1676495654.7552638,55,7.292,4.115,7.159,5.644,9.863,6.395,4.391,12.365,8.584
1676495655.8032272,49,6.592,3.761,6.475,5.125,8.884,5.795,4.009,11.113,7.744
1676495656.8574512,49,6.592,3.761,6.473,5.124,8.882,5.793,4.007,11.111,7.742
1676495657.861301,56,7.411,4.176,7.276,5.733,10.028,6.498,4.457,12.576,8.726
1676495658.8755858,56,7.414,4.179,7.279,5.736,10.032,6.501,4.460,12.579,8.729
1676495659.9592226,47,6.362,3.647,6.248,4.954,8.559,5.596,3.883,10.697,7.466
1676495660.9701514,46,6.242,3.584,6.131,4.864,8.392,5.492,3.815,10.485,7.322
1676495661.9993486,46,6.237,3.580,6.126,4.859,8.387,5.487,3.811,10.480,7.317
1676495663.018822,50,6.703,3.815,6.582,5.205,9.040,5.888,4.066,11.315,7.877
1676495664.0397966,52,6.936,3.934,6.812,5.378,9.366,6.088,4.193,11.732,8.157
1676495665.0704741,54,7.174,4.055,7.044,5.556,9.698,6.294,4.326,12.155,8.442
1676495666.140877,50,6.709,3.820,6.588,5.211,9.046,5.894,4.071,11.321,7.883
1676495667.1953828,44,6.006,3.464,5.899,4.687,8.062,5.288,3.685,10.064,7.039
1676495668.2326498,44,6.003,3.461,5.896,4.684,8.059,5.285,3.682,10.061,7.036
1676495669.2463045,49,6.586,3.755,6.467,5.118,8.876,5.787,4.001,11.105,7.736
1676495670.2663243,49,6.584,3.753,6.466,5.116,8.874,5.785,4.000,11.104,7.735
1676495671.3425148,43,5.881,3.397,5.777,4.593,7.891,5.180,3.613,9.847,6.891
1676495672.3714902,43,5.880,3.396,5.776,4.592,7.890,5.179,3.612,9.846,6.890
1676495673.4165661,48,6.462,3.689,6.346,5.024,8.706,5.680,3.930,10.889,7.589
1676495674.4739914,48,6.463,3.690,6.347,5.025,8.706,5.680,3.931,10.890,7.590
1676495675.499464,48,6.466,3.693,6.350,5.028,8.710,5.684,3.934,10.894,7.593
1676495676.5125096,50,6.700,3.811,6.579,5.202,9.037,5.885,4.062,11.312,7.874
1676495677.5244038,50,6.702,3.816,6.583,5.206,9.041,5.889,4.067,11.316,7.878
1676495678.5380714,51,6.823,3.876,6.699,5.295,9.206,5.991,4.132,11.527,8.020
1676495679.5535293,52,6.945,3.941,6.820,5.387,9.376,6.098,4.202,11.742,8.166
1676495680.5822763,50,6.712,3.824,6.591,5.214,9.049,5.897,4.075,11.324,7.886
1676495681.605974,50,6.718,3.829,6.597,5.219,9.054,5.902,4.080,11.329,7.892
1676495682.6180532,52,6.953,3.949,6.828,5.395,9.384,6.106,4.210,11.750,8.174
1676495683.6559925,48,6.489,3.716,6.372,5.050,8.732,5.706,3.957,10.916,7.616
1676495684.6907103,48,6.491,3.718,6.375,5.053,8.735,5.709,3.959,10.918,7.618
1676495685.7233853,50,6.724,3.835,6.603,5.226,9.061,5.909,4.087,11.336,7.898
1676495686.741704,48,6.493,3.720,6.376,5.054,8.736,5.710,3.961,10.920,7.620
1676495687.7732692,48,6.495,3.722,6.379,5.057,8.739,5.713,3.963,10.922,7.622
1676495688.80742,53,7.082,4.020,6.953,5.493,9.559,6.217,4.286,11.970,8.326
1676495689.8782637,49,6.619,3.786,6.498,5.149,8.907,5.818,4.032,11.136,7.767
1676495690.905451,49,6.620,3.789,6.502,5.152,8.910,5.821,4.035,11.140,7.771
1676495691.9269378,51,6.855,3.909,6.732,5.327,9.239,6.023,4.165,11.559,8.052
1676495692.9452348,49,6.622,3.791,6.504,5.154,8.912,5.823,4.038,11.142,7.773
1676495693.9573944,49,6.623,3.793,6.505,5.155,8.913,5.824,4.039,11.143,7.774
1676495694.962284,50,6.742,3.853,6.621,5.244,9.079,5.927,4.105,11.355,7.918
1676495695.987493,50,6.746,3.857,6.625,5.248,9.083,5.930,4.108,11.357,7.920
1676495697.0033739,52,6.982,3.976,6.855,5.422,9.411,6.133,4.237,11.777,8.203
1676495698.0369036,52,6.984,3.980,6.858,5.426,9.415,6.137,4.241,11.781,8.205
1676495699.0865335,51,6.870,3.924,6.747,5.342,9.254,6.039,4.180,11.574,8.068
1676495700.106998,51,6.873,3.926,6.749,5.344,9.256,6.041,4.182,11.576,8.070
1676495701.145776,49,6.641,3.810,6.522,5.173,8.931,5.842,4.056,11.160,7.791
1676495702.1564634,48,6.525,3.752,6.408,5.086,8.768,5.742,3.993,10.952,7.652
1676495703.159292,48,6.525,3.752,6.409,5.087,8.768,5.742,3.993,10.952,7.652
1676495704.2155786,48,6.528,3.755,6.411,5.089,8.771,5.745,3.996,10.955,7.655
1676495705.2608228,51,6.878,3.932,6.755,5.350,9.262,6.047,4.188,11.582,8.076
1676495706.285369,51,6.882,3.936,6.759,5.354,9.266,6.051,4.192,11.586,8.080
1676495707.3249702,49,6.653,3.822,6.534,5.185,8.943,5.854,4.068,11.172,7.803
1676495708.358709,49,6.652,3.821,6.533,5.183,8.942,5.853,4.067,11.171,7.802
1676495709.3712463,52,7.005,4.004,6.879,5.450,9.438,6.160,4.265,11.804,8.229
1676495710.3984017,49,6.656,3.825,6.538,5.188,8.946,5.857,4.072,11.176,7.807
1676495711.4113595,48,6.540,3.767,6.424,5.102,8.783,5.757,4.008,10.967,7.667
1676495712.4227574,48,6.543,3.770,6.426,5.104,8.786,5.760,4.011,10.970,7.670
1676495713.4369466,48,6.541,3.767,6.424,5.102,8.784,5.758,4.008,10.968,7.667
1676495714.455349,48,6.540,3.767,6.424,5.102,8.784,5.758,4.008,10.968,7.667
1676495715.48195,47,6.423,3.708,6.309,5.015,8.622,5.659,3.946,10.761,7.529
1676495716.5114057,47,6.422,3.707,6.308,5.014,8.619,5.656,3.943,10.757,7.525
1676495717.5593395,47,6.422,3.707,6.308,5.014,8.619,5.656,3.943,10.757,7.526
1676495718.5969782,47,6.422,3.707,6.308,5.014,8.619,5.656,3.943,10.757,7.526
1676495719.6177406,51,6.892,3.948,6.771,5.366,9.278,6.063,4.204,11.598,8.092
1676495720.6646395,46,6.309,3.651,6.198,4.931,8.459,5.559,3.883,10.552,7.389
1676495721.6966798,46,6.311,3.654,6.200,4.933,8.461,5.561,3.885,10.554,7.391
1676495722.706829,51,6.898,3.951,6.774,5.369,9.281,6.066,4.207,11.602,8.095
1676495723.733254,49,6.663,3.833,6.545,5.195,8.953,5.864,4.079,11.183,7.814
1676495724.7434657,49,6.666,3.835,6.547,5.197,8.956,5.867,4.081,11.185,7.816
1676495725.7485144,50,6.785,3.897,6.664,5.287,9.122,5.970,4.148,11.397,7.959
1676495726.7788754,50,6.789,3.900,6.668,5.290,9.125,5.973,4.151,11.400,7.962
1676495727.8112757,51,6.911,3.965,6.788,5.383,9.295,6.079,4.221,11.615,8.108
1676495728.833505,49,6.677,3.847,6.559,5.209,8.967,5.878,4.093,11.197,7.828
1676495729.8724377,45,6.213,3.613,6.104,4.864,8.316,5.479,3.839,10.363,7.269
1676495730.933532,45,6.211,3.611,6.102,4.863,8.314,5.477,3.837,10.361,7.267
1676495731.9548385,54,7.266,4.146,7.135,5.648,9.790,6.386,4.418,12.247,8.534
1676495732.9912577,50,6.803,3.914,6.682,5.305,9.140,5.988,4.166,11.415,7.977
1676495734.0272424,46,6.334,3.679,6.225,4.958,8.486,5.586,3.910,10.579,7.416
1676495735.0576553,46,6.334,3.676,6.222,4.955,8.483,5.584,3.907,10.576,7.414
1676495736.0705872,50,6.802,3.916,6.684,5.306,9.141,5.989,4.167,11.416,7.979
1676495737.0989194,48,6.570,3.800,6.456,5.134,8.816,5.790,4.038,10.997,7.697
1676495738.1175704,48,6.571,3.798,6.455,5.133,8.815,5.789,4.039,10.998,7.698
1676495739.1306465,49,6.692,3.861,6.573,5.224,8.982,5.893,4.107,11.211,7.842
1676495740.1434958,49,6.691,3.860,6.572,5.223,8.981,5.892,4.106,11.211,7.842
1676495741.1584485,50,6.811,3.925,6.693,5.316,9.151,5.999,4.176,11.425,7.988
1676495742.1629899,51,6.931,3.988,6.811,5.406,9.318,6.103,4.244,11.638,8.132
1676495743.187458,51,6.935,3.988,6.811,5.407,9.318,6.103,4.245,11.639,8.132
1676495744.2346613,48,6.589,3.815,6.472,5.150,8.832,5.806,4.057,11.016,7.715
1676495745.2530596,46,6.356,3.698,6.244,4.977,8.505,5.606,3.929,10.598,7.436
1676495746.2552528,46,6.356,3.696,6.242,4.978,8.506,5.606,3.930,10.599,7.436
1676495747.2670145,45,6.237,3.637,6.128,4.888,8.340,5.503,3.863,10.387,7.293
1676495748.2927806,45,6.238,3.639,6.129,4.890,8.342,5.505,3.865,10.389,7.295
1676495749.3248954,45,6.239,3.636,6.127,4.888,8.339,5.502,3.862,10.387,7.293
1676495750.3458202,45,6.236,3.636,6.127,4.887,8.339,5.502,3.862,10.386,7.292
1676495751.3695774,47,6.471,3.755,6.357,5.062,8.667,5.704,3.991,10.805,7.574
1676495752.3992777,47,6.475,3.760,6.361,5.067,8.669,5.706,3.993,10.807,7.576
1676495753.4182477,45,6.242,3.642,6.133,4.893,8.345,5.508,3.868,10.392,7.298
1676495754.430514,45,6.239,3.639,6.130,4.891,8.342,5.505,3.865,10.390,7.296
1676495755.4355607,46,6.359,3.701,6.247,4.980,8.509,5.609,3.932,10.602,7.439
1676495756.4486256,46,6.357,3.700,6.246,4.979,8.507,5.607,3.931,10.600,7.437
1676495757.5032518,41,5.775,3.406,5.675,4.546,7.691,5.106,3.612,9.556,6.737
1676495758.5366845,41,5.773,3.405,5.674,4.545,7.690,5.105,3.611,9.555,6.736
1676495759.5414717,46,6.358,3.700,6.246,4.979,8.508,5.608,3.931,10.600,7.438
1676495760.5595021,46,6.360,3.702,6.248,4.981,8.510,5.610,3.933,10.603,7.440
1676495761.582481,48,6.597,3.824,6.480,5.158,8.840,5.814,4.065,11.024,7.724
1676495762.6204903,46,6.366,3.708,6.255,4.988,8.516,5.616,3.939,10.609,7.446
1676495763.633103,46,6.366,3.708,6.254,4.987,8.515,5.616,3.939,10.608,7.446
1676495764.6450853,46,6.371,3.713,6.259,4.992,8.521,5.621,3.944,10.614,7.451
1676495765.6570466,45,6.256,3.656,6.147,4.908,8.359,5.522,3.882,10.406,7.312
1676495766.6816123,45,6.255,3.655,6.146,4.910,8.361,5.524,3.884,10.408,7.314
1676495767.7192395,44,6.139,3.597,6.033,4.821,8.195,5.422,3.818,10.197,7.172
1676495768.7577546,40,5.673,3.362,5.576,4.475,7.543,5.021,3.563,9.363,6.612
1676495769.7914479,40,5.671,3.357,5.574,4.472,7.540,5.019,3.561,9.360,6.610
1676495770.826877,41,5.783,3.417,5.683,4.554,7.699,5.114,3.620,9.564,6.745
1676495771.8531458,41,5.783,3.415,5.684,4.555,7.700,5.115,3.621,9.565,6.746
1676495772.9048088,38,5.427,3.232,5.335,4.288,7.203,4.807,3.423,8.932,6.319
1676495773.9461865,38,5.426,3.231,5.334,4.288,7.202,4.807,3.422,8.931,6.318
1676495774.9500716,45,6.244,3.644,6.135,4.896,8.347,5.511,3.870,10.395,7.301
1676495775.9859614,41,5.777,3.408,5.678,4.548,7.693,5.108,3.614,9.558,6.739
1676495776.99683,41,5.776,3.408,5.677,4.548,7.693,5.108,3.614,9.558,6.739
1676495778.0007942,42,5.890,3.468,5.793,4.636,7.857,5.209,3.679,9.768,6.880
1676495779.0377722,42,5.895,3.468,5.793,4.636,7.858,5.210,3.679,9.769,6.881
1676495780.0690992,44,6.126,3.583,6.019,4.807,8.182,5.408,3.804,10.184,7.159
1676495781.095238,41,5.776,3.407,5.677,4.551,7.692,5.112,3.617,9.562,6.743
1676495782.0980983,41,5.777,3.408,5.678,4.548,7.693,5.108,3.614,9.562,6.743
1676495783.1092246,41,5.781,3.408,5.678,4.548,7.693,5.108,3.614,9.558,6.739
1676495784.1217432,42,5.898,3.472,5.796,4.639,7.861,5.213,3.682,9.772,6.884
1676495785.1433897,41,5.782,3.410,5.683,4.554,7.698,5.114,3.619,9.564,6.745
1676495786.1753736,41,5.783,3.414,5.684,4.555,7.699,5.115,3.620,9.565,6.746
1676495787.1803486,46,6.371,3.714,6.260,4.993,8.521,5.621,3.945,10.614,7.451
1676495788.2210438,42,5.903,3.476,5.801,4.644,7.866,5.218,3.687,9.776,6.889
1676495789.250596,39,5.557,3.304,5.462,4.384,7.380,4.917,3.496,9.150,6.469
1676495790.2674587,39,5.553,3.299,5.458,4.384,7.375,4.917,3.495,9.150,6.468
1676495791.2713618,41,5.787,3.418,5.687,4.558,7.703,5.118,3.624,9.568,6.749
1676495792.2913527,41,5.788,3.419,5.689,4.560,7.704,5.120,3.625,9.570,6.751
1676495793.3131697,41,5.790,3.425,5.694,4.565,7.710,5.125,3.631,9.575,6.756
1676495794.3242185,41,5.795,3.423,5.692,4.563,7.707,5.123,3.628,9.573,6.754
1676495795.3374343,41,5.792,3.424,5.697,4.568,7.712,5.128,3.633,9.578,6.759
1676495796.3393354,41,5.794,3.425,5.694,4.565,7.710,5.125,3.631,9.575,6.756
1676495797.3953948,35,5.091,3.068,5.006,4.042,6.730,4.524,3.248,8.323,5.916
1676495798.4052763,35,5.087,3.069,5.006,4.042,6.727,4.520,3.245,8.319,5.913
1676495799.4257896,36,5.201,3.121,5.114,4.122,6.883,4.614,3.302,8.521,6.046
1676495800.456771,38,5.433,3.238,5.341,4.295,7.209,4.814,3.429,8.938,6.325
1676495801.4622884,42,5.906,3.480,5.805,4.648,7.869,5.221,3.691,9.780,6.892
1676495802.50191,38,5.436,3.244,5.344,4.297,7.212,4.816,3.431,8.940,6.328
1676495803.5136957,37,5.322,3.180,5.228,4.209,7.047,4.715,3.370,8.731,6.191
1676495804.5166264,37,5.322,3.184,5.232,4.213,7.051,4.718,3.370,8.734,6.190
1676495805.5273097,36,5.200,3.120,5.113,4.121,6.882,4.613,3.301,8.520,6.045
1676495806.5302563,36,5.202,3.119,5.111,4.120,6.881,4.615,3.303,8.523,6.048
1676495807.5334473,36,5.197,3.117,5.110,4.119,6.880,4.610,3.298,8.518,6.042
1676495808.5364156,36,5.197,3.117,5.109,4.118,6.879,4.610,3.298,8.517,6.042
1676495809.5486157,35,5.083,3.057,4.994,4.030,6.715,4.508,3.233,8.307,5.901
1676495810.5671248,33,4.844,2.941,4.767,3.859,6.390,4.309,3.107,7.891,5.622
1676495811.6092849,33,4.845,2.935,4.765,3.856,6.388,4.307,3.104,7.889,5.620
1676495812.6580136,34,4.957,2.996,4.878,3.942,6.550,4.406,3.167,8.097,5.759
1676495813.6783044,34,4.960,2.992,4.874,3.938,6.545,4.402,3.163,8.092,5.755
1676495814.6908734,35,5.073,3.051,4.989,4.025,6.709,4.503,3.227,8.302,5.895
1676495815.7128272,33,4.844,2.937,4.764,3.855,6.386,4.306,3.103,7.888,5.619
1676495816.7343984,33,4.839,2.932,4.759,3.850,6.381,4.300,3.098,7.882,5.613
1676495817.739163,35,5.073,3.051,4.988,4.024,6.709,4.502,3.227,8.301,5.895
1676495818.7595203,35,5.079,3.057,4.994,4.030,6.715,4.508,3.233,8.307,5.901
1676495819.7897675,34,4.963,2.999,4.881,3.945,6.552,4.409,3.170,8.099,5.762
1676495820.8108683,34,4.959,2.995,4.877,3.940,6.548,4.405,3.166,8.095,5.757
1676495821.8408496,36,5.200,3.120,5.113,4.121,6.883,4.613,3.301,8.520,6.045
1676495822.8613348,40,5.667,3.356,5.570,4.468,7.536,5.014,3.557,9.356,6.606
1676495823.8902454,39,5.554,3.301,5.460,4.386,7.377,4.918,3.497,9.151,6.470
1676495824.9425173,33,4.859,2.953,4.779,3.871,6.402,4.321,3.119,7.903,5.634
1676495825.9713428,33,4.859,2.952,4.779,3.870,6.401,4.321,3.118,7.903,5.634
1676495826.975259,37,5.323,3.190,5.238,4.219,7.057,4.720,3.371,8.736,6.192
1676495827.9859757,36,5.208,3.128,5.121,4.129,6.890,4.621,3.309,8.528,6.053
1676495829.011152,36,5.210,3.130,5.122,4.131,6.892,4.623,3.311,8.530,6.055
1676495830.0158024,39,5.568,3.315,5.473,4.399,7.390,4.932,3.510,9.165,6.483
1676495831.0575438,35,5.102,3.080,5.018,4.054,6.738,4.532,3.256,8.330,5.919
1676495832.0794704,35,5.098,3.076,5.014,4.050,6.734,4.528,3.252,8.327,5.920
1676495833.1206496,33,4.869,2.962,4.789,3.880,6.411,4.331,3.128,7.913,5.644
1676495834.13143,33,4.862,2.956,4.782,3.873,6.404,4.324,3.121,7.906,5.637
1676495835.1535604,34,4.983,3.014,4.901,3.965,6.572,4.429,3.190,8.119,5.782
1676495836.1674354,36,5.218,3.138,5.131,4.139,6.900,4.631,3.319,8.538,6.063
1676495837.1712341,37,5.331,3.194,5.242,4.223,7.060,4.728,3.379,8.744,6.200
1676495838.2106917,32,4.752,2.903,4.675,3.793,6.248,4.230,3.064,7.703,5.503
1676495839.2233288,31,4.629,2.838,4.554,3.700,6.078,4.124,2.994,7.488,5.357
1676495840.2343855,31,4.628,2.837,4.553,3.699,6.077,4.123,2.993,7.487,5.356
1676495841.256352,30,4.509,2.776,4.436,3.610,5.911,4.020,2.926,7.276,5.213
1676495842.274967,28,4.277,2.659,4.209,3.438,5.585,3.820,2.799,6.859,4.934
1676495843.2930598,28,4.267,2.649,4.199,3.428,5.576,3.810,2.790,6.850,4.924
1676495844.314723,30,4.504,2.770,4.431,3.605,5.906,4.014,2.921,7.271,5.208
1676495845.3362243,32,4.731,2.882,4.654,3.772,6.227,4.209,3.043,7.682,5.482
1676495846.3572798,32,4.737,2.888,4.659,3.778,6.233,4.215,3.049,7.688,5.488
1676495847.368287,31,4.615,2.824,4.540,3.686,6.064,4.110,2.980,7.474,5.343
1676495848.3808775,30,4.498,2.765,4.425,3.599,5.900,4.009,2.915,7.265,5.202
1676495849.4061422,30,4.498,2.764,4.425,3.599,5.900,4.009,2.915,7.265,5.202
1676495850.4211953,33,4.855,2.948,4.775,3.866,6.397,4.317,3.114,7.898,5.629
1676495851.4716747,29,4.382,2.706,4.311,3.513,5.737,3.909,2.852,7.056,5.062
1676495852.4932032,29,4.387,2.711,4.317,3.512,5.742,3.914,2.857,7.056,5.062
1676495853.512781,29,4.386,2.711,4.316,3.517,5.742,3.913,2.856,7.061,5.067
1676495854.540745,29,4.386,2.710,4.316,3.517,5.741,3.913,2.856,7.060,5.067
1676495855.5807376,29,4.385,2.704,4.309,3.511,5.735,3.907,2.850,7.054,5.060
1676495856.5942185,29,4.385,2.709,4.314,3.516,5.740,3.912,2.855,7.059,5.066
1676495857.6073833,29,4.384,2.708,4.313,3.515,5.739,3.911,2.854,7.058,5.065
1676495858.6101298,29,4.383,2.708,4.313,3.514,5.738,3.910,2.853,7.058,5.064
1676495859.6339736,29,4.382,2.707,4.312,3.513,5.738,3.909,2.852,7.057,5.063
1676495860.657172,32,4.728,2.880,4.651,3.769,6.224,4.206,3.040,7.680,5.480
1676495861.6933398,31,4.613,2.822,4.538,3.684,6.062,4.108,2.978,7.472,5.341
1676495862.7194126,31,4.614,2.823,4.539,3.685,6.063,4.109,2.979,7.474,5.342
1676495863.7704167,29,4.387,2.711,4.317,3.518,5.742,3.914,2.857,7.062,5.068
1676495864.7986526,29,4.387,2.712,4.317,3.518,5.742,3.914,2.857,7.062,5.068
1676495865.8113422,32,4.739,2.891,4.662,3.780,6.235,4.218,3.051,7.691,5.491
1676495866.8221364,32,4.742,2.893,4.665,3.783,6.238,4.220,3.054,7.694,5.493
1676495867.8273544,33,4.862,2.955,4.782,3.873,6.404,4.324,3.121,7.905,5.636
1676495868.8306394,33,4.865,2.958,4.785,3.876,6.407,4.327,3.124,7.908,5.633
1676495869.8703244,28,4.275,2.657,4.207,3.436,5.584,3.818,2.798,6.857,4.932
1676495870.9020946,28,4.280,2.662,4.212,3.441,5.589,3.823,2.803,6.862,4.937
1676495871.9234724,32,4.748,2.899,4.671,3.789,6.244,4.226,3.060,7.699,5.499
1676495872.9355958,31,4.632,2.841,4.557,3.703,6.081,4.127,2.997,7.491,5.360
1676495873.9465537,30,4.515,2.782,4.443,3.616,5.918,4.026,2.933,7.282,5.220
1676495874.969801,30,4.509,2.776,4.437,3.610,5.911,4.020,2.927,7.276,5.214
1676495875.9900274,33,4.867,2.960,4.787,3.878,6.409,4.329,3.126,7.911,5.642
1676495877.0102446,33,4.863,2.957,4.783,3.874,6.405,4.325,3.122,7.907,5.638
1676495878.0218604,32,4.754,2.906,4.677,3.795,6.250,4.233,3.066,7.706,5.506
1676495879.0404267,32,4.755,2.907,4.678,3.797,6.251,4.234,3.067,7.707,5.507
1676495880.0542727,34,4.992,3.027,4.909,3.973,6.581,4.437,3.198,8.128,5.790
1676495881.1071756,29,4.408,2.733,4.338,3.539,5.763,3.935,2.878,7.083,5.089
1676495882.1331465,26,4.055,2.552,3.992,3.275,5.270,3.631,2.683,6.453,4.665
1676495883.1660984,26,4.052,2.549,3.989,3.272,5.267,3.628,2.680,6.450,4.662
1676495884.1700745,32,4.752,2.903,4.675,3.793,6.248,4.230,3.064,7.704,5.503
1676495885.1912422,30,4.511,2.778,4.439,3.612,5.913,4.022,2.929,7.278,5.216
1676495886.2101648,30,4.517,2.784,4.444,3.618,5.919,4.028,2.935,7.284,5.221
1676495887.243825,29,4.399,2.724,4.329,3.530,5.755,3.927,2.870,7.074,5.080
1676495888.2620435,29,4.391,2.716,4.321,3.522,5.747,3.918,2.861,7.066,5.072
1676495889.2833552,29,4.396,2.721,4.326,3.527,5.752,3.924,2.867,7.071,5.077
1676495890.2941184,29,4.395,2.720,4.325,3.526,5.751,3.922,2.865,7.070,5.076
1676495891.3137767,30,4.511,2.778,4.438,3.612,5.913,4.022,2.929,7.278,5.215
1676495892.3326843,32,4.746,2.897,4.669,3.787,6.242,4.224,3.058,7.698,5.497
1676495893.345079,34,4.982,3.018,4.900,3.963,6.571,4.428,3.189,8.118,5.780
1676495894.3912332,30,4.517,2.784,4.444,3.618,5.919,4.028,2.934,7.284,5.221
1676495895.3940935,30,4.511,2.778,4.439,3.612,5.913,4.022,2.929,7.278,5.216
1676495896.4219873,27,4.166,2.606,4.101,3.357,5.428,3.726,2.742,6.656,4.800
1676495897.4340572,26,4.041,2.545,3.984,3.261,5.262,3.623,2.675,6.439,4.651
1676495898.4512603,26,4.044,2.535,3.974,3.258,5.253,3.613,2.666,6.435,4.648
1676495899.4714255,28,4.276,2.658,4.208,3.437,5.584,3.819,2.799,6.858,4.933
1676495900.5020125,27,4.157,2.597,4.092,3.348,5.419,3.717,2.733,6.647,4.791
1676495901.527244,27,4.156,2.589,4.084,3.340,5.411,3.709,2.725,6.640,4.783
1676495902.5490785,28,4.272,2.654,4.204,3.433,5.580,3.815,2.795,6.854,4.929
1676495903.5512462,28,4.265,2.654,4.203,3.432,5.580,3.815,2.788,6.848,4.922
1676495904.5628982,28,4.271,2.654,4.203,3.432,5.580,3.808,2.794,6.847,4.922
1676495905.5860438,27,4.147,2.587,4.082,3.338,5.409,3.707,2.723,6.638,4.781
1676495906.6114554,27,4.147,2.593,4.088,3.344,5.415,3.713,2.729,6.637,4.787
1676495907.6321647,28,4.270,2.652,4.202,3.431,5.578,3.813,2.793,6.852,4.927
1676495908.6445253,27,4.148,2.594,4.088,3.345,5.416,3.713,2.729,6.644,4.788
1676495909.6568167,27,4.147,2.588,4.082,3.338,5.409,3.707,2.723,6.638,4.781
1676495910.6695402,28,4.265,2.647,4.197,3.426,5.574,3.808,2.788,6.847,4.922
1676495911.68149,29,4.389,2.713,4.319,3.520,5.744,3.916,2.859,7.064,5.070
1676495912.693671,29,4.390,2.715,4.320,3.521,5.746,3.917,2.860,7.065,5.071
1676495913.713268,27,4.151,2.591,4.092,3.348,5.419,3.717,2.733,6.647,4.791
1676495914.7417977,27,4.157,2.597,4.092,3.348,5.419,3.717,2.733,6.647,4.791
1676495915.746124,31,4.620,2.829,4.545,3.691,6.069,4.115,2.985,7.479,5.348
1676495916.765382,29,4.388,2.713,4.318,3.519,5.744,3.916,2.859,7.063,5.069
1676495917.7770329,29,4.396,2.721,4.326,3.527,5.752,3.923,2.866,7.071,5.077
1676495918.781068,30,4.515,2.782,4.443,3.616,5.917,4.026,2.933,7.282,5.219
1676495919.7941265,29,4.400,2.725,4.330,3.531,5.756,3.927,2.870,7.075,5.081
1676495920.8139265,27,4.161,2.601,4.095,3.352,5.423,3.721,2.737,6.651,4.795
1676495921.8170564,27,4.167,2.607,4.102,3.358,5.429,3.727,2.743,6.657,4.801
1676495922.8582833,23,3.697,2.368,3.641,3.008,4.772,3.322,2.484,5.818,4.237
1676495923.879361,21,3.453,2.240,3.402,2.824,4.434,3.110,2.345,5.390,3.946
1676495924.9066925,21,3.448,2.234,3.397,2.818,4.429,3.105,2.340,5.385,3.941
1676495925.9288018,23,3.683,2.355,3.628,2.994,4.758,3.308,2.470,5.805,4.223
1676495926.9517837,23,3.680,2.351,3.624,2.991,4.755,3.305,2.467,5.801,4.220
1676495927.9842954,23,3.671,2.348,3.615,2.981,4.745,3.295,2.457,5.792,4.211
1676495929.007435,23,3.674,2.345,3.618,2.984,4.748,3.299,2.460,5.795,4.214
1676495930.034616,23,3.671,2.342,3.615,2.981,4.745,3.296,2.457,5.792,4.211
1676495931.046835,22,3.551,2.280,3.498,2.892,4.579,3.193,2.391,5.580,4.068
1676495932.0589793,22,3.543,2.272,3.489,2.883,4.571,3.184,2.382,5.572,4.059
1676495933.0851638,23,3.663,2.335,3.608,2.974,4.738,3.288,2.450,5.785,4.203
1676495934.0983655,25,3.897,2.453,3.837,3.148,5.066,3.490,2.579,6.203,4.484
1676495935.119277,23,3.663,2.334,3.607,2.974,4.738,3.288,2.450,5.784,4.203
1676495936.1221974,23,3.663,2.334,3.607,2.974,4.738,3.288,2.450,5.784,4.203
1676495937.1340547,23,3.656,2.333,3.607,2.973,4.737,3.287,2.449,5.784,4.202
1676495938.1389158,24,3.780,2.394,3.722,3.061,4.902,3.389,2.514,5.994,4.344
1676495939.151381,23,3.658,2.329,3.602,2.969,4.733,3.283,2.445,5.779,4.198
1676495940.1714346,23,3.664,2.335,3.609,2.975,4.739,3.289,2.451,5.786,4.204
1676495941.184164,25,3.893,2.449,3.832,3.144,5.061,3.485,2.574,6.199,4.480
1676495942.2136106,22,3.550,2.279,3.496,2.890,4.578,3.191,2.389,5.579,4.066
1676495943.224804,22,3.549,2.278,3.496,2.890,4.578,3.191,2.389,5.578,4.066
1676495944.2530246,23,3.667,2.332,3.605,2.971,4.735,3.285,2.447,5.782,4.200
1676495945.2849233,24,3.785,2.398,3.727,3.066,4.906,3.393,2.519,5.998,4.348
1676495946.3118684,21,3.428,2.215,3.377,2.799,4.410,3.086,2.320,5.365,3.921
1676495947.3232248,20,3.310,2.160,3.267,2.717,4.251,2.990,2.261,5.161,3.785
1676495948.3577268,20,3.314,2.159,3.266,2.715,4.249,2.988,2.259,5.159,3.784
1676495949.3785028,24,3.776,2.389,3.718,3.056,4.897,3.384,2.510,5.989,4.339
1676495950.4037607,24,3.777,2.390,3.718,3.057,4.898,3.385,2.511,5.990,4.340
1676495951.4299848,24,3.777,2.397,3.725,3.064,4.905,3.392,2.517,5.997,4.347
1676495952.451271,22,3.544,2.273,3.490,2.884,4.572,3.185,2.383,5.573,4.060
1676495953.4690475,22,3.549,2.278,3.496,2.890,4.577,3.191,2.389,5.578,4.066
1676495954.4908154,22,3.548,2.277,3.495,2.889,4.576,3.189,2.387,5.577,4.064
1676495955.4938903,22,3.547,2.270,3.487,2.888,4.575,3.188,2.386,5.576,4.063
1676495956.5054944,22,3.546,2.268,3.492,2.880,4.574,3.181,2.385,5.569,4.062
1676495957.5197766,23,3.662,2.333,3.606,2.972,4.737,3.287,2.448,5.783,4.202
1676495958.5430393,22,3.537,2.266,3.484,2.878,4.566,3.179,2.377,5.566,4.054
1676495959.5541024,21,3.419,2.206,3.368,2.790,4.400,3.076,2.311,5.356,3.912
1676495960.5570076,21,3.424,2.210,3.373,2.794,4.405,3.081,2.316,5.360,3.917
1676495961.5601563,21,3.416,2.203,3.365,2.786,4.397,3.073,2.308,5.353,3.909
1676495962.5794666,21,3.420,2.207,3.370,2.791,4.402,3.078,2.313,5.357,3.913
1676495963.611313,23,3.647,2.319,3.592,2.958,4.722,3.272,2.434,5.769,4.187
1676495964.6541197,23,3.654,2.319,3.598,2.965,4.729,3.279,2.441,5.775,4.194
1676495965.6886551,23,3.648,2.319,3.592,2.959,4.723,3.273,2.435,5.769,4.188
1676495966.7213802,25,3.890,2.440,3.823,3.141,5.058,3.482,2.565,6.190,4.471
1676495967.7245147,25,3.893,2.449,3.833,3.144,5.062,3.486,2.575,6.199,4.480
1676495968.7649362,21,3.421,2.208,3.370,2.792,4.402,3.079,2.313,5.358,3.914
1676495969.7938163,18,3.068,2.029,3.025,2.529,3.910,2.775,2.119,4.729,3.491
1676495970.8125703,18,3.073,2.033,3.029,2.533,3.914,2.779,2.123,4.733,3.495
1676495971.8173785,20,3.304,2.149,3.256,2.705,4.239,2.978,2.249,5.149,3.774
1676495972.840289,18,3.062,2.022,3.019,2.523,3.904,2.769,2.113,4.723,3.485
1676495973.8608384,18,3.066,2.026,3.022,2.527,3.907,2.772,2.116,4.726,3.489
1676495974.8748167,19,3.173,2.075,3.133,2.610,4.061,2.870,2.177,4.932,3.625
1676495975.8854077,18,3.053,2.014,3.010,2.514,3.895,2.760,2.104,4.714,3.476
1676495976.8968625,18,3.056,2.017,3.013,2.517,3.898,2.763,2.107,4.717,3.479
1676495977.9182396,19,3.171,2.073,3.125,2.602,4.059,2.861,2.169,4.923,3.617
1676495978.9384043,19,3.163,2.065,3.117,2.594,4.051,2.853,2.161,4.916,3.609
1676495979.9689286,16,2.816,1.891,2.777,2.336,3.563,2.555,1.972,4.291,3.191
1676495981.0066183,16,2.806,1.882,2.767,2.327,3.554,2.545,1.962,4.282,3.182
1676495982.0203836,21,3.396,2.183,3.345,2.767,4.378,3.054,2.289,5.333,3.889
1676495983.0484512,21,3.398,2.185,3.347,2.769,4.380,3.056,2.290,5.335,3.891
1676495984.1132114,18,3.042,2.002,2.998,2.503,3.883,2.748,2.092,4.702,3.464
1676495985.1153233,18,3.042,2.008,3.004,2.509,3.889,2.754,2.098,4.708,3.471
1676495986.1268532,17,2.924,1.942,2.883,2.415,3.719,2.647,2.027,4.492,3.323
1676495987.1524692,17,2.929,1.947,2.888,2.420,3.724,2.652,2.033,4.497,3.329
1676495988.1815574,17,2.928,1.946,2.887,2.419,3.723,2.651,2.032,4.496,3.328
1676495989.1930008,17,2.927,1.945,2.886,2.418,3.722,2.650,2.031,4.495,3.326
1676495990.2135363,18,3.037,1.997,2.993,2.497,3.878,2.743,2.087,4.697,3.459
1676495991.24333,17,2.918,1.936,2.877,2.408,3.712,2.641,2.021,4.486,3.317
1676495992.2461646,17,2.922,1.940,2.881,2.413,3.717,2.645,2.026,4.490,3.321
1676495993.2690187,17,2.920,1.938,2.879,2.411,3.715,2.643,2.017,4.482,3.313
1676495994.29126,18,3.035,1.996,2.992,2.496,3.877,2.742,2.086,4.696,3.458
1676495995.3121593,18,3.034,1.994,2.991,2.495,3.876,2.741,2.085,4.695,3.457
1676495996.3159225,20,3.262,2.113,3.220,2.669,4.197,2.936,2.213,5.107,3.731
1676495997.3273044,19,3.151,2.053,3.105,2.582,4.039,2.841,2.149,4.904,3.597
1676495998.3387816,18,3.033,1.993,2.990,2.494,3.875,2.740,2.084,4.694,3.456
1676495999.3587205,18,3.033,1.993,2.989,2.494,3.874,2.740,2.083,4.693,3.456
1676496000.3799493,18,3.033,1.993,2.989,2.493,3.874,2.739,2.083,4.693,3.455
1676496001.3831723,18,3.034,1.994,2.990,2.494,3.875,2.740,2.084,4.694,3.456
1676496002.3942862,17,2.910,1.928,2.869,2.401,3.705,2.633,2.013,4.478,3.309
1676496003.4157197,17,2.916,1.933,2.874,2.406,3.710,2.638,2.019,4.484,3.315
1676496004.4281335,20,3.261,2.105,3.219,2.668,4.202,2.941,2.212,5.112,3.737
1676496005.4580164,18,3.034,1.994,2.991,2.495,3.875,2.741,2.085,4.694,3.457
1676496006.4684246,18,3.035,1.995,2.991,2.495,3.876,2.741,2.085,4.695,3.457
1676496007.4882586,17,2.911,1.929,2.870,2.402,3.706,2.634,2.015,4.479,3.317
1676496008.4994643,17,2.917,1.935,2.876,2.408,3.712,2.640,2.020,4.485,3.316
1676496009.520872,18,3.034,1.994,2.990,2.494,3.875,2.740,2.084,4.694,3.456
1676496010.5332491,19,3.144,2.046,3.098,2.574,4.032,2.834,2.142,4.896,3.590
1676496011.5352836,19,3.151,2.053,3.105,2.581,4.039,2.841,2.148,4.903,3.597
1676496012.5472472,18,3.034,1.994,2.990,2.495,3.875,2.741,2.085,4.694,3.457
1676496013.56069,18,3.034,1.994,2.990,2.495,3.875,2.741,2.085,4.694,3.457
1676496014.5747468,18,3.034,1.994,2.990,2.495,3.875,2.741,2.084,4.694,3.457
1676496015.587397,18,3.034,1.994,2.990,2.494,3.875,2.740,2.084,4.694,3.456
1676496016.6009893,18,3.027,1.988,2.984,2.488,3.869,2.734,2.078,4.688,3.450
1676496017.6039917,18,3.034,1.994,2.990,2.495,3.875,2.740,2.084,4.694,3.456
1676496018.6149158,18,3.028,1.989,2.985,2.489,3.870,2.735,2.079,4.689,3.451
1676496019.6279268,19,3.152,2.054,3.106,2.583,4.040,2.842,2.150,4.904,3.598
1676496020.6482353,18,3.036,1.996,2.992,2.496,3.877,2.742,2.086,4.696,3.458
1676496021.6606781,18,3.036,1.996,2.993,2.497,3.878,2.743,2.087,4.696,3.459
1676496022.674048,18,3.031,1.991,2.987,2.491,3.872,2.737,2.081,4.691,3.453
1676496023.6938982,18,3.037,1.997,2.994,2.498,3.878,2.744,2.088,4.697,3.460
1676496024.7065957,19,3.155,2.057,3.109,2.586,4.043,2.845,2.153,4.907,3.601
1676496025.7189069,19,3.150,2.052,3.104,2.580,4.038,2.840,2.147,4.902,3.596
1676496026.7326798,19,3.157,2.059,3.111,2.588,4.045,2.847,2.155,4.909,3.603
1676496027.735371,19,3.152,2.054,3.106,2.582,4.040,2.842,2.149,4.904,3.598
1676496028.7464774,18,3.035,1.995,2.991,2.495,3.876,2.741,2.085,4.695,3.457
1676496029.757843,18,3.041,2.001,2.997,2.502,3.882,2.747,2.091,4.701,3.464
1676496030.7619708,19,3.159,2.055,3.106,2.583,4.040,2.843,2.150,4.905,3.598
1676496031.7652538,19,3.159,2.062,3.113,2.590,4.047,2.849,2.157,4.906,3.605
1676496032.7774847,18,3.037,1.997,2.993,2.497,3.878,2.743,2.087,4.697,3.459
1676496033.7965355,18,3.037,1.997,2.999,2.503,3.884,2.743,2.087,4.697,3.459
1676496034.8006227,20,3.271,2.122,3.223,2.672,4.206,2.945,2.216,5.116,3.741
1676496035.8033743,20,3.279,2.118,3.225,2.674,4.208,2.947,2.218,5.118,3.743
1676496036.8153348,19,3.157,2.060,3.111,2.588,4.045,2.848,2.155,4.910,3.603
1676496037.8268573,19,3.158,2.067,3.119,2.595,4.053,2.855,2.162,4.917,3.611
1676496038.847046,18,3.042,2.002,2.999,2.503,3.884,2.749,2.093,4.702,3.465
1676496039.849842,18,3.048,2.008,3.005,2.509,3.890,2.755,2.099,4.709,3.471
1676496040.8689396,18,3.042,2.008,2.998,2.503,3.883,2.748,2.092,4.702,3.464
1676496041.8738146,20,3.283,2.121,3.228,2.677,4.211,2.950,2.222,5.121,3.746
1676496042.8929973,18,3.050,2.004,3.000,2.505,3.885,2.750,2.094,4.704,3.467
1676496043.9049802,18,3.050,2.010,3.007,2.511,3.891,2.757,2.101,4.710,3.473
1676496044.917705,19,3.168,2.064,3.116,2.592,4.050,2.852,2.159,4.914,3.608
1676496045.939262,18,3.051,2.005,3.001,2.506,3.886,2.751,2.095,4.705,3.468
1676496046.942208,18,3.045,2.005,3.001,2.506,3.886,2.751,2.095,4.705,3.468
1676496047.9452574,18,3.051,2.011,3.008,2.512,3.892,2.758,2.095,4.711,3.474
1676496048.9662766,18,3.051,2.011,3.008,2.512,3.893,2.758,2.102,4.711,3.474
1676496049.9804137,19,3.169,2.071,3.123,2.599,4.057,2.859,2.166,4.921,3.615
1676496050.9993944,17,2.935,1.953,2.894,2.426,3.729,2.658,2.038,4.503,3.334
1676496052.023129,17,2.928,1.952,2.893,2.425,3.729,2.657,2.038,4.502,3.334
1676496053.0513704,17,2.934,1.952,2.893,2.425,3.728,2.657,2.037,4.502,3.333
1676496054.0634809,17,2.933,1.951,2.892,2.424,3.727,2.656,2.036,4.501,3.332
1676496055.0686536,18,3.050,2.010,3.006,2.510,3.891,2.756,2.100,4.710,3.472
1676496056.071375,18,3.050,2.010,3.006,2.511,3.891,2.757,2.101,4.710,3.473
1676496057.0913486,18,3.044,2.004,3.000,2.505,3.885,2.750,2.094,4.704,3.467
1676496058.1261225,17,2.933,1.951,2.891,2.423,3.727,2.655,2.036,4.501,3.332
1676496059.154557,17,2.932,1.950,2.891,2.423,3.727,2.655,2.035,4.500,3.331
1676496060.1698406,20,3.284,2.128,3.235,2.684,4.218,2.958,2.229,5.128,3.753
1676496061.1730173,20,3.286,2.130,3.237,2.686,4.220,2.960,2.231,5.130,3.755
1676496062.1856434,19,3.170,2.073,3.124,2.601,4.058,2.861,2.168,4.923,3.616
1676496063.196061,18,3.054,2.014,3.011,2.515,3.895,2.761,2.105,4.714,3.477
1676496064.208551,18,3.048,2.008,3.005,2.509,3.890,2.755,2.099,4.709,3.471
1676496065.229012,19,3.172,2.075,3.126,2.603,4.060,2.863,2.170,4.925,3.619
1676496066.249741,19,3.168,2.070,3.122,2.598,4.056,2.858,2.165,4.920,3.614
1676496067.2529902,19,3.169,2.071,3.123,2.600,4.057,2.859,2.167,4.921,3.615
1676496068.2654834,18,3.059,2.019,3.015,2.520,3.900,2.765,2.109,4.719,3.482
1676496069.268352,18,3.059,2.019,3.016,2.520,3.901,2.766,2.110,4.719,3.482
1676496070.271322,18,3.053,2.013,3.010,2.514,3.901,2.760,2.110,4.720,3.482
1676496071.2934,18,3.059,2.020,3.016,2.520,3.901,2.766,2.110,4.720,3.482
1676496072.3153536,19,3.170,2.073,3.124,2.601,4.058,2.861,2.168,4.923,3.616
1676496073.3272402,18,3.053,2.013,3.010,2.514,3.895,2.760,2.104,4.714,3.476
1676496074.3481357,16,2.818,1.894,2.780,2.339,3.566,2.557,1.974,4.294,3.194
1676496075.3701103,16,2.823,1.898,2.784,2.343,3.571,2.562,1.979,4.299,3.198
1676496076.3905187,17,2.939,1.956,2.897,2.429,3.733,2.661,2.042,4.507,3.338
1676496077.3934865,17,2.938,1.956,2.897,2.429,3.732,2.661,2.041,4.506,3.337
1676496078.4037144,17,2.931,1.949,2.890,2.422,3.726,2.654,2.034,4.499,3.330
1676496079.417812,17,2.930,1.948,2.889,2.421,3.725,2.653,2.033,4.498,3.329
1676496080.4461672,17,2.929,1.947,2.888,2.420,3.724,2.652,2.033,4.497,3.329
1676496081.4715168,20,3.287,2.131,3.238,2.688,4.222,2.961,2.232,5.132,3.756
1676496082.5024471,20,3.289,2.127,3.234,2.683,4.217,2.957,2.228,5.127,3.752
1676496083.5231788,18,3.056,2.016,3.012,2.517,3.897,2.762,2.106,4.716,3.479
1676496084.5334911,18,3.057,2.017,3.013,2.518,3.898,2.763,2.107,4.717,3.479
1676496085.546816,18,3.058,2.018,3.014,2.519,3.899,2.764,2.108,4.718,3.481
1676496086.5578642,18,3.058,2.018,3.015,2.519,3.900,2.765,2.109,4.719,3.481
1676496087.5702367,18,3.053,2.013,3.010,2.514,3.894,2.760,2.104,4.713,3.476
1676496088.5812101,18,3.054,2.020,3.010,2.515,3.895,2.761,2.105,4.714,3.477
1676496089.5938356,19,3.172,2.080,3.126,2.603,4.060,2.862,2.170,4.924,3.618
1676496090.6136663,18,3.056,2.022,3.013,2.517,3.897,2.763,2.107,4.716,3.479
1676496091.6314993,18,3.063,2.023,3.019,2.524,3.904,2.769,2.113,4.723,3.485
1676496092.6620767,17,2.946,1.963,2.904,2.436,3.740,2.668,2.049,4.513,3.345
1676496093.6714602,17,2.939,1.957,2.898,2.430,3.733,2.662,2.042,4.507,3.338
1676496094.6752853,18,3.062,2.022,3.018,2.522,3.903,2.768,2.112,4.722,3.484
1676496095.6913533,18,3.056,2.016,3.012,2.517,3.897,2.762,2.106,4.716,3.478
1676496096.7051053,19,3.173,2.076,3.127,2.604,4.061,2.864,2.171,4.926,3.619
1676496097.7170274,18,3.063,2.023,3.019,2.524,3.904,2.770,2.114,4.723,3.486
1676496098.729656,18,3.063,2.023,3.020,2.524,3.904,2.770,2.114,4.723,3.486
1676496099.734451,19,3.181,2.077,3.135,2.611,4.069,2.871,2.178,4.933,3.627
1676496100.763625,19,3.175,2.084,3.129,2.606,4.063,2.866,2.173,4.928,3.621
1676496101.8150558,18,3.065,2.025,3.016,2.526,3.907,2.772,2.116,4.726,3.488
1676496102.8383393,18,3.066,2.026,3.022,2.526,3.907,2.772,2.116,4.726,3.488
1676496103.8598068,19,3.183,2.085,3.137,2.613,4.071,2.873,2.181,4.935,3.629
1676496104.8712747,18,3.066,2.026,3.023,2.527,3.907,2.773,2.117,4.726,3.489
1676496105.8943968,18,3.060,2.020,3.016,2.521,3.901,2.767,2.111,4.720,3.483
1676496106.9097352,20,3.295,2.139,3.246,2.696,4.230,2.969,2.240,5.139,3.764
1676496107.923959,20,3.296,2.147,3.254,2.703,4.237,2.976,2.247,5.147,3.772
1676496108.927213,20,3.298,2.142,3.249,2.698,4.232,2.972,2.243,5.142,3.767
1676496109.9302552,20,3.306,2.150,3.257,2.706,4.240,2.980,2.251,5.150,3.775
1676496110.9332197,20,3.307,2.152,3.259,2.708,4.242,2.981,2.252,5.152,3.777
1676496111.9634247,17,2.957,1.974,2.915,2.447,3.751,2.679,2.060,4.525,3.356
1676496112.981395,17,2.950,1.968,2.909,2.440,3.744,2.672,2.053,4.518,3.349
1676496113.9863985,19,3.190,2.092,3.144,2.620,4.078,2.880,2.187,4.942,3.636
1676496114.9975867,19,3.184,2.087,3.138,2.615,4.072,2.874,2.182,4.937,3.630
1676496116.0218813,18,3.074,2.034,3.030,2.528,3.909,2.774,2.118,4.728,3.490
1676496117.05435,18,3.073,2.033,3.030,2.534,3.914,2.780,2.124,4.733,3.496
1676496118.0914545,17,2.956,1.974,2.915,2.447,3.751,2.679,2.059,4.524,3.355
1676496119.1038327,17,2.955,1.973,2.914,2.446,3.749,2.678,2.058,4.523,3.354
1676496120.124977,18,3.066,2.026,3.022,2.526,3.907,2.772,2.116,4.726,3.488
1676496121.1375532,19,3.190,2.092,3.144,2.620,4.078,2.880,2.187,4.936,3.629
1676496122.1590197,17,2.949,1.973,2.914,2.440,3.744,2.672,2.053,4.517,3.348
1676496123.1690898,17,2.948,1.966,2.907,2.439,3.743,2.671,2.052,4.516,3.347
1676496124.1815274,18,3.071,2.031,3.028,2.532,3.913,2.778,2.122,4.732,3.494
1676496125.1857603,19,3.189,2.091,3.143,2.619,4.077,2.879,2.186,4.941,3.635
1676496126.1971,19,3.189,2.092,3.143,2.620,4.077,2.880,2.187,4.942,3.635
1676496127.2181528,18,3.067,2.027,3.023,2.527,3.908,2.773,2.117,4.727,3.489
1676496128.2212887,18,3.073,2.033,3.029,2.533,3.914,2.779,2.123,4.733,3.495
1676496129.2234037,18,3.066,2.026,3.023,2.527,3.908,2.773,2.117,4.726,3.489
1676496130.2263787,18,3.073,2.033,3.029,2.533,3.914,2.779,2.123,4.733,3.495
1676496131.229421,18,3.073,2.033,3.029,2.533,3.914,2.779,2.123,4.733,3.495
1676496132.2541575,18,3.067,2.027,3.023,2.527,3.908,2.773,2.117,4.727,3.489
1676496133.2579136,21,3.419,2.206,3.368,2.789,4.400,3.076,2.311,5.356,3.912
1676496134.2885885,18,3.069,2.029,3.025,2.530,3.910,2.776,2.120,4.729,3.492
1676496135.3129873,18,3.076,2.036,3.032,2.536,3.917,2.782,2.126,4.736,3.498
1676496136.361518,17,2.953,1.970,2.911,2.443,3.747,2.675,2.056,4.521,3.352
1676496137.3714406,17,2.959,1.977,2.918,2.449,3.753,2.682,2.062,4.527,3.358
1676496138.3753557,18,3.076,2.036,3.032,2.537,3.917,2.782,2.126,4.736,3.498
1676496139.3866067,18,3.076,2.036,3.032,2.537,3.917,2.783,2.127,4.736,3.499
1676496140.4012167,18,3.076,2.036,3.033,2.537,3.918,2.783,2.127,4.736,3.499
1676496141.4226813,18,3.070,2.030,3.027,2.531,3.912,2.777,2.121,4.730,3.493
1676496142.4368494,20,3.311,2.156,3.263,2.712,4.246,2.985,2.256,5.156,3.781
1676496143.4473362,19,3.195,2.098,3.149,2.626,4.083,2.885,2.193,4.948,3.641
1676496144.4591844,19,3.190,2.092,3.144,2.621,4.078,2.880,2.188,4.942,3.636
1676496145.485745,20,3.315,2.159,3.266,2.715,4.249,2.989,2.260,5.159,3.784
1676496146.5341637,18,3.075,2.035,3.031,2.536,3.916,2.782,2.126,4.735,3.498
1676496147.5524626,18,3.081,2.042,3.038,2.542,3.923,2.788,2.132,4.742,3.504
1676496148.5652907,19,3.199,2.101,3.153,2.630,4.087,2.889,2.197,4.951,3.645
1676496149.577395,18,3.082,2.043,3.039,2.543,3.924,2.789,2.133,4.743,3.505
1676496150.5802996,18,3.076,2.036,3.033,2.537,3.918,2.783,2.127,4.736,3.499
1676496151.5916226,18,3.083,2.043,3.039,2.543,3.924,2.789,2.133,4.743,3.505
1676496152.5957654,19,3.200,2.102,3.154,2.631,4.082,2.884,2.192,4.946,3.640
1676496153.6073613,18,3.077,2.037,3.034,2.538,3.919,2.784,2.128,4.738,3.500
1676496154.619489,18,3.077,2.037,3.034,2.538,3.918,2.784,2.128,4.737,3.500
1676496155.6247299,19,3.194,2.096,3.148,2.625,4.082,2.891,2.198,4.953,3.646
1676496156.6272285,19,3.201,2.103,3.155,2.631,4.089,2.891,2.198,4.953,3.647
1676496157.6299212,19,3.195,2.103,3.155,2.632,4.089,2.891,2.199,4.954,3.647
1676496158.6482675,17,2.967,1.985,2.926,2.458,3.761,2.690,2.070,4.535,3.366
1676496159.6512337,17,2.966,1.984,2.925,2.456,3.760,2.689,2.069,4.534,3.365
1676496160.6755323,17,2.959,1.976,2.917,2.449,3.753,2.681,2.062,4.527,3.358
1676496161.6802793,20,3.310,2.154,3.261,2.711,4.245,2.984,2.255,5.154,3.779
1676496162.7097652,17,2.966,1.984,2.925,2.456,3.760,2.689,2.069,4.534,3.365
1676496163.7291605,17,2.959,1.977,2.918,2.449,3.753,2.682,2.062,4.527,3.358
1676496164.7337482,19,3.199,2.095,3.147,2.630,4.081,2.889,2.191,4.952,3.639
1676496165.7465441,19,3.200,2.102,3.148,2.631,4.088,2.890,2.198,4.952,3.640
1676496166.766884,18,3.077,2.037,3.034,2.538,3.919,2.784,2.128,4.738,3.500
1676496167.769508,18,3.084,2.037,3.034,2.538,3.919,2.784,2.128,4.738,3.500
1676496168.7803977,18,3.084,2.044,3.040,2.544,3.925,2.790,2.134,4.744,3.506
1676496169.7843037,19,3.195,2.097,3.149,2.626,4.083,2.885,2.193,4.948,3.641
1676496170.7871816,19,3.202,2.105,3.156,2.633,4.090,2.893,2.200,4.955,3.648
1676496171.7989922,19,3.197,2.099,3.151,2.628,4.085,2.887,2.195,4.949,3.643
1676496172.8033185,20,3.322,2.166,3.273,2.722,4.256,2.995,2.267,5.166,3.791
1676496173.8061013,20,3.323,2.168,3.275,2.724,4.258,2.997,2.268,5.168,3.793
1676496174.809069,20,3.325,2.170,3.277,2.726,4.260,2.999,2.270,5.170,3.795
1676496175.8302238,18,3.092,2.052,3.049,2.553,3.934,2.799,2.143,4.753,3.515
1676496176.8405201,17,2.969,1.987,2.928,2.460,3.764,2.692,2.072,4.537,3.368
1676496177.8531992,16,2.851,1.927,2.813,2.372,3.599,2.591,2.007,4.327,3.227
1676496178.8754034,16,2.856,1.926,2.817,2.377,3.604,2.595,2.012,4.332,3.232
1676496179.889533,18,3.083,2.050,3.046,2.550,3.925,2.790,2.134,4.750,3.512
1676496180.9010003,18,3.090,2.050,3.046,2.551,3.931,2.797,2.141,4.750,3.513
1676496181.9141865,19,3.201,2.110,3.155,2.638,4.089,2.898,2.199,4.954,3.648
1676496182.9379013,18,3.091,2.051,3.048,2.552,3.932,2.798,2.142,4.751,3.514
1676496183.9589589,16,2.857,1.933,2.818,2.378,3.605,2.596,2.013,4.333,3.233
1676496184.9776888,16,2.856,1.932,2.817,2.377,3.604,2.595,2.012,4.332,3.232
1676496186.005338,18,3.089,2.049,3.046,2.550,3.931,2.796,2.140,4.749,3.512
1676496187.0388994,19,3.207,2.109,3.161,2.638,4.095,2.897,2.205,4.959,3.653
1676496188.061805,17,2.967,1.991,2.926,2.458,3.761,2.690,2.070,4.541,3.372
1676496189.072898,17,2.973,1.984,2.932,2.463,3.767,2.696,2.076,4.541,3.372
1676496190.0777073,18,3.083,2.050,3.046,2.544,3.931,2.796,2.134,4.750,3.506
1676496191.0967653,18,3.090,2.044,3.041,2.545,3.925,2.791,2.135,4.744,3.507
1676496192.1196427,18,3.091,2.051,3.041,2.545,3.926,2.791,2.135,4.745,3.507
1676496193.1228147,18,3.091,2.051,3.048,2.552,3.933,2.798,2.142,4.752,3.514
1676496194.12572,18,3.091,2.051,3.048,2.552,3.932,2.798,2.142,4.751,3.514
1676496195.1445124,18,3.091,2.045,3.047,2.552,3.932,2.798,2.142,4.751,3.514
1676496196.1628249,20,3.320,2.170,3.271,2.720,4.254,2.994,2.265,5.164,3.789
1676496197.198471,18,3.087,2.047,3.044,2.548,3.928,2.794,2.138,4.747,3.510
1676496198.215475,18,3.094,2.054,3.050,2.554,3.935,2.800,2.144,4.754,3.516
1676496199.2351956,18,3.094,2.048,3.044,2.549,3.929,2.794,2.138,4.748,3.511
1676496200.263486,18,3.094,2.054,3.051,2.555,3.936,2.801,2.145,4.755,3.517
1676496201.2932587,19,3.212,2.114,3.166,2.642,4.100,2.902,2.209,4.964,3.658
1676496202.2955358,19,3.212,2.115,3.166,2.643,4.100,2.903,2.210,4.965,3.658
1676496203.3062725,18,3.096,2.056,3.052,2.556,3.937,2.802,2.146,4.756,3.518
1676496204.3263476,18,3.090,2.056,3.046,2.550,3.931,2.796,2.140,4.750,3.512
1676496205.3473008,18,3.089,2.050,3.046,2.550,3.931,2.796,2.140,4.750,3.512
1676496206.3729742,18,3.089,2.049,3.045,2.549,3.930,2.801,2.145,4.755,3.518
1676496207.4026566,18,3.088,2.048,3.044,2.548,3.929,2.794,2.138,4.748,3.510
1676496208.4149957,17,2.976,1.994,2.935,2.466,3.770,2.699,2.079,4.544,3.375
1676496209.4269028,17,2.968,1.986,2.927,2.459,3.762,2.691,2.071,4.536,3.367
1676496210.4457545,18,3.090,2.050,3.046,2.550,3.931,2.796,2.140,4.750,3.512
1676496211.4689765,18,3.083,2.043,3.039,2.543,3.924,2.789,2.133,4.743,3.505
1676496212.4807644,17,2.970,1.988,2.929,2.461,3.765,2.693,2.074,4.538,3.369
1676496213.5056252,17,2.969,1.987,2.927,2.459,3.763,2.691,2.072,4.537,3.368
1676496214.5279741,18,3.084,2.045,3.041,2.545,3.926,2.791,2.135,4.745,3.507
1676496215.5393066,17,2.967,1.984,2.919,2.451,3.755,2.683,2.064,4.528,3.359
1676496216.5512831,17,2.959,1.977,2.918,2.450,3.754,2.682,2.063,4.527,3.359
1676496217.5812967,18,3.076,2.036,3.032,2.536,3.917,2.782,2.126,4.736,3.498
1676496218.5953908,21,3.428,2.215,3.377,2.799,4.409,3.085,2.320,5.365,3.921
1676496219.6177156,19,3.202,2.104,3.156,2.632,4.090,2.892,2.199,4.954,3.648
1676496220.6297598,19,3.203,2.105,3.157,2.633,4.091,2.893,2.200,4.955,3.649
1676496221.6336246,20,3.321,2.165,3.272,2.722,4.256,2.995,2.266,5.166,3.790
1676496222.6706674,16,2.847,1.922,2.808,2.367,3.594,2.586,2.003,4.322,3.222
1676496223.6964936,16,2.846,1.922,2.807,2.367,3.594,2.585,2.002,4.322,3.222
1676496224.7164247,19,3.203,2.105,3.151,2.627,4.085,2.887,2.194,4.949,3.643
1676496225.730943,20,3.314,2.159,3.266,2.715,4.249,2.988,2.259,5.159,3.784
1676496226.733867,20,3.315,2.160,3.267,2.716,4.250,2.989,2.260,5.160,3.785
1676496227.7453094,20,3.316,2.161,3.268,2.717,4.251,2.990,2.261,5.161,3.786
1676496228.7666419,19,3.200,2.102,3.154,2.630,4.088,2.890,2.198,4.952,3.646
1676496229.7704227,19,3.206,2.109,3.160,2.637,4.094,2.897,2.204,4.959,3.653
1676496230.7823012,18,3.090,2.050,3.046,2.550,3.925,2.790,2.134,4.744,3.506
1676496231.8022246,18,3.089,2.049,3.046,2.550,3.931,2.796,2.140,4.749,3.512
1676496232.82224,20,3.323,2.168,3.275,2.724,4.258,2.997,2.268,5.168,3.793
1676496233.8451111,20,3.324,2.169,3.276,2.725,4.259,2.998,2.269,5.169,3.794
1676496234.847796,20,3.326,2.170,3.277,2.726,4.260,2.999,2.271,5.170,3.795
1676496235.8593311,19,3.203,2.105,3.157,2.634,4.091,2.893,2.201,4.955,3.649
1676496236.8621938,19,3.203,2.106,3.157,2.634,4.091,2.894,2.201,4.956,3.650
1676496237.8652167,19,3.210,2.112,3.164,2.640,4.098,2.900,2.208,4.962,3.656
1676496238.8674054,19,3.210,2.113,3.164,2.641,4.098,2.901,2.208,4.963,3.656
1676496239.870612,19,3.211,2.113,3.165,2.642,4.099,2.901,2.209,4.963,3.657
1676496240.8818488,18,3.088,2.048,3.044,2.548,3.929,2.794,2.138,4.748,3.510
1676496241.8932095,18,3.087,2.047,3.044,2.548,3.928,2.794,2.138,4.747,3.510
1676496242.9126313,19,3.205,2.107,3.159,2.635,4.093,2.895,2.202,4.957,3.651
1676496243.936759,19,3.205,2.108,3.165,2.642,4.099,2.902,2.209,4.964,3.658
1676496244.9553223,17,2.971,1.989,2.930,2.462,3.766,2.694,2.074,4.539,3.370
1676496245.9580138,17,2.970,1.988,2.929,2.461,3.765,2.693,2.073,4.538,3.369
1676496246.9609785,17,2.969,1.987,2.928,2.460,3.764,2.692,2.072,4.537,3.368
1676496247.9717634,17,2.974,1.992,2.933,2.465,3.769,2.697,2.078,4.542,3.373
1676496248.98963,18,3.084,2.044,3.041,2.545,3.925,2.791,2.135,4.744,3.507
1676496250.0107398,18,3.091,2.051,3.047,2.551,3.932,2.797,2.141,4.751,3.513
1676496251.0327737,18,3.084,2.044,3.041,2.545,3.926,2.791,2.135,4.745,3.507
1676496252.0525334,19,3.202,2.104,3.156,2.632,4.090,2.892,2.199,4.954,3.648
1676496253.055427,19,3.201,2.104,3.155,2.632,4.089,2.891,2.199,4.954,3.647
1676496254.0661693,18,3.091,2.052,3.048,2.552,3.933,2.798,2.142,4.752,3.514
1676496255.068992,18,3.085,2.045,3.042,2.546,3.927,2.792,2.136,4.746,3.508
1676496256.0717986,18,3.092,2.052,3.048,2.552,3.933,2.798,2.142,4.752,3.514
1676496257.0825179,18,3.092,2.052,3.048,2.552,3.933,2.798,2.142,4.752,3.514
1676496258.0957816,18,3.092,2.052,3.048,2.552,3.933,2.798,2.142,4.752,3.514
1676496259.1081576,17,2.968,1.986,2.927,2.459,3.763,2.691,2.071,4.536,3.367
1676496260.119992,17,2.967,1.985,2.926,2.458,3.762,2.690,2.070,4.535,3.366
1676496261.1243248,18,3.090,2.050,3.047,2.551,3.932,2.797,2.141,4.750,3.513
1676496262.1354547,18,3.091,2.051,3.047,2.551,3.932,2.797,2.141,4.751,3.513
1676496263.1541338,17,2.973,1.991,2.932,2.464,3.768,2.696,2.077,4.541,3.373
1676496264.1774538,17,2.967,1.985,2.926,2.464,3.767,2.696,2.076,4.541,3.372
1676496265.1912348,19,3.201,2.103,3.155,2.638,4.089,2.897,2.205,4.959,3.653
1676496266.2137191,19,3.202,2.104,3.156,2.632,4.090,2.892,2.199,4.954,3.648
1676496267.2439742,19,3.203,2.105,3.157,2.634,4.091,2.893,2.201,4.956,3.649
1676496268.2567124,18,3.094,2.054,3.050,2.554,3.935,2.800,2.144,4.754,3.516
1676496269.2596912,18,3.088,2.048,3.044,2.549,3.929,2.794,2.138,4.748,3.511
1676496270.271171,17,2.971,1.989,2.930,2.462,3.766,2.694,2.075,4.539,3.370
1676496271.2952025,17,2.977,1.995,2.936,2.468,3.772,2.700,2.081,4.545,3.377
1676496272.2993731,20,3.329,2.173,3.281,2.730,4.264,3.003,2.274,5.174,3.799
1676496273.3127928,19,3.207,2.109,3.161,2.638,4.095,2.897,2.205,4.960,3.653
1676496274.3376038,19,3.214,2.116,3.168,2.645,4.102,2.904,2.212,4.966,3.660
1676496275.349574,21,3.443,2.230,3.392,2.814,4.425,3.101,2.335,5.380,3.936
1676496276.3862844,17,2.976,1.994,2.934,2.466,3.770,2.698,2.079,4.544,3.375
1676496277.3974156,17,2.980,1.998,2.939,2.471,3.775,2.703,2.084,4.548,3.380
1676496278.4096863,17,2.973,1.991,2.932,2.464,3.768,2.696,2.076,4.541,3.372
1676496279.4314785,17,2.978,1.996,2.937,2.468,3.772,2.701,2.081,4.546,3.377
1676496280.4535537,18,3.088,2.048,3.044,2.548,3.929,2.794,2.138,4.748,3.510
1676496281.471454,18,3.087,2.047,3.044,2.548,3.928,2.794,2.138,4.747,3.510
1676496282.476112,20,3.327,2.172,3.279,2.728,4.262,3.001,2.272,5.172,3.797
1676496283.4873612,20,3.329,2.173,3.280,2.729,4.263,3.002,2.274,5.173,3.798
1676496284.517033,18,3.095,2.055,3.052,2.556,3.937,2.802,2.146,4.755,3.518
1676496285.5354686,18,3.095,2.055,3.052,2.556,3.936,2.802,2.146,4.755,3.518
1676496286.5487003,19,3.212,2.115,3.166,2.643,4.100,2.903,2.210,4.965,3.658
1676496287.5593421,18,3.090,2.050,3.046,2.550,3.931,2.796,2.140,4.750,3.512
1676496288.5753849,18,3.090,2.050,3.046,2.551,3.931,2.796,2.140,4.750,3.513
1676496289.6054928,17,2.973,1.990,2.931,2.463,3.767,2.695,2.076,4.540,3.372
1676496290.6153133,17,2.972,1.990,2.931,2.462,3.766,2.695,2.075,4.540,3.371
1676496291.6193871,18,3.094,2.054,3.051,2.555,3.936,2.801,2.145,4.755,3.517
1676496292.6224453,18,3.094,2.054,3.051,2.555,3.936,2.801,2.145,4.754,3.517
1676496293.6345239,18,3.094,2.054,3.050,2.555,3.935,2.800,2.144,4.754,3.517
1676496294.6394887,19,3.211,2.113,3.165,2.642,4.099,2.901,2.209,4.964,3.657
1676496295.651033,18,3.095,2.055,3.051,2.555,3.936,2.801,2.145,4.755,3.517
1676496296.6632135,18,3.094,2.055,3.051,2.555,3.936,2.801,2.145,4.755,3.517
1676496297.6755075,19,3.212,2.114,3.166,2.642,4.100,2.902,2.209,4.964,3.658
1676496298.695836,18,3.089,2.049,3.045,2.549,3.936,2.795,2.139,4.749,3.511
1676496299.707881,18,3.095,2.055,3.051,2.556,3.936,2.802,2.146,4.755,3.518
1676496300.7341213,19,3.213,2.115,3.167,2.644,4.101,2.903,2.211,4.965,3.659
1676496301.789955,16,2.856,1.931,2.817,2.376,3.603,2.595,2.012,4.331,3.231
1676496302.8065662,16,2.854,1.930,2.816,2.375,3.602,2.594,2.010,4.330,3.230
1676496303.8208706,17,2.971,1.988,2.929,2.461,3.765,2.693,2.074,4.539,3.370
1676496304.8465104,17,2.977,1.994,2.935,2.467,3.771,2.699,2.080,4.544,3.376
1676496305.8591866,20,3.322,2.166,3.273,2.722,4.256,2.996,2.267,5.166,3.791
1676496306.870943,19,3.206,2.108,3.160,2.637,4.094,2.896,2.204,4.959,3.652
1676496307.8821754,19,3.213,2.116,3.167,2.644,4.101,2.903,2.211,4.966,3.659
1676496308.904694,18,3.090,2.056,3.053,2.557,3.938,2.803,2.147,4.757,3.519
1676496309.9076238,18,3.090,2.056,3.053,2.551,3.931,2.797,2.141,4.750,3.513
1676496310.9105191,18,3.091,2.051,3.047,2.551,3.932,2.797,2.141,4.751,3.513
1676496311.9446445,18,3.091,2.051,3.047,2.551,3.932,2.797,2.141,4.751,3.513
1676496313.012314,17,2.980,1.998,2.939,2.471,3.774,2.703,2.083,4.548,3.379
1676496314.0371249,17,2.979,1.997,2.938,2.469,3.773,2.702,2.082,4.547,3.378
1676496315.0507245,19,3.213,2.115,3.167,2.644,4.101,2.903,2.211,4.965,3.659
1676496316.0535305,19,3.214,2.116,3.168,2.644,4.102,2.904,2.211,4.966,3.660
1676496317.064046,18,3.091,2.051,3.047,2.551,3.932,2.797,2.141,4.751,3.513
1676496318.0868773,18,3.097,2.057,3.053,2.558,3.938,2.803,2.147,4.757,3.520
1676496319.091024,21,3.449,2.236,3.398,2.820,4.431,3.107,2.341,5.386,3.942
1676496320.1113324,19,3.210,2.113,3.164,2.647,4.105,2.907,2.214,4.969,3.663
1676496321.1338701,17,2.982,2.000,2.941,2.473,3.777,2.705,2.086,4.550,3.381
1676496322.1619563,17,2.981,1.999,2.940,2.472,3.776,2.704,2.084,4.549,3.380
1676496323.193433,18,3.098,2.058,3.054,2.558,3.939,2.804,2.148,4.758,3.520
1676496324.196174,18,3.092,2.052,3.048,2.552,3.933,2.798,2.142,4.752,3.514
1676496325.2154431,18,3.098,2.058,3.054,2.558,3.939,2.804,2.148,4.758,3.520
1676496326.2283888,19,3.209,2.111,3.163,2.639,4.097,2.899,2.206,4.961,3.655
1676496327.2315636,19,3.215,2.111,3.163,2.640,4.097,2.899,2.207,4.962,3.655
1676496328.243439,19,3.209,2.118,3.170,2.646,4.104,2.906,2.213,4.968,3.662
1676496329.2566545,19,3.216,2.119,3.170,2.647,4.104,2.906,2.214,4.969,3.662
1676496330.2679057,19,3.217,2.119,3.171,2.648,4.105,2.907,2.215,4.969,3.663
1676496331.2820163,19,3.210,2.112,3.164,2.641,4.098,2.900,2.208,4.962,3.656
1676496332.284939,19,3.217,2.119,3.171,2.648,4.105,2.907,2.215,4.969,3.663
1676496333.2972326,18,3.094,2.054,3.050,2.554,3.935,2.800,2.144,4.754,3.516
1676496334.300046,18,3.100,2.060,3.056,2.560,3.941,2.806,2.150,4.760,3.522
1676496335.3029616,18,3.099,2.059,3.056,2.560,3.941,2.806,2.150,4.759,3.522
1676496336.3138115,18,3.099,2.060,3.056,2.560,3.941,2.806,2.150,4.760,3.522
1676496337.325496,19,3.217,2.119,3.171,2.647,4.105,2.907,2.214,4.969,3.663
1676496338.3472016,18,3.100,2.060,3.056,2.561,3.941,2.807,2.151,4.760,3.523
1676496339.3711565,18,3.100,2.060,3.056,2.561,3.941,2.807,2.150,4.760,3.523
1676496340.3849049,21,3.446,2.232,3.395,2.816,4.427,3.103,2.338,5.382,3.939
1676496341.4420304,16,2.867,1.942,2.828,2.387,3.615,2.606,2.023,4.343,3.242
1676496342.4610162,16,2.865,1.941,2.827,2.386,3.613,2.604,2.021,4.341,3.241
1676496343.484719,18,3.091,2.052,3.048,2.552,3.933,2.798,2.142,4.752,3.514
1676496344.525141,17,2.982,2.000,2.941,2.472,3.776,2.705,2.085,4.550,3.381
1676496345.536199,17,2.981,1.999,2.940,2.471,3.775,2.704,2.084,4.549,3.380
1676496346.5610194,18,3.097,2.057,3.054,2.558,3.938,2.804,2.148,4.757,3.520
1676496347.5833519,19,3.214,2.116,3.168,2.645,4.102,2.904,2.212,4.966,3.660
1676496348.5946305,19,3.214,2.117,3.168,2.645,4.102,2.905,2.212,4.967,3.661
1676496349.607253,19,3.215,2.117,3.169,2.645,4.103,2.905,2.213,4.967,3.661
1676496350.6186938,18,3.098,2.058,3.054,2.558,3.939,2.804,2.148,4.758,3.520
1676496351.6429825,18,3.090,2.050,3.046,2.551,3.931,2.796,2.140,4.750,3.513
1676496352.6473806,21,3.441,2.228,3.390,2.812,4.423,3.099,2.334,5.378,3.934
1676496353.6595044,20,3.326,2.170,3.277,2.726,4.260,3.000,2.271,5.170,3.795
1676496354.6807413,18,3.099,2.059,3.055,2.559,3.940,2.805,2.149,4.759,3.521
1676496355.7043095,18,3.099,2.059,3.055,2.559,3.940,2.805,2.149,4.759,3.521
1676496356.7272346,19,3.215,2.118,3.169,2.646,4.103,2.906,2.213,4.968,3.661
1676496357.73739,19,3.208,2.111,3.162,2.639,4.096,2.899,2.206,4.961,3.655
1676496358.7673287,17,2.982,2.000,2.941,2.472,3.776,2.705,2.085,4.550,3.381
1676496359.7867692,17,2.981,1.999,2.940,2.472,3.775,2.704,2.084,4.549,3.380
1676496360.8050601,19,3.207,2.109,3.161,2.638,4.095,2.897,2.205,4.959,3.653
1676496361.8270066,19,3.215,2.117,3.169,2.646,4.103,2.905,2.213,4.968,3.661
1676496362.8300986,19,3.216,2.110,3.170,2.639,4.096,2.898,2.206,4.961,3.654
1676496363.8510098,17,2.974,1.992,2.933,2.464,3.768,2.696,2.077,4.542,3.373
1676496364.8695939,17,2.972,1.990,2.931,2.463,3.767,2.695,2.076,4.540,3.372
1676496365.8864949,19,3.207,2.109,3.161,2.637,4.095,2.897,2.204,4.959,3.653
1676496366.9153566,18,3.090,2.050,3.046,2.551,3.931,2.797,2.141,4.750,3.513
1676496367.92559,18,3.090,2.050,3.046,2.551,3.931,2.797,2.141,4.750,3.513
1676496368.928966,19,3.214,2.117,3.168,2.645,4.102,2.905,2.212,4.967,3.661
1676496369.9319634,19,3.208,2.110,3.162,2.638,4.096,2.898,2.205,4.960,3.654
1676496370.9422848,19,3.216,2.118,3.163,2.647,4.104,2.906,2.214,4.968,3.662
1676496371.9638407,18,3.092,2.052,3.048,2.553,3.933,2.798,2.142,4.752,3.515
1676496372.9831228,18,3.099,2.059,3.056,2.560,3.941,2.806,2.150,4.760,3.522
1676496374.00442,20,3.334,2.179,3.286,2.735,4.269,3.008,2.279,5.179,3.804
1676496375.018216,21,3.453,2.240,3.403,2.824,4.435,3.111,2.346,5.390,3.946
1676496376.0305471,20,3.338,2.183,3.290,2.739,4.273,3.012,2.283,5.183,3.808
1676496377.0423129,19,3.222,2.125,3.176,2.653,4.110,2.913,2.220,4.975,3.668
1676496378.05511,19,3.224,2.126,3.177,2.654,4.111,2.914,2.221,4.976,3.670
1676496379.0859373,17,2.989,2.007,2.948,2.480,3.784,2.712,2.093,4.557,3.389
1676496380.105759,17,2.989,2.006,2.947,2.479,3.783,2.711,2.092,4.557,3.388
1676496381.1192973,18,3.097,2.058,3.054,2.558,3.939,2.804,2.148,4.758,3.520
1676496382.1422913,18,3.104,2.065,3.061,2.565,3.946,2.811,2.155,4.765,3.527
1676496383.1550057,20,3.339,2.183,3.290,2.739,4.273,3.013,2.284,5.183,3.808
1676496384.173691,18,3.105,2.065,3.061,2.566,3.946,2.811,2.155,4.765,3.528
1676496385.204672,18,3.097,2.064,3.053,2.557,3.938,2.803,2.147,4.757,3.519
1676496386.247356,19,3.213,2.115,3.167,2.651,4.109,2.911,2.218,4.973,3.667
1676496387.2503324,19,3.221,2.123,3.175,2.651,4.109,2.911,2.218,4.973,3.667
1676496388.2534127,19,3.221,2.123,3.175,2.651,4.109,2.911,2.218,4.973,3.667
1676496389.2659252,18,3.096,2.056,3.052,2.557,3.937,2.802,2.146,4.756,3.519
1676496390.2761552,18,3.103,2.063,3.059,2.564,3.944,2.809,2.153,4.763,3.526
1676496391.2942605,19,3.213,2.115,3.167,2.643,4.101,2.903,2.210,4.965,3.659
1676496392.3342319,17,2.978,1.996,2.937,2.468,3.772,2.701,2.081,4.546,3.377
1676496393.3707325,17,2.983,2.001,2.942,2.474,3.778,2.706,2.086,4.551,3.382
1676496394.403396,20,3.327,2.178,3.278,2.735,4.261,3.000,2.271,5.171,3.796
1676496395.4150758,19,3.211,2.113,3.165,2.641,4.099,2.901,2.208,4.963,3.657
1676496396.417748,19,3.211,2.113,3.165,2.642,4.099,2.901,2.209,4.963,3.657
1676496397.427458,19,3.211,2.114,3.165,2.642,4.099,2.901,2.209,4.964,3.657
1676496398.4411876,19,3.212,2.114,3.166,2.643,4.100,2.902,2.210,4.964,3.658
1676496399.4433615,19,3.213,2.115,3.167,2.644,4.101,2.903,2.211,4.965,3.659
1676496400.4464614,19,3.213,2.116,3.167,2.644,4.101,2.904,2.211,4.966,3.659
1676496401.4574711,19,3.213,2.116,3.167,2.644,4.101,2.904,2.211,4.966,3.660
1676496402.4624004,20,3.339,2.184,3.291,2.740,4.274,3.013,2.284,5.184,3.809
1676496403.4851995,18,3.106,2.066,3.062,2.567,3.947,2.813,2.157,4.766,3.529
1676496404.487364,18,3.099,2.059,3.055,2.560,3.940,2.805,2.149,4.759,3.521
1676496405.4994338,18,3.099,2.066,3.055,2.559,3.940,2.805,2.149,4.759,3.521
1676496406.5033672,19,3.216,2.118,3.170,2.646,4.104,2.906,2.213,4.968,3.662
1676496407.5288968,19,3.216,2.118,3.170,2.647,4.104,2.906,2.214,4.968,3.662
1676496408.5491045,22,3.569,2.298,3.515,2.909,4.597,3.210,2.408,5.598,4.085
1676496409.576842,21,3.461,2.248,3.410,2.832,4.443,3.119,2.354,5.398,3.954
1676496410.6028252,18,3.112,2.072,3.068,2.572,3.953,2.818,2.162,4.772,3.534
1676496411.6311934,18,3.104,2.064,3.060,2.564,3.945,2.810,2.154,4.764,3.526
1676496412.6525865,20,3.346,2.190,3.297,2.746,4.280,3.020,2.291,5.190,3.815
1676496413.6763444,20,3.347,2.191,3.298,2.748,4.282,3.021,2.292,5.192,3.816
1676496414.708594,20,3.341,2.185,3.292,2.741,4.276,3.015,2.286,5.185,3.810
1676496415.7202594,19,3.231,2.134,3.185,2.662,4.119,2.922,2.229,4.984,3.677
1676496416.723341,19,3.224,2.126,3.178,2.655,4.112,2.914,2.222,4.976,3.670
1676496417.7349114,19,3.224,2.126,3.178,2.654,4.112,2.914,2.221,4.976,3.670
1676496418.7491467,20,3.348,2.193,3.300,2.749,4.283,3.014,2.286,5.185,3.810
1676496419.7531223,21,3.466,2.252,3.415,2.836,4.447,3.123,2.358,5.403,3.959
1676496420.7633088,21,3.466,2.253,3.415,2.837,4.448,3.124,2.358,5.403,3.959
1676496421.7756073,21,3.467,2.254,3.416,2.838,4.448,3.124,2.359,5.404,3.960
1676496422.7872825,20,3.350,2.195,3.302,2.751,4.285,3.024,2.295,5.195,3.820
1676496423.8003943,19,3.233,2.135,3.187,2.664,4.121,2.923,2.231,4.986,3.679
1676496424.8113174,18,3.115,2.076,3.072,2.576,3.957,2.822,2.166,4.776,3.538
1676496425.8274064,18,3.114,2.075,3.071,2.575,3.956,2.821,2.165,4.775,3.537
1676496426.8320863,20,3.341,2.193,3.300,2.749,4.283,3.022,2.293,5.193,3.810
1676496427.86988,16,2.879,1.955,2.840,2.400,3.627,2.618,2.035,4.355,3.255
1676496428.872826,16,2.877,1.952,2.838,2.397,3.625,2.616,2.033,4.353,3.252
1676496429.8933175,16,2.874,1.950,2.835,2.395,3.622,2.613,2.030,4.350,3.250
1676496430.9059584,19,3.224,2.126,3.178,2.655,4.112,2.914,2.222,4.976,3.670
1676496431.909967,20,3.341,2.185,3.292,2.742,4.276,3.015,2.286,5.185,3.810
1676496432.930144,18,3.107,2.067,3.063,2.567,3.948,2.813,2.157,4.767,3.529
1676496433.9423363,18,3.098,2.058,3.055,2.559,3.939,2.805,2.149,4.758,3.521
1676496434.955376,19,3.214,2.116,3.168,2.645,4.102,2.904,2.212,4.966,3.660
1676496435.9693162,19,3.214,2.117,3.168,2.645,4.102,2.905,2.212,4.967,3.660
1676496436.9896796,19,3.222,2.124,3.176,2.653,4.110,2.912,2.220,4.975,3.668
1676496438.027914,17,2.981,1.999,2.940,2.471,3.783,2.704,2.091,4.556,3.387
1676496439.0387883,17,2.987,2.005,2.946,2.478,3.782,2.710,2.091,4.555,3.386
1676496440.051797,17,2.986,2.004,2.945,2.477,3.781,2.709,2.090,4.554,3.385
1676496441.07755,17,2.985,2.003,2.944,2.476,3.780,2.708,2.088,4.553,3.384
1676496442.0813951,21,3.454,2.240,3.403,2.824,4.435,3.111,2.346,5.390,3.947
1676496443.0947223,20,3.331,2.176,3.283,2.739,4.273,3.013,2.284,5.183,3.808
1676496444.0975442,20,3.332,2.177,3.284,2.733,4.267,3.006,2.277,5.185,3.809
1676496445.109024,20,3.334,2.178,3.285,2.734,4.268,3.008,2.279,5.178,3.803
1676496446.1300385,19,3.225,2.127,3.179,2.655,4.113,2.915,2.222,4.977,3.671
1676496447.1329496,19,3.225,2.128,3.179,2.656,4.113,2.916,2.223,4.978,3.671
1676496448.1445208,19,3.226,2.128,3.180,2.656,4.114,2.916,2.223,4.978,3.672
1676496449.1668139,18,3.101,2.061,3.058,2.562,3.943,2.808,2.152,4.762,3.524
1676496450.1784108,18,3.108,2.068,3.065,2.569,3.950,2.815,2.159,4.769,3.531
1676496451.1823497,19,3.218,2.120,3.172,2.648,4.106,2.908,2.215,4.970,3.664
1676496452.185291,19,3.225,2.127,3.179,2.656,4.113,2.915,2.223,4.978,3.671
1676496453.1873226,19,3.225,2.127,3.179,2.656,4.113,2.915,2.223,4.977,3.671
1676496454.197881,18,3.108,2.068,3.064,2.569,3.949,2.814,2.158,4.768,3.531
1676496455.20113,18,3.107,2.068,3.064,2.568,3.949,2.814,2.158,4.768,3.530
1676496456.2033288,18,3.106,2.066,3.063,2.567,3.948,2.813,2.157,4.766,3.529
1676496457.214305,18,3.105,2.058,3.054,2.559,3.939,2.804,2.148,4.758,3.521
1676496458.2289104,18,3.105,2.065,3.061,2.565,3.946,2.811,2.155,4.765,3.527
1676496459.2378418,18,3.104,2.064,3.060,2.565,3.945,2.810,2.154,4.764,3.527
1676496460.2518048,18,3.096,2.056,3.053,2.557,3.937,2.803,2.147,4.756,3.519
1676496461.2547603,18,3.095,2.055,3.052,2.556,3.937,2.802,2.146,4.756,3.518
1676496462.2770092,18,3.102,2.062,3.058,2.562,3.943,2.808,2.152,4.762,3.524
1676496463.2972872,19,3.219,2.121,3.173,2.649,4.107,2.909,2.216,4.971,3.665
1676496464.3090975,18,3.102,2.062,3.058,2.563,3.943,2.809,2.153,4.762,3.525
1676496465.3342037,15,2.743,1.883,2.714,2.301,3.451,2.505,1.959,4.133,3.102
1676496466.3714423,15,2.748,1.881,2.711,2.298,3.449,2.503,1.956,4.131,3.100
1676496467.4033585,19,3.215,2.117,3.169,2.646,4.103,2.905,2.213,4.967,3.661
1676496468.4147708,19,3.216,2.118,3.170,2.647,4.104,2.906,2.214,4.968,3.662
1676496469.4273665,19,3.209,2.112,3.163,2.640,4.097,2.899,2.207,4.962,3.655
1676496470.4500568,17,2.983,2.001,2.942,2.473,3.777,2.706,2.086,4.551,3.382
1676496471.4657042,17,2.982,2.000,2.941,2.472,3.776,2.705,2.085,4.550,3.381
1676496472.4803445,19,3.216,2.118,3.170,2.646,4.104,2.906,2.214,4.968,3.662
1676496473.4948142,19,3.217,2.119,3.171,2.647,4.105,2.907,2.214,4.969,3.663
1676496474.505681,19,3.210,2.112,3.164,2.640,4.098,2.900,2.207,4.962,3.656
1676496475.5093832,20,3.335,2.180,3.287,2.736,4.270,3.009,2.280,5.180,3.805
1676496476.5211291,19,3.219,2.121,3.173,2.650,4.107,2.902,2.217,4.964,3.658
1676496477.538457,19,3.212,2.114,3.166,2.643,4.100,2.902,2.210,4.964,3.658
1676496478.5589767,19,3.212,2.114,3.166,2.643,4.100,2.902,2.210,4.965,3.658
1676496479.561743,19,3.213,2.115,3.167,2.644,4.101,2.903,2.211,4.965,3.659
1676496480.5809085,17,2.986,2.004,2.945,2.477,3.781,2.709,2.089,4.554,3.385
1676496481.5994682,17,2.985,2.003,2.944,2.476,3.772,2.701,2.081,4.546,3.377
1676496482.6182437,19,3.211,2.114,3.165,2.642,4.099,2.902,2.209,4.964,3.657
1676496483.6328752,20,3.337,2.181,3.288,2.738,4.272,3.011,2.282,5.182,3.806
1676496484.6515923,20,3.338,2.183,3.290,2.739,4.273,3.012,2.283,5.183,3.808
1676496485.6972919,17,2.988,2.006,2.947,2.479,3.783,2.711,2.091,4.556,3.387
1676496486.7182012,17,2.987,2.005,2.946,2.478,3.782,2.710,2.090,4.555,3.386
1676496487.7433622,17,2.987,2.004,2.945,2.477,3.781,2.709,2.090,4.555,3.386
1676496488.765029,17,2.986,2.004,2.945,2.477,3.780,2.709,2.089,4.554,3.385
1676496489.7830107,20,3.330,2.175,3.282,2.731,4.265,3.004,2.275,5.175,3.800
1676496490.8021407,20,3.331,2.176,3.283,2.732,4.266,3.005,2.276,5.176,3.801
1676496491.8188453,20,3.333,2.177,3.285,2.734,4.268,3.007,2.278,5.178,3.803
1676496492.8397145,20,3.341,2.186,3.293,2.742,4.276,3.015,2.286,5.186,3.811
1676496493.8509886,19,3.218,2.120,3.172,2.648,4.106,2.908,2.215,4.970,3.664
1676496494.8682468,19,3.218,2.121,3.172,2.649,4.106,2.908,2.216,4.971,3.664
1676496495.8807104,20,3.336,2.180,3.287,2.737,4.271,3.010,2.281,5.181,3.805
1676496496.8914983,20,3.337,2.181,3.288,2.738,4.272,3.011,2.282,5.181,3.806
1676496497.8953505,21,3.455,2.241,3.404,2.825,4.436,3.112,2.347,5.391,3.948
1676496498.9071543,20,3.338,2.183,3.290,2.739,4.273,3.012,2.283,5.183,3.808
1676496499.9100468,20,3.338,2.183,3.290,2.739,4.273,3.012,2.283,5.183,3.808
1676496500.9194145,20,3.338,2.183,3.290,2.739,4.273,3.012,2.283,5.183,3.808
1676496501.932291,20,3.339,2.183,3.290,2.740,4.274,3.013,2.284,5.184,3.808
1676496502.9447134,19,3.222,2.124,3.176,2.653,4.110,2.912,2.220,4.974,3.668
1676496503.962854,19,3.221,2.123,3.175,2.652,4.109,2.911,2.219,4.974,3.667
1676496504.9760149,20,3.338,2.182,3.297,2.746,4.280,3.019,2.290,5.190,3.815
1676496505.9870243,19,3.221,2.130,3.182,2.659,4.116,2.911,2.218,4.973,3.667
1676496506.9987106,18,3.110,2.070,3.067,2.571,3.952,2.817,2.161,4.770,3.533
1676496508.0234916,18,3.109,2.062,3.065,2.569,3.950,2.815,2.159,4.769,3.531
1676496509.0433486,20,3.342,2.187,3.294,2.743,4.277,3.016,2.287,5.187,3.812
1676496510.0461109,20,3.335,2.179,3.286,2.736,4.270,3.009,2.280,5.180,3.804
1676496511.0741153,17,2.984,2.009,2.942,2.474,3.778,2.706,2.087,4.552,3.383
1676496512.1003222,17,2.982,2.007,2.948,2.480,3.784,2.712,2.093,4.557,3.388
1676496513.1309903,18,3.105,2.065,3.061,2.565,3.946,2.811,2.155,4.765,3.527
1676496514.1338754,18,3.096,2.064,3.053,2.557,3.938,2.803,2.147,4.757,3.519
1676496515.1451209,17,2.978,1.996,2.937,2.468,3.772,2.701,2.081,4.546,3.377
1676496516.1549213,17,2.976,1.994,2.935,2.466,3.770,2.699,2.079,4.544,3.375
1676496517.1821632,18,3.091,2.051,3.048,2.552,3.933,2.798,2.142,4.751,3.514
1676496518.1953733,21,3.443,2.237,3.399,2.821,4.432,3.108,2.342,5.387,3.943
1676496519.206807,20,3.334,2.179,3.286,2.735,4.269,3.008,2.279,5.179,3.804
1676496520.2197235,19,3.218,2.120,3.172,2.648,4.106,2.908,2.215,4.970,3.664
1676496521.2225678,19,3.210,2.113,3.164,2.641,4.098,2.901,2.208,4.963,3.657
1676496522.2340677,18,3.093,2.054,3.050,2.554,3.935,2.800,2.144,4.754,3.516
1676496523.244634,18,3.093,2.053,3.050,2.554,3.934,2.800,2.144,4.753,3.516
1676496524.2495959,19,3.211,2.113,3.165,2.641,4.099,2.901,2.208,4.963,3.657
1676496525.260848,18,3.094,2.054,3.050,2.555,3.935,2.800,2.144,4.754,3.517
1676496526.2800179,18,3.094,2.054,3.050,2.554,3.935,2.800,2.144,4.754,3.516
1676496527.298738,18,3.093,2.053,3.050,2.554,3.934,2.800,2.144,4.753,3.516
1676496528.3191476,18,3.093,2.053,3.049,2.554,3.934,2.799,2.143,4.753,3.515
1676496529.3392546,18,3.100,2.060,3.057,2.553,3.942,2.799,2.151,4.760,3.523
1676496530.3511088,17,2.975,1.993,2.934,2.473,3.777,2.705,2.086,4.551,3.382
1676496531.383064,17,2.982,2.000,2.941,2.472,3.776,2.705,2.085,4.550,3.381
1676496532.4148488,19,3.208,2.118,3.162,2.639,4.096,2.898,2.206,4.961,3.654
1676496533.4175491,19,3.208,2.118,3.162,2.639,4.096,2.899,2.206,4.961,3.654
1676496534.4368756,17,2.975,2.000,2.941,2.473,3.777,2.705,2.085,4.550,3.381
1676496535.44877,16,2.856,1.932,2.818,2.377,3.604,2.596,2.012,4.332,3.232
1676496536.4754295,16,2.854,1.930,2.816,2.375,3.602,2.593,2.010,4.330,3.230
1676496537.497606,18,3.095,2.055,3.051,2.556,3.936,2.801,2.145,4.755,3.517
1676496538.515577,18,3.087,2.048,3.044,2.548,3.929,2.794,2.138,4.748,3.510
1676496539.5285661,19,3.204,2.107,3.158,2.635,4.092,2.894,2.202,4.957,3.650
1676496540.546694,17,2.977,1.995,2.936,2.468,3.772,2.700,2.080,4.545,3.376
1676496541.5691428,17,2.976,1.994,2.935,2.467,3.771,2.699,2.079,4.544,3.375
1676496542.5837836,20,3.327,2.172,3.279,2.728,4.262,3.001,2.272,5.172,3.797
1676496543.6136441,18,3.086,2.046,3.043,2.547,3.928,2.793,2.137,4.747,3.509
1676496544.6165204,18,3.093,2.053,3.050,2.554,3.934,2.800,2.144,4.753,3.516
1676496545.6193924,18,3.085,2.045,3.042,2.546,3.926,2.792,2.136,4.745,3.508
1676496546.6418421,18,3.093,2.053,3.049,2.553,3.934,2.799,2.143,4.753,3.515
1676496547.672458,18,3.092,2.052,3.049,2.553,3.934,2.799,2.143,4.752,3.515
1676496548.6834047,18,3.085,2.045,3.041,2.545,3.926,2.791,2.135,4.745,3.507
1676496549.7047799,17,2.975,1.993,2.934,2.466,3.770,2.698,2.078,4.543,3.374
1676496550.728112,17,2.967,1.985,2.926,2.458,3.762,2.690,2.070,4.535,3.366
1676496551.7465892,18,3.084,2.044,3.040,2.544,3.925,2.790,2.134,4.744,3.506
1676496552.765914,18,3.084,2.044,3.040,2.544,3.925,2.790,2.134,4.744,3.506
1676496553.7694345,20,3.318,2.163,3.270,2.719,4.253,2.992,2.263,5.163,3.788
1676496554.788434,18,3.086,2.046,3.042,2.546,3.927,2.792,2.136,4.746,3.508
1676496555.7983887,17,2.968,1.986,2.927,2.459,3.763,2.691,2.072,4.536,3.367
1676496556.8095715,17,2.968,1.986,2.927,2.458,3.762,2.691,2.071,4.536,3.367
1676496557.8283286,18,3.085,2.045,3.041,2.546,3.926,2.791,2.135,4.745,3.508
1676496558.852412,18,3.092,2.045,3.049,2.553,3.933,2.799,2.143,4.752,3.515
1676496559.8552415,18,3.085,2.045,3.042,2.546,3.926,2.792,2.136,4.745,3.508
1676496560.864189,18,3.086,2.046,3.042,2.546,3.927,2.792,2.136,4.746,3.508
1676496561.8681524,19,3.203,2.106,3.157,2.634,4.091,2.894,2.201,4.956,3.649
1676496562.8710463,19,3.204,2.107,3.158,2.635,4.092,2.895,2.202,4.957,3.650
1676496563.883339,19,3.206,2.108,3.160,2.636,4.094,2.896,2.204,4.958,3.652
1676496564.8984234,19,3.207,2.109,3.161,2.637,4.095,2.897,2.205,4.959,3.653
1676496565.9013412,19,3.215,2.118,3.169,2.646,4.103,2.906,2.213,4.968,3.662
1676496566.9111722,18,3.092,2.052,3.048,2.553,3.933,2.799,2.142,4.752,3.515
1676496567.9313858,18,3.093,2.053,3.049,2.553,3.934,2.799,2.143,4.753,3.515
1676496568.952513,18,3.093,2.053,3.049,2.554,3.934,2.799,2.143,4.753,3.516
1676496569.9553292,18,3.101,2.061,3.058,2.562,3.942,2.808,2.152,4.761,3.524
1676496570.9679503,17,2.977,1.994,2.935,2.467,3.771,2.699,2.080,4.544,3.376
1676496571.9709184,17,2.976,1.994,2.935,2.466,3.770,2.699,2.079,4.544,3.375
1676496572.9737337,17,2.975,2.001,2.942,2.473,3.777,2.706,2.086,4.551,3.375
1676496573.9767365,17,2.975,1.993,2.934,2.465,3.769,2.697,2.078,4.543,3.374
1676496574.9874284,17,2.981,1.999,2.940,2.471,3.775,2.704,2.084,4.549,3.380
1676496575.9994788,18,3.090,2.050,3.047,2.551,3.932,2.797,2.141,4.750,3.513
1676496577.0299501,16,2.863,1.939,2.824,2.384,3.611,2.602,2.019,4.339,3.239
