1675774628.477871,50,None,None,None,None,None,None,None,None,None
1675774629.4879894,50,None,None,None,None,None,None,None,None,None
1675774630.4906142,50,None,None,None,None,None,None,None,None,None
1675774631.4927793,50,None,None,None,None,None,None,None,None,None
1675774632.4949179,50,None,None,None,None,None,None,None,None,None
1675774633.4976172,50,None,None,None,None,None,None,None,None,None
1675774634.5005784,50,None,None,None,None,None,None,None,None,None
1675774635.5031905,50,None,None,None,None,None,None,None,None,None
1675774636.5053551,50,None,None,None,None,None,None,None,None,None
1675774637.5072196,50,None,None,None,None,None,None,None,None,None
1675774638.5099459,50,None,None,None,None,None,None,None,None,None
1675774639.5112498,50,None,None,None,None,None,None,None,None,None
1675774640.5137787,50,4.323,2.301,4.238,4.574,5.959,5.256,2.477,7.551,5.145
1675774641.5152283,50,4.365,2.343,4.280,4.616,6.001,5.298,2.519,7.593,5.187
1675774642.5179973,50,4.383,2.361,4.298,4.634,6.019,5.316,2.537,7.611,5.205
1675774643.5207634,50,4.399,2.377,4.314,4.650,6.035,5.332,2.553,7.627,5.221
1675774644.522979,50,4.417,2.395,4.332,4.667,6.053,5.350,2.571,7.645,5.239
1675774645.525501,50,4.431,2.409,4.346,4.681,6.067,5.364,2.585,7.659,5.253
1675774646.5282316,50,4.443,2.421,4.358,4.693,6.079,5.376,2.597,7.671,5.265
1675774647.5308895,50,4.451,2.429,4.366,4.701,6.087,5.384,2.605,7.679,5.273
1675774648.5336432,50,4.456,2.434,4.371,4.706,6.092,5.389,2.610,7.684,5.278
1675774649.536507,50,4.457,2.435,4.372,4.707,6.093,5.390,2.611,7.685,5.279
1675774650.539294,50,4.460,2.438,4.375,4.710,6.096,5.393,2.614,7.688,5.282
1675774651.5418894,50,4.462,2.440,4.378,4.713,6.098,5.396,2.616,7.691,5.284
1675774652.5442479,50,4.466,2.444,4.381,4.716,6.102,5.399,2.620,7.694,5.288
1675774653.5470023,50,4.471,2.449,4.386,4.721,6.106,5.404,2.624,7.699,5.292
1675774654.5495405,50,4.475,2.453,4.391,4.726,6.111,5.409,2.629,7.704,5.297
1675774655.5512698,50,4.480,2.458,4.395,4.730,6.115,5.413,2.633,7.708,5.301
1675774656.553926,50,4.483,2.461,4.398,4.733,6.118,5.416,2.636,7.711,5.304
1675774657.5565193,50,4.486,2.463,4.401,4.736,6.121,5.419,2.639,7.714,5.307
1675774658.5593228,50,4.488,2.466,4.403,4.738,6.124,5.421,2.642,7.716,5.310
1675774659.5619488,50,4.490,2.468,4.406,4.741,6.126,5.424,2.644,7.719,5.312
1675774660.5645137,50,4.493,2.471,4.408,4.744,6.129,5.426,2.647,7.721,5.315
1675774661.5669677,50,4.496,2.473,4.411,4.746,6.131,5.429,2.649,7.724,5.317
1675774662.569793,50,4.498,2.476,4.413,4.748,6.133,5.431,2.651,7.726,5.319
1675774663.5727036,50,4.500,2.478,4.416,4.751,6.136,5.434,2.654,7.728,5.322
1675774664.5762558,50,4.503,2.481,4.419,4.754,6.139,5.437,2.657,7.731,5.325
1675774665.578845,50,4.506,2.484,4.421,4.757,6.142,5.440,2.660,7.734,5.328
1675774666.5813148,50,4.509,2.487,4.425,4.760,6.145,5.443,2.663,7.737,5.331
1675774667.5833077,50,4.512,2.490,4.428,4.763,6.148,5.446,2.666,7.740,5.334
1675774668.5858305,50,4.516,2.494,4.431,4.766,6.151,5.449,2.669,7.744,5.337
1675774669.5879295,50,4.518,2.496,4.433,4.769,6.154,5.452,2.672,7.746,5.340
1675774670.5906126,50,4.521,2.499,4.437,4.772,6.157,5.455,2.675,7.750,5.343
1675774671.5934818,50,4.525,2.503,4.440,4.775,6.161,5.458,2.679,7.753,5.347
1675774672.5964828,50,4.528,2.506,4.443,4.778,6.164,5.461,2.682,7.756,5.350
1675774673.5992455,50,4.531,2.509,4.446,4.781,6.167,5.464,2.685,7.759,5.353
1675774674.6020527,50,4.534,2.512,4.450,4.785,6.170,5.468,2.688,7.762,5.356
1675774675.6049402,50,4.537,2.515,4.452,4.787,6.173,5.470,2.691,7.765,5.359
1675774676.6072564,50,4.540,2.518,4.455,4.790,6.176,5.473,2.694,7.768,5.362
1675774677.6094112,50,4.543,2.521,4.458,4.793,6.179,5.476,2.697,7.771,5.365
1675774678.6122558,50,4.546,2.524,4.461,4.797,6.182,5.480,2.700,7.774,5.368
1675774679.615028,50,4.550,2.528,4.466,4.801,6.186,5.484,2.704,7.778,5.372
1675774680.617691,50,4.555,2.532,4.470,4.805,6.190,5.488,2.708,7.783,5.376
1675774681.6194444,50,4.559,2.537,4.474,4.809,6.195,5.492,2.713,7.787,5.381
1675774682.6219647,50,4.563,2.541,4.478,4.813,6.199,5.496,2.717,7.791,5.385
1675774683.6246192,50,4.566,2.544,4.482,4.817,6.202,5.500,2.720,7.794,5.388
1675774684.627309,50,4.570,2.548,4.485,4.820,6.206,5.503,2.724,7.798,5.392
1675774685.6299293,50,4.573,2.551,4.488,4.824,6.209,5.507,2.727,7.801,5.395
1675774686.6327438,50,4.576,2.554,4.491,4.827,6.212,5.509,2.730,7.804,5.398
1675774687.635237,50,4.579,2.557,4.495,4.830,6.215,5.513,2.733,7.807,5.401
1675774688.6377656,50,4.582,2.560,4.497,4.832,6.218,5.515,2.736,7.810,5.404
1675774689.6400583,50,4.585,2.562,4.500,4.835,6.220,5.518,2.738,7.813,5.406
1675774690.6429808,50,4.586,2.564,4.502,4.837,6.222,5.520,2.740,7.815,5.408
1675774691.6458955,50,4.588,2.566,4.503,4.838,6.224,5.521,2.742,7.816,5.410
1675774692.6485276,50,4.590,2.567,4.505,4.840,6.225,5.523,2.743,7.818,5.411
1675774693.65125,50,4.591,2.569,4.506,4.842,6.227,5.525,2.745,7.819,5.413
1675774694.653799,50,4.594,2.572,4.509,4.844,6.230,5.527,2.748,7.822,5.416
1675774695.656338,50,4.598,2.575,4.513,4.848,6.233,5.531,2.751,7.826,5.419
1675774696.6590288,50,4.600,2.578,4.515,4.850,6.236,5.533,2.754,7.828,5.422
1675774697.6615715,50,4.603,2.581,4.518,4.854,6.239,5.537,2.757,7.831,5.425
1675774698.6632571,50,4.606,2.584,4.522,4.857,6.242,5.540,2.760,7.834,5.428
1675774699.665551,50,4.609,2.587,4.524,4.859,6.245,5.542,2.763,7.837,5.431
1675774700.6681502,50,4.612,2.590,4.527,4.862,6.247,5.545,2.765,7.840,5.433
1675774701.6709664,50,4.614,2.592,4.530,4.865,6.250,5.548,2.768,7.843,5.436
1675774702.6735053,50,4.617,2.595,4.532,4.867,6.253,5.550,2.771,7.845,5.439
1675774703.6762316,50,4.619,2.597,4.534,4.869,6.255,5.552,2.773,7.847,5.441
1675774704.678996,50,4.620,2.598,4.536,4.871,6.256,5.554,2.774,7.849,5.442
1675774705.6816058,50,4.622,2.599,4.537,4.872,6.257,5.555,2.775,7.850,5.443
1675774706.6843064,50,4.623,2.601,4.538,4.873,6.259,5.556,2.777,7.851,5.445
1675774707.6875489,50,4.624,2.602,4.539,4.875,6.260,5.558,2.778,7.852,5.446
1675774708.6905386,50,4.626,2.604,4.541,4.876,6.262,5.559,2.780,7.854,5.448
1675774709.693407,50,4.627,2.605,4.542,4.877,6.263,5.560,2.781,7.855,5.449
1675774710.6954277,50,4.630,2.608,4.545,4.880,6.266,5.563,2.784,7.858,5.452
1675774711.6981032,50,4.632,2.610,4.547,4.882,6.267,5.565,2.785,7.860,5.453
1675774712.7001095,50,4.634,2.612,4.549,4.885,6.270,5.567,2.788,7.862,5.456
1675774713.7025075,50,4.637,2.615,4.552,4.888,6.273,5.570,2.791,7.865,5.459
1675774714.7051501,50,4.641,2.618,4.556,4.891,6.276,5.574,2.794,7.869,5.462
1675774715.7072144,50,4.644,2.621,4.559,4.894,6.279,5.577,2.797,7.872,5.465
1675774716.7096362,50,4.647,2.625,4.562,4.897,6.283,5.580,2.801,7.875,5.469
1675774717.712562,50,4.651,2.629,4.566,4.901,6.287,5.584,2.805,7.879,5.473
1675774718.715321,50,4.654,2.632,4.569,4.904,6.290,5.587,2.808,7.882,5.476
1675774719.7180264,50,4.658,2.636,4.573,4.908,6.294,5.591,2.812,7.886,5.480
1675774720.7208946,50,4.661,2.639,4.576,4.912,6.297,5.595,2.815,7.889,5.483
1675774721.7240412,50,4.665,2.643,4.580,4.915,6.300,5.598,2.818,7.893,5.486
1675774722.7270117,50,4.668,2.646,4.584,4.919,6.304,5.602,2.822,7.897,5.490
1675774723.729888,50,4.673,2.650,4.588,4.923,6.308,5.606,2.826,7.901,5.494
1675774724.7329626,50,4.676,2.654,4.591,4.926,6.312,5.609,2.830,7.904,5.498
1675774725.7356513,50,4.680,2.658,4.595,4.930,6.316,5.613,2.834,7.908,5.502
1675774726.738765,50,4.684,2.662,4.599,4.934,6.319,5.617,2.837,7.912,5.505
1675774727.7412949,50,4.687,2.665,4.602,4.937,6.323,5.620,2.841,7.915,5.509
1675774728.7433248,50,4.691,2.668,4.606,4.941,6.326,5.624,2.844,7.919,5.512
1675774729.7462182,50,4.694,2.672,4.610,4.945,6.330,5.628,2.848,7.922,5.516
1675774730.7488809,50,4.698,2.676,4.613,4.949,6.334,5.632,2.852,7.926,5.520
1675774731.751336,50,4.702,2.680,4.617,4.952,6.338,5.635,2.856,7.930,5.524
1675774732.7539945,50,4.705,2.683,4.620,4.956,6.341,5.639,2.859,7.933,5.527
1675774733.7570052,50,4.709,2.686,4.624,4.959,6.344,5.642,2.862,7.937,5.530
1675774734.7596316,50,4.712,2.689,4.627,4.962,6.347,5.645,2.865,7.940,5.533
1675774735.7621777,50,4.714,2.692,4.629,4.965,6.350,5.648,2.868,7.942,5.536
1675774736.7649884,50,4.717,2.695,4.633,4.968,6.353,5.651,2.871,7.946,5.539
1675774737.7673295,50,4.721,2.699,4.636,4.971,6.356,5.654,2.874,7.949,5.542
1675774738.7700124,50,4.723,2.701,4.638,4.973,6.359,5.656,2.877,7.951,5.545
1675774739.7726364,50,4.725,2.703,4.640,4.975,6.361,5.658,2.879,7.953,5.547
1675774740.775463,50,4.728,2.705,4.643,4.978,6.363,5.661,2.881,7.956,5.549
1675774741.778156,50,4.730,2.708,4.645,4.980,6.366,5.663,2.884,7.958,5.552
1675774742.7810295,50,4.732,2.710,4.648,4.983,6.368,5.666,2.886,7.961,5.554
1675774743.783315,50,4.735,2.713,4.650,4.985,6.370,5.668,2.888,7.963,5.556
1675774744.784877,50,4.737,2.715,4.652,4.988,6.373,5.671,2.891,7.965,5.559
1675774745.787551,50,4.739,2.717,4.655,4.990,6.375,5.673,2.893,7.967,5.561
1675774746.7902625,50,4.742,2.720,4.657,4.992,6.377,5.675,2.895,7.970,5.563
1675774747.7932546,50,4.743,2.721,4.659,4.994,6.379,5.677,2.897,7.972,5.565
1675774748.795342,50,4.746,2.724,4.662,4.997,6.382,5.680,2.900,7.974,5.568
1675774749.798357,50,4.750,2.728,4.665,5.000,6.385,5.683,2.903,7.978,5.571
1675774750.8010833,50,4.753,2.731,4.668,5.003,6.388,5.686,2.906,7.981,5.574
1675774751.8032184,50,4.756,2.734,4.671,5.006,6.392,5.689,2.910,7.984,5.578
1675774752.8060946,50,4.760,2.738,4.675,5.010,6.396,5.693,2.914,7.988,5.582
1675774753.80903,50,4.764,2.742,4.679,5.014,6.399,5.697,2.917,7.992,5.585
1675774754.8112621,50,4.768,2.745,4.683,5.018,6.403,5.701,2.921,7.996,5.589
1675774755.8144639,50,4.771,2.749,4.687,5.022,6.407,5.705,2.925,7.999,5.593
1675774756.8174534,50,4.775,2.753,4.690,5.025,6.411,5.708,2.929,8.003,5.597
1675774757.8203666,50,4.778,2.756,4.693,5.029,6.414,5.712,2.932,8.006,5.600
1675774758.823131,50,4.782,2.760,4.697,5.032,6.418,5.715,2.936,8.010,5.604
1675774759.82615,50,4.785,2.763,4.700,5.035,6.421,5.718,2.939,8.013,5.607
1675774760.8287635,50,4.789,2.767,4.704,5.039,6.425,5.722,2.943,8.017,5.611
1675774761.8321633,50,4.792,2.770,4.707,5.043,6.428,5.725,2.946,8.020,5.614
1675774762.8350697,50,4.796,2.774,4.711,5.047,6.432,5.729,2.950,8.024,5.618
1675774763.838376,50,4.800,2.778,4.716,5.051,6.436,5.734,2.954,8.028,5.622
1675774764.8412952,50,4.805,2.783,4.720,5.055,6.440,5.738,2.958,8.033,5.626
1675774765.843357,50,4.809,2.787,4.725,5.060,6.445,5.743,2.963,8.038,5.631
1675774766.846157,50,4.814,2.792,4.729,5.064,6.449,5.747,2.967,8.042,5.635
1675774767.8489447,50,4.819,2.797,4.734,5.069,6.454,5.752,2.972,8.047,5.640
1675774768.8513904,50,4.823,2.801,4.738,5.073,6.459,5.756,2.977,8.051,5.645
1675774769.854124,50,4.827,2.805,4.743,5.078,6.463,5.761,2.981,8.055,5.649
1675774770.856916,50,4.832,2.810,4.747,5.082,6.468,5.765,2.986,8.060,5.654
1675774771.8593955,50,4.837,2.815,4.752,5.087,6.473,5.770,2.991,8.065,5.659
1675774772.8621597,50,4.842,2.820,4.757,5.092,6.478,5.775,2.996,8.070,5.664
1675774773.8650057,50,4.847,2.825,4.762,5.098,6.483,5.780,3.001,8.075,5.669
1675774774.8673756,50,4.853,2.831,4.768,5.103,6.488,5.786,3.006,8.081,5.674
1675774775.8700597,50,4.858,2.836,4.773,5.108,6.494,5.791,3.012,8.086,5.680
1675774776.8718264,50,4.864,2.842,4.779,5.114,6.499,5.797,3.017,8.092,5.685
1675774777.8749082,50,4.869,2.847,4.784,5.119,6.505,5.802,3.023,8.097,5.691
1675774778.8777776,50,4.874,2.852,4.789,5.125,6.510,5.808,3.028,8.102,5.696
1675774779.8808281,50,4.879,2.857,4.794,5.129,6.515,5.812,3.033,8.107,5.701
1675774780.8833282,50,4.883,2.861,4.799,5.134,6.519,5.817,3.037,8.111,5.705
1675774781.885875,50,4.886,2.864,4.802,5.137,6.522,5.820,3.040,8.114,5.708
1675774782.8889282,50,4.889,2.867,4.805,5.140,6.525,5.823,3.043,8.117,5.711
1675774783.8913677,50,4.892,2.870,4.807,5.142,6.527,5.825,3.045,8.120,5.713
1675774784.8946028,50,4.893,2.871,4.809,5.144,6.529,5.827,3.047,8.122,5.715
1675774785.8971803,50,4.896,2.874,4.811,5.146,6.531,5.829,3.049,8.124,5.717
1675774786.900575,50,4.897,2.875,4.812,5.148,6.533,5.831,3.051,8.125,5.719
1675774787.9033568,50,4.899,2.877,4.814,5.149,6.535,5.832,3.053,8.127,5.721
1675774788.9060633,50,4.901,2.879,4.816,5.151,6.537,5.834,3.055,8.129,5.723
1675774789.9089763,50,4.902,2.880,4.817,5.153,6.538,5.835,3.056,8.130,5.724
1675774790.9112084,50,4.903,2.881,4.819,5.154,6.539,5.837,3.057,8.132,5.725
1675774791.9142108,50,4.906,2.884,4.821,5.156,6.542,5.839,3.060,8.134,5.728
1675774792.917164,50,4.908,2.886,4.823,5.159,6.544,5.842,3.062,8.136,5.730
1675774793.919223,50,4.911,2.889,4.826,5.161,6.547,5.844,3.065,8.139,5.733
1675774794.921851,50,4.914,2.892,4.829,5.164,6.549,5.847,3.067,8.142,5.735
1675774795.9246058,50,4.917,2.895,4.833,5.168,6.553,5.851,3.071,8.145,5.739
1675774796.9272184,50,4.920,2.898,4.835,5.170,6.556,5.853,3.074,8.148,5.742
1675774797.9297223,50,4.922,2.900,4.838,5.173,6.558,5.856,3.076,8.150,5.744
1675774798.9323401,50,4.925,2.903,4.840,5.175,6.561,5.858,3.079,8.153,5.747
1675774799.9350822,50,4.927,2.905,4.842,5.177,6.563,5.860,3.081,8.155,5.749
1675774800.9377666,50,4.929,2.907,4.844,5.179,6.565,5.862,3.083,8.157,5.751
1675774801.9399164,50,4.931,2.909,4.846,5.181,6.567,5.864,3.085,8.159,5.753
1675774802.9419787,50,4.933,2.911,4.848,5.183,6.569,5.866,3.087,8.161,5.755
1675774803.9444094,50,4.934,2.912,4.850,5.185,6.570,5.868,3.088,8.162,5.756
1675774804.9473083,50,4.936,2.914,4.852,5.187,6.572,5.870,3.090,8.165,5.758
1675774805.949712,50,4.938,2.916,4.853,5.188,6.573,5.871,3.091,8.166,5.759
1675774806.9524627,50,4.940,2.918,4.855,5.190,6.576,5.873,3.094,8.168,5.762
1675774807.95536,50,4.942,2.920,4.858,5.193,6.578,5.876,3.096,8.171,5.764
1675774808.957962,50,4.944,2.922,4.859,5.195,6.580,5.878,3.098,8.172,5.766
1675774809.961106,50,4.946,2.924,4.861,5.197,6.582,5.879,3.100,8.174,5.768
1675774810.9633956,50,4.948,2.926,4.864,5.199,6.584,5.882,3.102,8.177,5.770
1675774811.9665227,50,4.951,2.929,4.866,5.201,6.586,5.884,3.104,8.179,5.772
1675774812.9694343,50,4.954,2.931,4.869,5.204,6.589,5.887,3.107,8.182,5.775
1675774813.9724853,50,4.957,2.934,4.872,5.207,6.592,5.890,3.110,8.185,5.778
1675774814.9752138,50,4.959,2.937,4.875,5.210,6.595,5.893,3.113,8.188,5.781
1675774815.9778025,50,4.963,2.941,4.878,5.214,6.599,5.896,3.117,8.191,5.785
1675774816.9805422,50,4.966,2.944,4.882,5.217,6.602,5.900,3.120,8.194,5.788
1675774817.9834228,50,4.969,2.947,4.885,5.220,6.605,5.903,3.123,8.198,5.791
1675774818.9863684,50,4.973,2.951,4.889,5.224,6.609,5.907,3.127,8.201,5.795
1675774819.9897559,50,4.977,2.954,4.892,5.227,6.612,5.910,3.130,8.205,5.798
1675774820.9924977,50,4.980,2.958,4.895,5.230,6.615,5.913,3.133,8.208,5.801
1675774821.995366,50,4.983,2.961,4.898,5.233,6.618,5.916,3.136,8.211,5.804
1675774822.9980807,50,4.986,2.964,4.901,5.236,6.621,5.919,3.139,8.214,5.807
1675774824.0010877,50,4.989,2.967,4.904,5.239,6.624,5.922,3.142,8.217,5.810
1675774825.0035334,50,4.991,2.969,4.906,5.241,6.627,5.924,3.145,8.219,5.813
1675774826.0064895,50,4.993,2.971,4.908,5.243,6.628,5.926,3.146,8.221,5.814
1675774827.0092037,50,4.995,2.973,4.910,5.245,6.631,5.928,3.149,8.223,5.817
1675774828.0113165,50,4.997,2.975,4.912,5.247,6.633,5.930,3.151,8.225,5.819
1675774829.013983,50,4.999,2.977,4.914,5.249,6.634,5.932,3.152,8.227,5.820
1675774830.016858,50,5.001,2.979,4.916,5.251,6.637,5.934,3.155,8.229,5.823
1675774831.0195515,50,5.003,2.981,4.919,5.254,6.639,5.937,3.157,8.232,5.825
1675774832.0225306,50,5.006,2.984,4.921,5.257,6.642,5.940,3.160,8.234,5.828
1675774833.0256345,50,5.009,2.987,4.924,5.259,6.645,5.942,3.163,8.237,5.831
1675774834.0285804,50,5.011,2.989,4.926,5.261,6.647,5.944,3.165,8.239,5.833
1675774835.031359,50,5.013,2.991,4.928,5.264,6.649,5.946,3.167,8.241,5.835
1675774836.0342147,50,5.016,2.994,4.931,5.266,6.651,5.949,3.169,8.244,5.837
1675774837.037265,50,5.018,2.996,4.933,5.268,6.653,5.951,3.171,8.246,5.839
1675774838.0394568,50,5.020,2.998,4.935,5.271,6.656,5.953,3.174,8.248,5.842
1675774839.042443,50,5.023,3.001,4.938,5.274,6.659,5.957,3.177,8.251,5.845
1675774840.0453606,50,5.027,3.005,4.942,5.277,6.662,5.960,3.180,8.255,5.848
1675774841.0484285,50,5.030,3.007,4.945,5.280,6.665,5.963,3.183,8.258,5.851
1675774842.0504844,50,5.033,3.011,4.948,5.283,6.668,5.966,3.186,8.261,5.854
1675774843.0532637,50,5.036,3.013,4.951,5.286,6.671,5.969,3.189,8.264,5.857
1675774844.0553508,50,5.039,3.017,4.954,5.290,6.675,5.972,3.193,8.267,5.861
1675774845.0580194,50,5.043,3.021,4.958,5.293,6.679,5.976,3.197,8.271,5.865
1675774846.061221,50,5.047,3.025,4.962,5.297,6.683,5.980,3.201,8.275,5.869
1675774847.0644228,50,5.051,3.029,4.966,5.301,6.687,5.984,3.205,8.279,5.873
1675774848.067381,50,5.055,3.033,4.970,5.305,6.690,5.988,3.208,8.283,5.876
1675774849.0701594,50,5.059,3.037,4.974,5.309,6.695,5.992,3.213,8.287,5.881
1675774850.073051,50,5.063,3.041,4.978,5.313,6.699,5.996,3.217,8.291,5.885
1675774851.0756822,50,5.067,3.045,4.982,5.318,6.703,6.000,3.221,8.295,5.889
1675774852.0789986,50,5.071,3.049,4.986,5.322,6.707,6.004,3.225,8.299,5.893
1675774853.081803,50,5.075,3.053,4.990,5.326,6.711,6.009,3.229,8.303,5.897
1675774854.0849288,50,5.079,3.057,4.994,5.330,6.715,6.012,3.233,8.307,5.901
1675774855.0878005,50,5.082,3.060,4.998,5.333,6.718,6.016,3.236,8.311,5.904
1675774856.0908258,50,5.085,3.063,5.000,5.336,6.721,6.019,3.239,8.313,5.907
1675774857.0936806,50,5.089,3.066,5.004,5.339,6.724,6.022,3.242,8.317,5.910
1675774858.0965505,50,5.092,3.069,5.007,5.342,6.727,6.025,3.245,8.320,5.913
1675774859.099235,50,5.094,3.072,5.009,5.344,6.730,6.027,3.248,8.322,5.916
1675774860.1018043,50,5.097,3.075,5.012,5.347,6.732,6.030,3.250,8.325,5.918
1675774861.1047552,50,5.100,3.078,5.015,5.350,6.735,6.033,3.253,8.328,5.921
1675774862.1075904,50,5.103,3.081,5.018,5.353,6.739,6.036,3.257,8.331,5.925
1675774863.1103678,50,5.105,3.083,5.021,5.356,6.741,6.039,3.259,8.333,5.927
1675774864.1132472,50,5.108,3.086,5.024,5.359,6.744,6.042,3.262,8.336,5.930
1675774865.115357,50,5.111,3.089,5.026,5.362,6.747,6.044,3.265,8.339,5.933
1675774866.1181688,50,5.115,3.093,5.030,5.365,6.751,6.048,3.269,8.343,5.937
1675774867.121374,50,5.119,3.097,5.034,5.369,6.755,6.052,3.273,8.347,5.941
1675774868.124337,50,5.124,3.102,5.039,5.374,6.759,6.057,3.277,8.352,5.945
1675774869.1274168,50,5.129,3.107,5.044,5.379,6.765,6.062,3.283,8.357,5.951
1675774870.1304855,50,5.133,3.111,5.048,5.384,6.769,6.067,3.287,8.361,5.955
1675774871.1326106,50,5.138,3.116,5.053,5.388,6.773,6.071,3.291,8.366,5.959
1675774872.1352618,50,5.142,3.120,5.057,5.393,6.778,6.076,3.296,8.370,5.964
1675774873.1379006,50,5.147,3.125,5.062,5.397,6.783,6.080,3.301,8.375,5.969
1675774874.1409009,50,5.152,3.130,5.068,5.403,6.788,6.086,3.306,8.380,5.974
1675774875.1441014,50,5.157,3.135,5.072,5.407,6.792,6.090,3.310,8.385,5.978
1675774876.1473505,50,5.161,3.139,5.076,5.411,6.796,6.094,3.314,8.389,5.982
1675774877.150059,50,5.164,3.142,5.080,5.415,6.800,6.098,3.318,8.392,5.986
1675774878.1525614,50,5.167,3.145,5.083,5.418,6.803,6.101,3.321,8.396,5.989
1675774879.1553004,50,5.170,3.148,5.086,5.421,6.806,6.104,3.324,8.399,5.992
1675774880.1581855,50,5.174,3.152,5.089,5.424,6.809,6.107,3.327,8.402,5.995
1675774881.161083,50,5.176,3.154,5.092,5.427,6.812,6.110,3.330,8.404,5.998
1675774882.1633189,50,5.179,3.157,5.094,5.430,6.815,6.112,3.333,8.407,6.001
1675774883.166034,50,5.181,3.159,5.097,5.432,6.817,6.115,3.335,8.409,6.003
1675774884.1688664,50,5.184,3.162,5.099,5.434,6.819,6.117,3.337,8.412,6.005
1675774885.171726,50,5.185,3.163,5.100,5.436,6.821,6.118,3.339,8.413,6.007
1675774886.1746852,50,5.188,3.165,5.103,5.438,6.823,6.121,3.341,8.416,6.009
1675774887.1776044,50,5.190,3.168,5.105,5.440,6.825,6.123,3.343,8.418,6.011
1675774888.1803207,50,5.192,3.169,5.107,5.442,6.827,6.125,3.345,8.420,6.013
1675774889.1828902,50,5.194,3.172,5.109,5.444,6.830,6.127,3.348,8.422,6.016
1675774890.1856208,50,5.195,3.173,5.110,5.446,6.831,6.128,3.349,8.423,6.017
1675774891.1884205,50,5.197,3.175,5.112,5.448,6.833,6.130,3.351,8.425,6.019
1675774892.1912265,50,5.199,3.177,5.114,5.449,6.834,6.132,3.352,8.427,6.020
1675774893.1938353,50,5.201,3.179,5.116,5.451,6.836,6.134,3.354,8.429,6.022
1675774894.196415,50,5.202,3.180,5.117,5.452,6.838,6.135,3.356,8.430,6.024
1675774895.1991718,50,5.204,3.181,5.119,5.454,6.839,6.137,3.357,8.432,6.025
1675774896.2019017,50,5.204,3.182,5.119,5.455,6.840,6.138,3.358,8.432,6.026
1675774897.204384,50,5.206,3.184,5.121,5.456,6.842,6.139,3.360,8.434,6.028
1675774898.2071908,50,5.207,3.185,5.122,5.458,6.843,6.140,3.361,8.435,6.029
1675774899.2098389,50,5.209,3.187,5.124,5.460,6.845,6.143,3.363,8.437,6.031
1675774900.212859,50,5.211,3.189,5.126,5.462,6.847,6.144,3.365,8.439,6.033
1675774901.2152777,50,5.213,3.191,5.128,5.464,6.849,6.147,3.367,8.441,6.035
1675774902.2178822,50,5.215,3.193,5.131,5.466,6.851,6.149,3.369,8.444,6.037
1675774903.2208114,50,5.218,3.196,5.133,5.468,6.853,6.151,3.371,8.446,6.039
1675774904.2236755,50,5.221,3.199,5.136,5.472,6.857,6.154,3.375,8.449,6.043
1675774905.2268498,50,5.224,3.202,5.139,5.474,6.859,6.157,3.377,8.452,6.045
1675774906.2295556,50,5.227,3.205,5.142,5.477,6.863,6.160,3.381,8.455,6.049
1675774907.2314804,50,5.230,3.207,5.145,5.480,6.865,6.163,3.383,8.458,6.051
1675774908.2343023,50,5.232,3.210,5.147,5.482,6.868,6.165,3.386,8.460,6.054
1675774909.2372298,50,5.234,3.212,5.150,5.485,6.870,6.168,3.388,8.463,6.056
1675774910.239298,50,5.237,3.215,5.152,5.487,6.873,6.170,3.391,8.465,6.059
1675774911.2414951,50,5.239,3.217,5.154,5.490,6.875,6.172,3.393,8.467,6.061
1675774912.2433531,50,5.241,3.219,5.156,5.491,6.877,6.174,3.395,8.469,6.063
1675774913.2460039,50,5.242,3.220,5.158,5.493,6.878,6.176,3.396,8.471,6.064
1675774914.2487957,50,5.243,3.221,5.159,5.494,6.879,6.177,3.397,8.471,6.065
1675774915.251341,50,5.244,3.222,5.159,5.495,6.880,6.177,3.398,8.472,6.066
1675774916.254126,50,5.245,3.223,5.160,5.495,6.880,6.178,3.398,8.473,6.066
1675774917.2567658,50,5.245,3.223,5.160,5.495,6.880,6.178,3.398,8.473,6.066
1675774918.2593381,50,5.244,3.222,5.159,5.495,6.880,6.178,3.398,8.472,6.066
1675774919.2621162,50,5.244,3.222,5.159,5.494,6.880,6.177,3.398,8.472,6.066
1675774920.264727,50,5.243,3.221,5.159,5.494,6.879,6.177,3.397,8.472,6.065
1675774921.267857,50,5.243,3.221,5.159,5.494,6.879,6.177,3.397,8.471,6.065
1675774922.2710645,50,5.243,3.221,5.159,5.494,6.879,6.177,3.397,8.471,6.065
1675774923.2736535,50,5.243,3.221,5.158,5.494,6.879,6.177,3.397,8.471,6.065
1675774924.2765448,50,5.243,3.221,5.158,5.494,6.879,6.177,3.397,8.471,6.065
1675774925.279356,50,5.244,3.222,5.159,5.494,6.880,6.177,3.398,8.472,6.066
1675774926.2823365,50,5.245,3.223,5.160,5.495,6.880,6.178,3.398,8.473,6.066
1675774927.2851486,50,5.246,3.224,5.161,5.497,6.882,6.180,3.400,8.474,6.068
1675774928.2879474,50,5.248,3.225,5.163,5.498,6.883,6.181,3.401,8.476,6.069
1675774929.290284,50,5.249,3.227,5.164,5.499,6.885,6.182,3.403,8.477,6.071
1675774930.292859,50,5.251,3.229,5.166,5.501,6.887,6.184,3.405,8.479,6.073
1675774931.2953334,50,5.253,3.231,5.169,5.504,6.889,6.187,3.407,8.482,6.075
1675774932.2979457,50,5.256,3.234,5.171,5.506,6.892,6.189,3.410,8.484,6.078
1675774933.3008797,50,5.259,3.236,5.174,5.509,6.894,6.192,3.412,8.487,6.080
1675774934.3036938,50,5.261,3.239,5.176,5.511,6.896,6.194,3.414,8.489,6.082
1675774935.30623,50,5.263,3.241,5.178,5.513,6.898,6.196,3.416,8.491,6.084
1675774936.30911,50,5.265,3.243,5.180,5.515,6.900,6.198,3.418,8.493,6.086
1675774937.3112059,50,5.267,3.245,5.183,5.518,6.903,6.201,3.421,8.495,6.089
1675774938.3139286,50,5.269,3.247,5.185,5.520,6.905,6.203,3.423,8.498,6.091
1675774939.3169932,50,5.272,3.250,5.187,5.522,6.907,6.205,3.425,8.500,6.093
1675774940.320183,50,5.273,3.251,5.188,5.524,6.909,6.206,3.427,8.501,6.095
1675774941.3229742,50,5.275,3.253,5.190,5.525,6.910,6.208,3.428,8.503,6.096
1675774942.3257108,50,5.276,3.254,5.191,5.526,6.911,6.209,3.429,8.504,6.097
1675774943.3285906,50,5.277,3.255,5.192,5.527,6.913,6.210,3.431,8.505,6.099
1675774944.33123,50,5.279,3.257,5.194,5.529,6.914,6.212,3.432,8.507,6.100
1675774945.3340087,50,5.280,3.258,5.196,5.531,6.916,6.214,3.434,8.509,6.102
1675774946.3369944,50,5.282,3.260,5.197,5.532,6.918,6.215,3.436,8.510,6.104
1675774947.3398259,50,5.284,3.262,5.199,5.534,6.920,6.217,3.438,8.512,6.106
1675774948.342765,50,5.285,3.263,5.200,5.536,6.921,6.219,3.439,8.513,6.107
1675774949.345419,50,5.287,3.265,5.202,5.537,6.923,6.220,3.441,8.515,6.109
1675774950.3482015,50,5.289,3.267,5.204,5.540,6.925,6.222,3.443,8.517,6.111
1675774951.3511357,50,5.290,3.268,5.205,5.540,6.925,6.223,3.443,8.518,6.111
1675774952.3541446,50,5.292,3.270,5.207,5.542,6.927,6.225,3.445,8.520,6.113
1675774953.356932,50,5.294,3.272,5.209,5.544,6.929,6.227,3.447,8.522,6.115
1675774954.359335,50,5.296,3.274,5.211,5.546,6.931,6.229,3.449,8.524,6.117
1675774955.3621378,50,5.298,3.275,5.213,5.548,6.933,6.231,3.451,8.526,6.119
1675774956.3648057,50,5.300,3.278,5.215,5.550,6.935,6.233,3.453,8.528,6.121
1675774957.3672543,50,5.301,3.279,5.217,5.552,6.937,6.235,3.455,8.529,6.123
1675774958.3702137,50,5.304,3.282,5.219,5.554,6.940,6.237,3.458,8.532,6.126
1675774959.372908,50,5.305,3.283,5.220,5.556,6.941,6.238,3.459,8.533,6.127
1675774960.37522,50,5.307,3.285,5.223,5.558,6.943,6.241,3.461,8.536,6.129
1675774961.3778746,50,5.310,3.287,5.225,5.560,6.945,6.243,3.463,8.538,6.131
1675774962.3807876,50,5.312,3.289,5.227,5.562,6.947,6.245,3.465,8.540,6.133
1675774963.3833487,50,5.314,3.292,5.229,5.564,6.950,6.247,3.468,8.542,6.136
1675774964.3868868,50,5.316,3.294,5.231,5.567,6.952,6.249,3.470,8.544,6.138
1675774965.3895996,50,5.319,3.297,5.234,5.569,6.954,6.252,3.472,8.547,6.140
1675774966.3924675,50,5.321,3.299,5.236,5.571,6.956,6.254,3.474,8.549,6.142
1675774967.3952916,50,5.323,3.301,5.238,5.573,6.958,6.256,3.476,8.551,6.144
1675774968.398378,50,5.325,3.302,5.240,5.575,6.960,6.258,3.478,8.553,6.146
1675774969.4014013,50,5.326,3.304,5.242,5.577,6.962,6.260,3.480,8.554,6.148
1675774970.4034448,50,5.328,3.306,5.243,5.578,6.963,6.261,3.481,8.556,6.149
1675774971.4064505,50,5.328,3.306,5.243,5.579,6.964,6.262,3.482,8.556,6.150
1675774972.4084864,50,5.329,3.307,5.244,5.580,6.965,6.262,3.483,8.557,6.151
1675774973.4113028,50,5.330,3.308,5.245,5.580,6.965,6.263,3.483,8.558,6.151
1675774974.413967,50,5.329,3.307,5.244,5.579,6.964,6.262,3.482,8.557,6.150
1675774975.416509,50,5.329,3.307,5.244,5.579,6.965,6.262,3.483,8.557,6.151
1675774976.4193838,50,5.329,3.306,5.244,5.579,6.964,6.262,3.482,8.557,6.150
1675774977.4224098,50,5.329,3.307,5.244,5.579,6.964,6.262,3.482,8.557,6.150
1675774978.425325,50,5.329,3.306,5.244,5.579,6.964,6.262,3.482,8.557,6.150
1675774979.427336,50,5.329,3.306,5.244,5.579,6.964,6.262,3.482,8.557,6.150
1675774980.43002,50,5.328,3.306,5.244,5.579,6.964,6.262,3.482,8.557,6.150
1675774981.4328852,50,5.329,3.307,5.244,5.579,6.964,6.262,3.482,8.557,6.150
1675774982.4354093,50,5.329,3.307,5.244,5.580,6.965,6.262,3.483,8.557,6.151
1675774983.438559,50,5.330,3.308,5.245,5.580,6.965,6.263,3.483,8.558,6.151
1675774984.441411,50,5.330,3.308,5.245,5.580,6.965,6.263,3.483,8.558,6.151
1675774985.4433763,50,5.331,3.308,5.246,5.581,6.966,6.264,3.484,8.559,6.152
1675774986.446473,50,5.331,3.309,5.247,5.582,6.967,6.265,3.485,8.560,6.153
1675774987.4494045,50,5.332,3.310,5.247,5.583,6.968,6.265,3.486,8.560,6.154
1675774988.4521813,50,5.333,3.311,5.248,5.583,6.969,6.266,3.487,8.561,6.155
1675774989.4551322,50,5.335,3.313,5.250,5.585,6.970,6.268,3.488,8.563,6.156
1675774990.4578338,50,5.337,3.315,5.252,5.587,6.972,6.270,3.490,8.565,6.158
1675774991.460791,50,5.338,3.316,5.253,5.589,6.974,6.272,3.492,8.566,6.160
1675774992.4633946,50,5.341,3.319,5.256,5.591,6.977,6.274,3.495,8.569,6.163
1675774993.4661949,50,5.344,3.322,5.259,5.594,6.980,6.277,3.498,8.572,6.166
1675774994.4692912,50,5.347,3.325,5.262,5.597,6.982,6.280,3.500,8.575,6.168
1675774995.471405,50,5.349,3.327,5.264,5.600,6.985,6.283,3.503,8.577,6.171
1675774996.4745433,50,5.352,3.330,5.267,5.603,6.988,6.285,3.506,8.580,6.174
1675774997.4774628,50,5.355,3.333,5.270,5.605,6.990,6.288,3.508,8.583,6.176
1675774998.479453,50,5.358,3.336,5.273,5.608,6.993,6.291,3.511,8.586,6.179
1675774999.4822505,50,5.358,3.336,5.274,5.609,6.994,6.292,3.512,8.587,6.180
1675775000.4853177,50,5.360,3.338,5.276,5.611,6.996,6.294,3.514,8.589,6.182
1675775001.4884212,50,5.363,3.341,5.278,5.614,6.999,6.296,3.517,8.591,6.185
1675775002.491794,50,5.365,3.343,5.280,5.615,7.000,6.298,3.518,8.593,6.186
1675775003.4946785,50,5.367,3.344,5.282,5.617,7.002,6.300,3.520,8.595,6.188
1675775004.4976873,50,5.368,3.346,5.284,5.619,7.004,6.302,3.522,8.596,6.190
1675775005.5006263,50,5.370,3.348,5.285,5.620,7.006,6.303,3.524,8.598,6.192
1675775006.5033474,50,5.371,3.349,5.286,5.621,7.007,6.304,3.525,8.599,6.193
1675775007.5062456,50,5.373,3.351,5.288,5.623,7.009,6.306,3.527,8.601,6.195
1675775008.5097363,50,5.375,3.353,5.290,5.625,7.011,6.308,3.529,8.603,6.197
1675775009.5123725,50,5.377,3.355,5.292,5.628,7.013,6.311,3.531,8.605,6.199
1675775010.5153003,50,5.380,3.358,5.295,5.630,7.016,6.313,3.534,8.608,6.202
1675775011.518021,50,5.382,3.360,5.297,5.632,7.017,6.315,3.535,8.610,6.203
1675775012.5208695,50,5.384,3.362,5.300,5.635,7.020,6.318,3.538,8.612,6.206
1675775013.5233054,50,5.387,3.365,5.302,5.637,7.022,6.320,3.540,8.615,6.208
1675775014.526238,50,5.389,3.367,5.305,5.640,7.025,6.323,3.543,8.618,6.211
1675775015.529032,50,5.392,3.370,5.307,5.642,7.027,6.325,3.545,8.620,6.213
1675775016.5313807,50,5.394,3.372,5.309,5.644,7.030,6.327,3.548,8.622,6.216
1675775017.5342104,50,5.396,3.374,5.312,5.647,7.032,6.330,3.550,8.624,6.218
1675775018.537053,50,5.399,3.377,5.314,5.649,7.034,6.332,3.552,8.627,6.220
1675775019.5399802,50,5.400,3.378,5.316,5.651,7.036,6.334,3.554,8.629,6.222
1675775020.5427346,50,5.402,3.380,5.317,5.653,7.038,6.335,3.556,8.630,6.224
1675775021.5456517,50,5.404,3.382,5.319,5.655,7.040,6.337,3.558,8.632,6.226
1675775022.5486355,50,5.406,3.384,5.321,5.657,7.042,6.339,3.560,8.634,6.228
1675775023.5512078,50,5.407,3.385,5.322,5.658,7.043,6.341,3.561,8.635,6.229
1675775024.5537121,50,5.409,3.387,5.324,5.659,7.045,6.342,3.563,8.637,6.231
1675775025.5565588,50,5.411,3.389,5.326,5.661,7.047,6.344,3.565,8.639,6.233
1675775026.5593119,50,5.413,3.391,5.328,5.664,7.049,6.346,3.567,8.641,6.235
1675775027.561906,50,5.415,3.393,5.330,5.665,7.051,6.348,3.569,8.643,6.237
1675775028.5647147,50,5.416,3.394,5.332,5.667,7.052,6.350,3.570,8.645,6.238
1675775029.5677955,50,5.418,3.396,5.334,5.669,7.054,6.352,3.572,8.647,6.240
1675775030.5707586,50,5.420,3.398,5.335,5.671,7.056,6.354,3.574,8.648,6.242
1675775031.573459,50,5.422,3.400,5.337,5.673,7.058,6.356,3.576,8.650,6.244
1675775032.575335,50,5.424,3.402,5.339,5.674,7.060,6.357,3.578,8.652,6.246
1675775033.5788424,50,5.426,3.404,5.341,5.676,7.062,6.359,3.580,8.654,6.248
1675775034.5816708,50,5.428,3.406,5.343,5.679,7.064,6.361,3.582,8.656,6.250
1675775035.58467,50,5.430,3.408,5.345,5.680,7.066,6.363,3.584,8.658,6.252
1675775036.587255,50,5.432,3.410,5.347,5.682,7.068,6.365,3.586,8.660,6.254
1675775037.5899374,50,5.434,3.412,5.349,5.684,7.070,6.367,3.588,8.662,6.256
1675775038.5928543,50,5.435,3.413,5.351,5.686,7.071,6.369,3.589,8.664,6.257
1675775039.5952299,50,5.437,3.415,5.352,5.687,7.073,6.370,3.591,8.665,6.259
1675775040.597948,50,5.439,3.417,5.354,5.689,7.075,6.372,3.593,8.667,6.261
1675775041.6003373,50,5.440,3.418,5.355,5.690,7.076,6.373,3.594,8.668,6.262
1675775042.602977,50,5.441,3.419,5.357,5.692,7.077,6.375,3.595,8.670,6.263
1675775043.6056745,50,5.443,3.421,5.358,5.693,7.078,6.376,3.596,8.671,6.264
1675775044.608556,50,5.444,3.422,5.359,5.695,7.080,6.378,3.598,8.672,6.266
1675775045.61132,50,5.446,3.424,5.361,5.697,7.082,6.380,3.600,8.674,6.268
1675775046.6139023,50,5.447,3.425,5.362,5.698,7.083,6.380,3.601,8.675,6.269
1675775047.6165361,50,5.449,3.427,5.364,5.699,7.084,6.382,3.602,8.677,6.270
1675775048.6193051,50,5.450,3.428,5.365,5.700,7.086,6.383,3.604,8.678,6.272
1675775049.6220005,50,5.452,3.429,5.367,5.702,7.087,6.385,3.605,8.680,6.273
1675775050.6248882,50,5.453,3.431,5.368,5.704,7.089,6.386,3.607,8.681,6.275
1675775051.627765,50,5.456,3.434,5.371,5.706,7.091,6.389,3.609,8.684,6.277
1675775052.6306744,50,5.457,3.435,5.373,5.708,7.093,6.391,3.611,8.685,6.279
1675775053.6334238,50,5.460,3.438,5.376,5.711,7.096,6.394,3.614,8.688,6.282
1675775054.6354215,50,5.462,3.440,5.377,5.713,7.098,6.396,3.616,8.690,6.284
1675775055.6383672,50,5.464,3.442,5.379,5.714,7.100,6.397,3.618,8.692,6.286
1675775056.6419184,50,5.466,3.444,5.381,5.716,7.101,6.399,3.619,8.694,6.287
1675775057.6449554,50,5.467,3.445,5.383,5.718,7.103,6.401,3.621,8.696,6.289
1675775058.647396,50,5.469,3.447,5.384,5.719,7.105,6.402,3.623,8.697,6.291
1675775059.6500268,50,5.470,3.448,5.386,5.721,7.106,6.404,3.624,8.698,6.292
1675775060.6527574,50,5.472,3.450,5.387,5.722,7.107,6.405,3.625,8.700,6.293
1675775061.655361,50,5.473,3.451,5.388,5.723,7.109,6.406,3.627,8.701,6.295
1675775062.657944,50,5.474,3.452,5.390,5.725,7.110,6.408,3.628,8.702,6.296
1675775063.6611412,50,5.474,3.452,5.390,5.725,7.110,6.408,3.628,8.703,6.296
1675775064.663398,50,5.475,3.453,5.390,5.725,7.110,6.408,3.628,8.703,6.296
1675775065.666676,50,5.475,3.452,5.390,5.725,7.110,6.408,3.628,8.703,6.296
1675775066.6694195,50,5.475,3.453,5.390,5.725,7.111,6.408,3.629,8.703,6.297
1675775067.6719446,50,5.475,3.453,5.390,5.725,7.111,6.408,3.629,8.703,6.297
1675775068.6747308,50,5.476,3.454,5.391,5.727,7.112,6.409,3.630,8.704,6.298
1675775069.677334,50,5.477,3.454,5.392,5.727,7.112,6.410,3.630,8.705,6.298
1675775070.6799357,50,5.477,3.455,5.392,5.728,7.113,6.411,3.631,8.705,6.299
1675775071.6833344,50,5.478,3.455,5.393,5.728,7.113,6.411,3.631,8.706,6.299
1675775072.6860921,50,5.478,3.455,5.393,5.728,7.113,6.411,3.631,8.706,6.299
1675775073.6890845,50,5.478,3.456,5.394,5.729,7.114,6.412,3.632,8.707,6.300
1675775074.6918898,50,5.479,3.457,5.394,5.730,7.115,6.413,3.633,8.707,6.301
1675775075.694806,50,5.480,3.458,5.396,5.731,7.116,6.414,3.634,8.709,6.302
1675775076.6974826,50,5.482,3.460,5.397,5.732,7.117,6.415,3.635,8.710,6.303
1675775077.6996782,50,5.484,3.462,5.399,5.734,7.119,6.417,3.637,8.712,6.305
1675775078.702434,50,5.485,3.463,5.401,5.736,7.121,6.419,3.639,8.713,6.307
1675775079.7054822,50,5.489,3.466,5.404,5.739,7.124,6.422,3.642,8.717,6.310
1675775080.7073486,50,5.491,3.469,5.406,5.741,7.127,6.424,3.645,8.719,6.313
1675775081.7102628,50,5.494,3.472,5.409,5.744,7.129,6.427,3.647,8.722,6.315
1675775082.7131224,50,5.497,3.475,5.413,5.748,7.133,6.431,3.651,8.725,6.319
1675775083.7152476,50,5.501,3.478,5.416,5.751,7.136,6.434,3.654,8.729,6.322
1675775084.7180798,50,5.503,3.481,5.419,5.754,7.139,6.437,3.657,8.731,6.325
1675775085.7211454,50,5.507,3.484,5.422,5.757,7.142,6.440,3.660,8.735,6.328
1675775086.724112,50,5.510,3.488,5.425,5.760,7.145,6.443,3.663,8.738,6.331
1675775087.72692,50,5.512,3.490,5.428,5.763,7.148,6.446,3.666,8.740,6.334
1675775088.7299757,50,5.515,3.493,5.430,5.766,7.151,6.448,3.669,8.743,6.337
1675775089.7328148,50,5.517,3.495,5.432,5.768,7.153,6.450,3.671,8.745,6.339
1675775090.7354848,50,5.520,3.498,5.435,5.771,7.156,6.453,3.674,8.748,6.342
1675775091.7387614,50,5.522,3.500,5.438,5.773,7.158,6.456,3.676,8.750,6.344
1675775092.7416947,50,5.525,3.503,5.440,5.775,7.161,6.458,3.679,8.753,6.347
1675775093.7450414,50,5.528,3.506,5.443,5.778,7.164,6.461,3.682,8.756,6.350
1675775094.7472932,50,5.531,3.509,5.446,5.782,7.167,6.464,3.685,8.759,6.353
1675775095.7500665,50,5.535,3.513,5.450,5.785,7.170,6.468,3.688,8.763,6.356
1675775096.7533128,50,5.538,3.516,5.453,5.788,7.174,6.471,3.692,8.766,6.360
1675775097.756474,50,5.541,3.519,5.456,5.791,7.177,6.474,3.695,8.769,6.363
1675775098.7592437,50,5.544,3.522,5.459,5.794,7.180,6.477,3.698,8.772,6.366
1675775099.761944,50,5.547,3.525,5.462,5.797,7.182,6.480,3.700,8.775,6.368
1675775100.7648296,50,5.549,3.527,5.465,5.800,7.185,6.483,3.703,8.778,6.371
1675775101.767319,50,5.552,3.530,5.467,5.802,7.188,6.485,3.706,8.780,6.374
1675775102.7701695,50,5.555,3.533,5.470,5.806,7.191,6.488,3.709,8.783,6.377
1675775103.7733424,50,5.557,3.535,5.472,5.807,7.193,6.490,3.711,8.785,6.379
1675775104.7757213,50,5.559,3.536,5.474,5.809,7.194,6.492,3.712,8.787,6.380
1675775105.778316,50,5.561,3.539,5.476,5.811,7.197,6.494,3.715,8.789,6.383
1675775106.781251,50,5.563,3.541,5.478,5.813,7.198,6.496,3.716,8.791,6.384
1675775107.7834268,50,5.566,3.543,5.481,5.816,7.201,6.499,3.719,8.794,6.387
1675775108.7861307,50,5.568,3.545,5.483,5.818,7.203,6.501,3.721,8.796,6.389
1675775109.7892616,50,5.570,3.548,5.485,5.820,7.205,6.503,3.723,8.798,6.391
1675775110.7927294,50,5.571,3.549,5.487,5.822,7.207,6.505,3.725,8.799,6.393
1675775111.7956161,50,5.574,3.551,5.489,5.824,7.209,6.507,3.727,8.802,6.395
1675775112.7984672,50,5.576,3.554,5.491,5.826,7.211,6.509,3.729,8.804,6.397
1675775113.80065,50,5.577,3.555,5.492,5.827,7.213,6.510,3.731,8.805,6.399
1675775114.8036995,50,5.579,3.557,5.494,5.829,7.214,6.512,3.732,8.807,6.400
1675775115.8066785,50,5.580,3.557,5.495,5.830,7.215,6.513,3.733,8.808,6.401
1675775116.8093612,50,5.579,3.557,5.495,5.830,7.215,6.513,3.733,8.808,6.401
1675775117.8123448,50,5.580,3.558,5.495,5.830,7.216,6.513,3.734,8.808,6.402
1675775118.8152838,50,5.581,3.559,5.496,5.832,7.217,6.514,3.735,8.809,6.403
1675775119.818158,50,5.582,3.560,5.497,5.832,7.218,6.515,3.736,8.810,6.404
1675775120.8210464,50,5.583,3.561,5.498,5.833,7.218,6.516,3.736,8.811,6.404
1675775121.8242373,50,5.584,3.562,5.499,5.834,7.220,6.517,3.738,8.812,6.406
1675775122.8271236,50,5.585,3.563,5.500,5.836,7.221,6.518,3.739,8.813,6.407
1675775123.8300173,50,5.586,3.564,5.501,5.836,7.222,6.519,3.740,8.814,6.408
1675775124.8334506,50,5.587,3.565,5.502,5.838,7.223,6.520,3.741,8.815,6.409
1675775125.835423,50,5.588,3.566,5.503,5.838,7.223,6.521,3.741,8.816,6.409
1675775126.838445,50,5.589,3.567,5.504,5.840,7.225,6.522,3.743,8.817,6.411
1675775127.8414223,50,5.590,3.568,5.505,5.841,7.226,6.523,3.744,8.818,6.412
1675775128.8446126,50,5.592,3.569,5.507,5.842,7.227,6.525,3.745,8.820,6.413
1675775129.8473961,50,5.593,3.571,5.508,5.843,7.229,6.526,3.747,8.821,6.415
1675775130.8502529,50,5.595,3.573,5.510,5.845,7.230,6.528,3.748,8.823,6.416
1675775131.8531475,50,5.596,3.574,5.511,5.846,7.232,6.529,3.750,8.824,6.418
1675775132.8553696,50,5.596,3.574,5.511,5.846,7.232,6.529,3.750,8.824,6.418
1675775133.858627,50,5.597,3.575,5.512,5.848,7.233,6.531,3.751,8.825,6.419
1675775134.8616905,50,5.599,3.577,5.514,5.849,7.234,6.532,3.752,8.827,6.420
1675775135.8644674,50,5.601,3.578,5.516,5.851,7.236,6.534,3.754,8.829,6.422
1675775136.8673282,50,5.602,3.580,5.517,5.853,7.238,6.536,3.756,8.830,6.424
1675775137.8698933,50,5.604,3.582,5.520,5.855,7.240,6.538,3.758,8.832,6.426
1675775138.8726952,50,5.606,3.584,5.521,5.857,7.242,6.539,3.760,8.834,6.428
1675775139.8753915,50,5.609,3.587,5.524,5.859,7.244,6.542,3.762,8.837,6.430
1675775140.8780193,50,5.612,3.589,5.527,5.862,7.247,6.545,3.765,8.840,6.433
1675775141.8809466,50,5.615,3.593,5.530,5.865,7.250,6.548,3.768,8.843,6.436
1675775142.8843794,50,5.619,3.597,5.534,5.869,7.254,6.552,3.772,8.847,6.440
1675775143.8873029,50,5.622,3.600,5.537,5.872,7.258,6.555,3.776,8.850,6.444
1675775144.8904645,50,5.626,3.604,5.541,5.876,7.262,6.559,3.780,8.854,6.448
1675775145.8933568,50,5.630,3.608,5.545,5.880,7.265,6.563,3.783,8.858,6.451
1675775146.896218,50,5.634,3.612,5.549,5.885,7.270,6.568,3.788,8.862,6.456
1675775147.8993716,50,5.638,3.616,5.553,5.888,7.274,6.571,3.792,8.866,6.460
1675775148.9022193,50,5.642,3.619,5.557,5.892,7.277,6.575,3.795,8.870,6.463
1675775149.905437,50,5.645,3.623,5.561,5.896,7.281,6.579,3.799,8.874,6.467
1675775150.9073389,50,5.649,3.627,5.564,5.899,7.285,6.582,3.803,8.877,6.471
1675775151.9101822,50,5.653,3.631,5.568,5.904,7.289,6.587,3.807,8.881,6.475
1675775152.9129512,50,5.657,3.635,5.573,5.908,7.293,6.591,3.811,8.886,6.479
1675775153.915419,50,5.662,3.640,5.577,5.912,7.298,6.595,3.816,8.890,6.484
1675775154.9185739,50,5.666,3.644,5.581,5.917,7.302,6.599,3.820,8.894,6.488
1675775155.921591,50,5.670,3.648,5.585,5.920,7.306,6.603,3.824,8.898,6.492
1675775156.9247184,50,5.673,3.651,5.589,5.924,7.309,6.607,3.827,8.901,6.495
1675775157.92736,50,5.677,3.655,5.592,5.927,7.313,6.610,3.831,8.905,6.499
1675775158.93062,50,5.681,3.658,5.596,5.931,7.316,6.614,3.834,8.909,6.502
1675775159.933607,50,5.684,3.662,5.599,5.934,7.320,6.617,3.838,8.912,6.506
1675775160.937419,50,5.687,3.665,5.602,5.938,7.323,6.621,3.841,8.915,6.509
1675775161.9402573,50,5.690,3.668,5.605,5.940,7.325,6.623,3.843,8.918,6.511
1675775162.9430568,50,5.692,3.670,5.607,5.942,7.328,6.625,3.846,8.920,6.514
1675775163.9457777,50,5.694,3.672,5.609,5.945,7.330,6.627,3.848,8.922,6.516
1675775164.9487748,50,5.696,3.674,5.611,5.946,7.332,6.629,3.850,8.924,6.518
1675775165.9517286,50,5.697,3.675,5.612,5.947,7.333,6.630,3.851,8.925,6.519
1675775166.9547086,50,5.698,3.676,5.614,5.949,7.334,6.632,3.852,8.926,6.520
1675775167.957694,50,5.698,3.676,5.613,5.949,7.334,6.632,3.852,8.926,6.520
1675775168.9598641,50,5.698,3.676,5.613,5.948,7.334,6.631,3.852,8.926,6.520
1675775169.9628391,50,5.698,3.676,5.613,5.948,7.334,6.631,3.852,8.926,6.520
1675775170.965642,50,5.698,3.676,5.613,5.948,7.334,6.631,3.852,8.926,6.520
1675775171.9684026,50,5.697,3.675,5.613,5.948,7.333,6.631,3.851,8.926,6.519
1675775172.9710581,50,5.697,3.675,5.613,5.948,7.333,6.631,3.851,8.926,6.519
1675775173.9735906,50,5.698,3.675,5.613,5.948,7.333,6.631,3.851,8.926,6.519
1675775174.9753156,50,5.697,3.675,5.613,5.948,7.333,6.631,3.851,8.926,6.519
1675775175.9782774,50,5.697,3.675,5.612,5.947,7.333,6.630,3.851,8.925,6.519
1675775176.9812944,50,5.697,3.675,5.612,5.947,7.332,6.630,3.850,8.925,6.518
1675775177.9832392,50,5.696,3.674,5.612,5.947,7.332,6.630,3.850,8.925,6.518
1675775178.9857748,50,5.697,3.674,5.612,5.947,7.332,6.630,3.850,8.925,6.518
1675775179.9888806,50,5.697,3.675,5.612,5.947,7.333,6.630,3.851,8.925,6.519
1675775180.9915318,50,5.697,3.675,5.613,5.948,7.333,6.631,3.851,8.926,6.519
1675775181.9942977,50,5.699,3.677,5.614,5.949,7.335,6.632,3.853,8.927,6.521
1675775182.997087,50,5.699,3.677,5.615,5.950,7.335,6.633,3.853,8.928,6.521
1675775183.9992676,50,5.700,3.678,5.615,5.950,7.336,6.633,3.854,8.928,6.522
1675775185.0024326,50,5.701,3.679,5.616,5.951,7.337,6.634,3.855,8.929,6.523
1675775186.0053537,50,5.702,3.680,5.617,5.953,7.338,6.636,3.856,8.930,6.524
1675775187.0079982,50,5.703,3.681,5.618,5.953,7.339,6.636,3.857,8.931,6.525
1675775188.0107956,50,5.703,3.681,5.619,5.954,7.339,6.637,3.857,8.931,6.525
1675775189.013551,50,5.704,3.682,5.619,5.954,7.339,6.637,3.857,8.932,6.525
1675775190.01546,50,5.704,3.681,5.619,5.954,7.339,6.637,3.857,8.932,6.525
1675775191.0186179,50,5.704,3.682,5.619,5.954,7.340,6.637,3.858,8.932,6.526
1675775192.0215178,50,5.704,3.681,5.619,5.954,7.339,6.637,3.857,8.932,6.525
1675775193.0243154,50,5.703,3.681,5.618,5.954,7.339,6.636,3.857,8.931,6.525
1675775194.027249,50,5.703,3.681,5.619,5.954,7.339,6.637,3.857,8.932,6.525
1675775195.0304358,50,5.702,3.680,5.617,5.953,7.338,6.635,3.856,8.930,6.524
1675775196.0334249,50,5.702,3.680,5.617,5.952,7.338,6.635,3.856,8.930,6.524
1675775197.036073,50,5.702,3.680,5.617,5.953,7.338,6.635,3.856,8.930,6.524
1675775198.0389416,50,5.702,3.680,5.618,5.953,7.338,6.636,3.856,8.931,6.524
1675775199.0414944,50,5.703,3.681,5.618,5.953,7.339,6.636,3.857,8.931,6.525
1675775200.0445232,50,5.704,3.682,5.619,5.954,7.339,6.637,3.857,8.932,6.525
1675775201.0474,50,5.705,3.682,5.620,5.955,7.340,6.638,3.858,8.933,6.526
1675775202.0501091,50,5.705,3.683,5.621,5.956,7.341,6.639,3.859,8.933,6.527
1675775203.0528803,50,5.707,3.684,5.622,5.957,7.342,6.640,3.860,8.935,6.528
1675775204.0552187,50,5.707,3.685,5.623,5.958,7.343,6.641,3.861,8.935,6.529
1675775205.057967,50,5.709,3.687,5.624,5.959,7.345,6.642,3.863,8.937,6.531
1675775206.0608668,50,5.711,3.688,5.626,5.961,7.346,6.644,3.864,8.939,6.532
1675775207.0635061,50,5.712,3.690,5.627,5.962,7.347,6.645,3.865,8.940,6.533
1675775208.0662036,50,5.715,3.692,5.630,5.965,7.350,6.648,3.868,8.943,6.536
1675775209.0691464,50,5.717,3.695,5.632,5.967,7.352,6.650,3.870,8.945,6.538
1675775210.0713913,50,5.719,3.697,5.634,5.969,7.355,6.652,3.873,8.947,6.541
1675775211.074445,50,5.721,3.699,5.636,5.972,7.357,6.654,3.875,8.949,6.543
1675775212.0772634,50,5.724,3.702,5.639,5.974,7.359,6.657,3.877,8.952,6.545
1675775213.0801964,50,5.726,3.704,5.641,5.976,7.361,6.659,3.879,8.954,6.547
1675775214.0827737,50,5.728,3.706,5.644,5.979,7.364,6.662,3.882,8.957,6.550
1675775215.0854466,50,5.731,3.709,5.646,5.981,7.367,6.664,3.885,8.959,6.553
1675775216.0873976,50,5.733,3.711,5.649,5.984,7.369,6.667,3.887,8.961,6.555
1675775217.0902307,50,5.736,3.714,5.651,5.986,7.371,6.669,3.889,8.964,6.557
1675775218.093102,50,5.738,3.715,5.653,5.988,7.373,6.671,3.891,8.966,6.559
1675775219.0957482,50,5.740,3.718,5.656,5.991,7.376,6.674,3.894,8.969,6.562
1675775220.09844,50,5.743,3.720,5.658,5.993,7.378,6.676,3.896,8.971,6.564
1675775221.1013343,50,5.746,3.724,5.661,5.996,7.381,6.679,3.899,8.974,6.567
1675775222.1041985,50,5.748,3.726,5.663,5.999,7.384,6.682,3.902,8.976,6.570
1675775223.1072216,50,5.751,3.729,5.666,6.001,7.387,6.684,3.905,8.979,6.573
1675775224.1099305,50,5.754,3.732,5.669,6.004,7.389,6.687,3.907,8.982,6.575
1675775225.1127055,50,5.757,3.735,5.672,6.007,7.393,6.690,3.911,8.985,6.579
1675775226.115412,50,5.759,3.737,5.674,6.010,7.395,6.692,3.913,8.987,6.581
1675775227.117981,50,5.762,3.740,5.677,6.012,7.398,6.695,3.916,8.990,6.584
1675775228.1208065,50,5.764,3.742,5.679,6.014,7.400,6.697,3.918,8.992,6.586
1675775229.1233137,50,5.765,3.743,5.680,6.016,7.401,6.699,3.919,8.993,6.587
1675775230.1260762,50,5.767,3.745,5.683,6.018,7.403,6.701,3.921,8.996,6.589
1675775231.128901,50,5.768,3.746,5.684,6.019,7.404,6.702,3.922,8.997,6.590
1675775232.1314237,50,5.770,3.748,5.685,6.020,7.405,6.703,3.923,8.998,6.591
1675775233.1342137,50,5.770,3.748,5.686,6.021,7.406,6.704,3.924,8.998,6.592
1675775234.1368349,50,5.771,3.749,5.686,6.021,7.407,6.704,3.925,8.999,6.593
1675775235.1392207,50,5.771,3.749,5.686,6.022,7.407,6.705,3.925,8.999,6.593
1675775236.1417909,50,5.772,3.750,5.687,6.022,7.407,6.705,3.925,9.000,6.593
1675775237.1447618,50,5.772,3.750,5.687,6.022,7.408,6.705,3.926,9.000,6.594
1675775238.1472168,50,5.772,3.750,5.687,6.022,7.407,6.705,3.925,9.000,6.593
1675775239.14979,50,5.771,3.749,5.687,6.022,7.407,6.705,3.925,8.999,6.593
1675775240.1524253,50,5.770,3.748,5.686,6.021,7.406,6.704,3.924,8.998,6.592
1675775241.1553664,50,5.770,3.748,5.686,6.021,7.406,6.704,3.924,8.998,6.592
1675775242.1579344,50,5.768,3.746,5.684,6.019,7.404,6.702,3.922,8.996,6.590
1675775243.1607292,50,5.767,3.745,5.683,6.018,7.403,6.701,3.921,8.995,6.589
1675775244.1632423,50,5.766,3.744,5.681,6.017,7.402,6.699,3.920,8.994,6.588
1675775245.1658068,50,5.765,3.743,5.681,6.016,7.401,6.699,3.919,8.994,6.587
1675775246.1688905,50,5.765,3.743,5.681,6.016,7.401,6.699,3.919,8.993,6.587
1675775247.171386,50,5.764,3.742,5.679,6.015,7.400,6.697,3.918,8.992,6.586
1675775248.173964,50,5.764,3.742,5.679,6.014,7.400,6.697,3.918,8.992,6.586
1675775249.1768172,50,5.764,3.742,5.679,6.015,7.400,6.698,3.918,8.992,6.586
1675775250.1792693,50,5.765,3.743,5.680,6.015,7.401,6.698,3.919,8.993,6.587
1675775251.182485,50,5.765,3.743,5.681,6.016,7.401,6.699,3.919,8.993,6.587
1675775252.1852808,50,5.766,3.744,5.682,6.017,7.402,6.700,3.920,8.995,6.588
1675775253.1873443,50,5.768,3.746,5.683,6.018,7.404,6.701,3.922,8.996,6.590
1675775254.1902387,50,5.769,3.747,5.684,6.020,7.405,6.702,3.923,8.997,6.591
1675775255.1929808,50,5.771,3.749,5.686,6.022,7.407,6.704,3.925,8.999,6.593
1675775256.1953351,50,5.773,3.751,5.688,6.023,7.409,6.706,3.927,9.001,6.595
1675775257.198675,50,5.775,3.753,5.690,6.026,7.411,6.709,3.929,9.003,6.597
1675775258.2019176,50,5.777,3.755,5.692,6.028,7.413,6.710,3.931,9.005,6.599
1675775259.2049062,50,5.779,3.757,5.694,6.029,7.415,6.712,3.933,9.007,6.601
1675775260.2069309,50,5.781,3.758,5.696,6.031,7.416,6.714,3.934,9.009,6.602
1675775261.209365,50,5.783,3.761,5.698,6.033,7.419,6.716,3.937,9.011,6.605
1675775262.211343,50,5.785,3.763,5.700,6.036,7.421,6.719,3.939,9.013,6.607
1675775263.2140338,50,5.787,3.765,5.702,6.037,7.423,6.720,3.941,9.015,6.609
1675775264.2167888,50,5.790,3.767,5.705,6.040,7.425,6.723,3.943,9.018,6.611
1675775265.2193487,50,5.791,3.769,5.707,6.042,7.427,6.725,3.945,9.020,6.613
1675775266.2219524,50,5.794,3.772,5.709,6.045,7.430,6.727,3.948,9.022,6.616
1675775267.224673,50,5.797,3.775,5.712,6.047,7.432,6.730,3.950,9.025,6.618
1675775268.2272801,50,5.799,3.777,5.714,6.050,7.435,6.733,3.953,9.027,6.621
1675775269.2300735,50,5.802,3.780,5.717,6.052,7.437,6.735,3.955,9.030,6.623
1675775270.232951,50,5.805,3.782,5.720,6.055,7.440,6.738,3.958,9.033,6.626
1675775271.2353683,50,5.805,3.783,5.721,6.056,7.441,6.739,3.959,9.034,6.627
1675775272.238193,50,5.807,3.785,5.723,6.058,7.443,6.741,3.961,9.035,6.629
1675775273.2412581,50,5.810,3.788,5.725,6.060,7.445,6.743,3.963,9.038,6.631
1675775274.243344,50,5.812,3.790,5.727,6.062,7.448,6.745,3.966,9.040,6.634
1675775275.2459135,50,5.814,3.792,5.729,6.064,7.449,6.747,3.967,9.042,6.635
1675775276.2488143,50,5.815,3.793,5.730,6.065,7.451,6.748,3.969,9.043,6.637
1675775277.2513587,50,5.816,3.794,5.731,6.066,7.452,6.749,3.970,9.044,6.638
1675775278.2539463,50,5.818,3.796,5.733,6.068,7.453,6.751,3.971,9.046,6.639
1675775279.2567158,50,5.818,3.796,5.733,6.068,7.454,6.751,3.972,9.046,6.640
1675775280.2592368,50,5.819,3.797,5.734,6.069,7.455,6.752,3.973,9.047,6.641
1675775281.2619114,50,5.820,3.798,5.735,6.070,7.456,6.753,3.974,9.048,6.642
1675775282.264498,50,5.821,3.799,5.736,6.071,7.456,6.754,3.974,9.049,6.642
1675775283.2673018,50,5.822,3.800,5.737,6.072,7.457,6.755,3.975,9.050,6.643
1675775284.2698936,50,5.823,3.801,5.738,6.073,7.458,6.756,3.976,9.051,6.644
1675775285.2728155,50,5.824,3.802,5.739,6.074,7.459,6.757,3.977,9.052,6.645
1675775286.2753236,50,5.824,3.802,5.740,6.075,7.460,6.758,3.978,9.053,6.646
1675775287.277926,50,5.825,3.803,5.740,6.075,7.460,6.758,3.978,9.053,6.646
1675775288.28062,50,5.825,3.803,5.740,6.076,7.461,6.758,3.979,9.053,6.647
1675775289.2834275,50,5.826,3.804,5.741,6.076,7.461,6.759,3.979,9.054,6.647
1675775290.2864797,50,5.826,3.804,5.741,6.076,7.462,6.759,3.980,9.054,6.648
1675775291.2893636,50,5.826,3.804,5.741,6.076,7.462,6.759,3.980,9.054,6.648
1675775292.2913399,50,5.825,3.803,5.740,6.075,7.461,6.758,3.979,9.053,6.647
1675775293.2940524,50,5.824,3.802,5.739,6.074,7.460,6.757,3.978,9.052,6.646
1675775294.296871,50,5.824,3.802,5.739,6.074,7.460,6.757,3.978,9.052,6.646
1675775295.2997053,50,5.823,3.801,5.739,6.074,7.459,6.757,3.977,9.052,6.645
1675775296.3024147,50,5.824,3.802,5.739,6.074,7.460,6.757,3.978,9.052,6.646
1675775297.3052027,50,5.825,3.803,5.740,6.075,7.460,6.758,3.978,9.053,6.646
1675775298.307359,50,5.826,3.804,5.741,6.076,7.461,6.759,3.979,9.054,6.647
1675775299.3099892,50,5.826,3.804,5.741,6.077,7.462,6.760,3.980,9.054,6.648
1675775300.3128152,50,5.828,3.806,5.743,6.078,7.464,6.761,3.982,9.056,6.650
1675775301.315299,50,5.830,3.808,5.745,6.080,7.466,6.763,3.984,9.058,6.652
1675775302.3176756,50,5.832,3.810,5.747,6.082,7.467,6.765,3.985,9.060,6.653
1675775303.3192275,50,5.833,3.811,5.749,6.084,7.469,6.767,3.987,9.062,6.655
1675775304.321738,50,5.835,3.813,5.751,6.086,7.471,6.769,3.989,9.064,6.657
1675775305.3243582,50,5.838,3.816,5.753,6.088,7.474,6.771,3.992,9.066,6.660
1675775306.3274896,50,5.841,3.819,5.756,6.091,7.476,6.774,3.994,9.069,6.662
1675775307.3304205,50,5.843,3.821,5.759,6.094,7.479,6.777,3.997,9.071,6.665
1675775308.3332798,50,5.846,3.824,5.761,6.096,7.482,6.779,4.000,9.074,6.668
1675775309.3353646,50,5.849,3.827,5.765,6.100,7.485,6.783,4.003,9.077,6.671
1675775310.3379204,50,5.852,3.830,5.767,6.102,7.488,6.785,4.006,9.080,6.674
1675775311.3408868,50,5.855,3.833,5.770,6.105,7.490,6.788,4.008,9.083,6.676
1675775312.3446326,50,5.857,3.835,5.772,6.108,7.493,6.791,4.011,9.085,6.679
1675775313.3472686,50,5.860,3.838,5.776,6.111,7.496,6.794,4.014,9.088,6.682
1675775314.3499074,50,5.864,3.841,5.779,6.114,7.499,6.797,4.017,9.092,6.685
1675775315.3528473,50,5.865,3.843,5.780,6.116,7.501,6.798,4.019,9.093,6.687
1675775316.355218,50,5.867,3.845,5.782,6.117,7.503,6.800,4.021,9.095,6.689
1675775317.3586395,50,5.868,3.846,5.783,6.119,7.504,6.801,4.022,9.096,6.690
1675775318.3614993,50,5.869,3.847,5.784,6.119,7.505,6.802,4.023,9.097,6.691
1675775319.3645968,50,5.870,3.848,5.785,6.121,7.506,6.804,4.024,9.098,6.692
1675775320.3673818,50,5.870,3.848,5.785,6.120,7.506,6.803,4.024,9.098,6.692
1675775321.3700433,50,5.870,3.848,5.785,6.120,7.506,6.803,4.024,9.098,6.692
1675775322.3727405,50,5.871,3.849,5.786,6.121,7.507,6.804,4.025,9.099,6.693
1675775323.3753746,50,5.872,3.850,5.787,6.122,7.507,6.805,4.025,9.100,6.693
1675775324.3782365,50,5.872,3.850,5.787,6.122,7.507,6.805,4.025,9.100,6.693
1675775325.3810644,50,5.872,3.850,5.787,6.122,7.507,6.805,4.025,9.100,6.693
1675775326.3833573,50,5.871,3.848,5.786,6.121,7.506,6.804,4.024,9.099,6.692
1675775327.3860087,50,5.870,3.848,5.785,6.120,7.506,6.803,4.024,9.098,6.692
1675775328.3887339,50,5.869,3.847,5.785,6.120,7.505,6.803,4.023,9.098,6.691
1675775329.3914795,50,5.869,3.847,5.784,6.120,7.505,6.803,4.023,9.097,6.691
1675775330.3940904,50,5.869,3.847,5.784,6.119,7.505,6.802,4.023,9.097,6.691
1675775331.396836,50,5.868,3.846,5.783,6.119,7.504,6.801,4.022,9.096,6.690
1675775332.399349,50,5.868,3.846,5.783,6.119,7.504,6.801,4.022,9.096,6.690
1675775333.4019642,50,5.868,3.846,5.783,6.118,7.503,6.801,4.021,9.096,6.689
1675775334.4047873,50,5.868,3.846,5.783,6.118,7.504,6.801,4.022,9.096,6.690
1675775335.4073763,50,5.868,3.846,5.783,6.119,7.504,6.802,4.022,9.096,6.690
1675775336.4099312,50,5.870,3.847,5.785,6.120,7.505,6.803,4.023,9.098,6.691
1675775337.4128072,50,5.871,3.848,5.786,6.121,7.506,6.804,4.024,9.099,6.692
1675775338.4156673,50,5.872,3.850,5.787,6.123,7.508,6.805,4.026,9.100,6.694
1675775339.4184659,50,5.874,3.852,5.789,6.124,7.510,6.807,4.028,9.102,6.696
1675775340.421251,50,5.876,3.854,5.791,6.126,7.512,6.809,4.030,9.104,6.698
1675775341.4233675,50,5.879,3.857,5.794,6.129,7.515,6.812,4.033,9.107,6.701
1675775342.426141,50,5.881,3.859,5.796,6.132,7.517,6.814,4.035,9.109,6.703
1675775343.4290302,50,5.884,3.861,5.799,6.134,7.519,6.817,4.037,9.112,6.705
1675775344.4313412,50,5.885,3.863,5.800,6.135,7.521,6.818,4.039,9.113,6.707
1675775345.433936,50,5.888,3.866,5.803,6.138,7.523,6.821,4.041,9.116,6.709
1675775346.4367633,50,5.890,3.868,5.806,6.141,7.526,6.824,4.044,9.118,6.712
1675775347.4392478,50,5.893,3.871,5.809,6.144,7.529,6.827,4.047,9.122,6.715
1675775348.4421227,50,5.896,3.874,5.811,6.147,7.532,6.830,4.050,9.124,6.718
1675775349.4450035,50,5.899,3.877,5.814,6.150,7.535,6.832,4.053,9.127,6.721
1675775350.447236,50,5.902,3.880,5.817,6.152,7.538,6.835,4.056,9.130,6.724
1675775351.4498496,50,5.904,3.882,5.819,6.154,7.539,6.837,4.057,9.132,6.725
1675775352.4536433,50,5.906,3.884,5.821,6.157,7.542,6.839,4.060,9.134,6.728
1675775353.4561996,50,5.908,3.886,5.823,6.159,7.544,6.841,4.062,9.136,6.730
1675775354.4587963,50,5.910,3.888,5.826,6.161,7.546,6.844,4.064,9.138,6.732
1675775355.4615963,50,5.913,3.890,5.828,6.163,7.548,6.846,4.066,9.141,6.734
1675775356.4647074,50,5.914,3.892,5.830,6.165,7.550,6.848,4.068,9.143,6.736
1675775357.4673462,50,5.916,3.894,5.832,6.167,7.552,6.850,4.070,9.144,6.738
1675775358.469976,50,5.918,3.896,5.833,6.169,7.554,6.852,4.072,9.146,6.740
1675775359.472925,50,5.920,3.898,5.835,6.170,7.556,6.853,4.074,9.148,6.742
1675775360.4753716,50,5.921,3.899,5.837,6.172,7.557,6.855,4.075,9.150,6.743
1675775361.477707,50,5.924,3.902,5.839,6.174,7.559,6.857,4.077,9.152,6.745
1675775362.4807305,50,5.925,3.903,5.840,6.175,7.561,6.858,4.079,9.153,6.747
1675775363.4832778,50,5.927,3.905,5.842,6.177,7.563,6.860,4.081,9.155,6.749
1675775364.4861066,50,5.929,3.907,5.844,6.179,7.564,6.862,4.082,9.157,6.750
1675775365.489015,50,5.930,3.908,5.846,6.181,7.566,6.864,4.084,9.158,6.752
1675775366.4914079,50,5.932,3.910,5.847,6.182,7.568,6.865,4.086,9.160,6.754
1675775367.4942207,50,5.933,3.911,5.849,6.184,7.569,6.867,4.087,9.162,6.755
1675775368.4970827,50,5.934,3.912,5.849,6.184,7.569,6.867,4.087,9.162,6.755
1675775369.499948,50,5.935,3.913,5.850,6.185,7.570,6.868,4.088,9.163,6.756
1675775370.5028954,50,5.937,3.915,5.852,6.188,7.573,6.871,4.091,9.165,6.759
1675775371.5057707,50,5.938,3.916,5.854,6.189,7.574,6.872,4.092,9.167,6.760
1675775372.5087247,50,5.940,3.918,5.856,6.191,7.576,6.874,4.094,9.169,6.762
1675775373.5112832,50,5.942,3.920,5.858,6.193,7.578,6.876,4.096,9.170,6.764
1675775374.5138664,50,5.944,3.922,5.859,6.194,7.579,6.877,4.097,9.172,6.765
1675775375.516503,50,5.946,3.924,5.861,6.196,7.582,6.879,4.100,9.174,6.768
1675775376.5193248,50,5.950,3.928,5.865,6.200,7.585,6.883,4.103,9.178,6.771
1675775377.521984,50,5.952,3.930,5.867,6.202,7.588,6.885,4.106,9.180,6.774
1675775378.524891,50,5.955,3.932,5.870,6.205,7.590,6.888,4.108,9.183,6.776
1675775379.527717,50,5.957,3.935,5.872,6.207,7.593,6.890,4.111,9.185,6.779
1675775380.530472,50,5.958,3.936,5.873,6.208,7.594,6.891,4.112,9.186,6.780
1675775381.5331936,50,5.960,3.938,5.876,6.211,7.596,6.894,4.114,9.188,6.782
1675775382.5353153,50,5.962,3.940,5.877,6.213,7.598,6.895,4.116,9.190,6.784
1675775383.5379128,50,5.964,3.942,5.879,6.214,7.600,6.897,4.118,9.192,6.786
1675775384.5410962,50,5.966,3.944,5.881,6.216,7.602,6.899,4.120,9.194,6.788
1675775385.5433247,50,5.968,3.946,5.883,6.218,7.603,6.901,4.121,9.196,6.789
1675775386.5461106,50,5.968,3.946,5.883,6.219,7.604,6.901,4.122,9.196,6.790
1675775387.5490348,50,5.969,3.947,5.884,6.219,7.604,6.902,4.122,9.197,6.790
1675775388.5513346,50,5.970,3.948,5.885,6.220,7.605,6.903,4.123,9.198,6.791
1675775389.5541,50,5.970,3.948,5.885,6.220,7.606,6.903,4.124,9.198,6.792
1675775390.5568204,50,5.971,3.949,5.886,6.221,7.607,6.904,4.125,9.199,6.793
1675775391.5592356,50,5.972,3.950,5.887,6.222,7.607,6.905,4.125,9.200,6.793
1675775392.5617483,50,5.972,3.950,5.887,6.222,7.608,6.905,4.126,9.200,6.794
1675775393.5644124,50,5.972,3.950,5.887,6.223,7.608,6.906,4.126,9.200,6.794
1675775394.5670512,50,5.972,3.950,5.887,6.223,7.608,6.905,4.126,9.200,6.794
1675775395.5694034,50,5.972,3.950,5.887,6.222,7.608,6.905,4.126,9.200,6.794
1675775396.572206,50,5.972,3.950,5.888,6.223,7.608,6.906,4.126,9.200,6.794
1675775397.5750067,50,5.973,3.951,5.888,6.223,7.609,6.906,4.127,9.201,6.795
1675775398.5778346,50,5.973,3.951,5.888,6.224,7.609,6.907,4.127,9.201,6.795
1675775399.5806422,50,5.974,3.952,5.889,6.224,7.609,6.907,4.127,9.202,6.795
1675775400.58326,50,5.974,3.952,5.890,6.225,7.610,6.908,4.128,9.203,6.796
1675775401.5857975,50,5.976,3.953,5.891,6.226,7.611,6.909,4.129,9.204,6.797
1675775402.5885751,50,5.978,3.955,5.893,6.228,7.613,6.911,4.131,9.206,6.799
1675775403.5913515,50,5.980,3.958,5.895,6.230,7.615,6.913,4.133,9.208,6.801
1675775404.5944016,50,5.982,3.960,5.897,6.233,7.618,6.916,4.136,9.210,6.804
1675775405.5973196,50,5.984,3.962,5.900,6.235,7.620,6.918,4.138,9.212,6.806
1675775406.6001866,50,5.987,3.964,5.902,6.237,7.622,6.920,4.140,9.215,6.808
1675775407.603341,50,5.989,3.967,5.904,6.240,7.625,6.922,4.143,9.217,6.811
1675775408.6061733,50,5.991,3.969,5.907,6.242,7.627,6.925,4.145,9.219,6.813
1675775409.6090968,50,5.994,3.971,5.909,6.244,7.629,6.927,4.147,9.222,6.815
1675775410.6118903,50,5.996,3.974,5.911,6.246,7.632,6.929,4.150,9.224,6.818
1675775411.615231,50,5.997,3.975,5.913,6.248,7.633,6.931,4.151,9.225,6.819
1675775412.617968,50,5.999,3.977,5.914,6.249,7.635,6.932,4.153,9.227,6.821
1675775413.6208324,50,6.001,3.979,5.916,6.251,7.637,6.934,4.155,9.229,6.823
1675775414.623351,50,6.003,3.981,5.918,6.253,7.639,6.936,4.157,9.231,6.825
1675775415.6264253,50,6.005,3.983,5.921,6.256,7.641,6.939,4.159,9.233,6.827
1675775416.6292818,50,6.008,3.986,5.923,6.258,7.643,6.941,4.161,9.236,6.829
1675775417.6313343,50,6.010,3.988,5.926,6.261,7.646,6.944,4.164,9.238,6.832
1675775418.634274,50,6.013,3.991,5.928,6.263,7.649,6.946,4.167,9.241,6.835
1675775419.6372118,50,6.015,3.993,5.930,6.266,7.651,6.949,4.169,9.243,6.837
1675775420.6403255,50,6.017,3.995,5.933,6.268,7.653,6.951,4.171,9.246,6.839
1675775421.6433685,50,6.020,3.998,5.935,6.270,7.656,6.953,4.174,9.248,6.842
1675775422.646608,50,6.020,3.998,5.935,6.271,7.656,6.954,4.174,9.248,6.842
1675775423.6495204,50,6.022,4.000,5.937,6.272,7.658,6.955,4.176,9.250,6.844
1675775424.651363,50,6.024,4.002,5.939,6.275,7.660,6.958,4.178,9.252,6.846
1675775425.6542988,50,6.025,4.003,5.940,6.276,7.661,6.959,4.179,9.253,6.847
1675775426.6572948,50,6.027,4.004,5.942,6.277,7.662,6.960,4.180,9.255,6.848
1675775427.6603348,50,6.029,4.007,5.944,6.279,7.665,6.962,4.183,9.257,6.851
1675775428.6632128,50,6.031,4.009,5.946,6.282,7.667,6.964,4.185,9.259,6.853
1675775429.6659052,50,6.033,4.011,5.948,6.283,7.669,6.966,4.187,9.261,6.855
1675775430.66884,50,6.035,4.013,5.950,6.285,7.671,6.968,4.189,9.263,6.857
1675775431.6717842,50,6.037,4.015,5.952,6.287,7.673,6.970,4.191,9.265,6.859
1675775432.6748958,50,6.039,4.017,5.954,6.289,7.675,6.972,4.193,9.267,6.861
1675775433.6777632,50,6.041,4.019,5.956,6.292,7.677,6.974,4.195,9.269,6.863
1675775434.680726,50,6.043,4.021,5.958,6.294,7.679,6.977,4.197,9.271,6.865
1675775435.6833665,50,6.045,4.023,5.960,6.295,7.681,6.978,4.199,9.273,6.867
1675775436.6862772,50,6.047,4.025,5.962,6.297,7.683,6.980,4.201,9.275,6.869
1675775437.6893902,50,6.049,4.027,5.964,6.299,7.684,6.982,4.202,9.277,6.870
1675775438.6924293,50,6.050,4.028,5.966,6.301,7.686,6.984,4.204,9.278,6.872
1675775439.6953456,50,6.052,4.029,5.967,6.302,7.687,6.985,4.205,9.280,6.873
1675775440.6980703,50,6.053,4.031,5.968,6.304,7.689,6.987,4.207,9.281,6.875
1675775441.7010725,50,6.055,4.033,5.970,6.305,7.690,6.988,4.208,9.283,6.876
1675775442.7032223,50,6.056,4.034,5.971,6.306,7.691,6.989,4.209,9.284,6.877
1675775443.705872,50,6.057,4.035,5.972,6.307,7.692,6.990,4.210,9.285,6.878
1675775444.709038,50,6.057,4.035,5.972,6.307,7.693,6.990,4.211,9.285,6.879
1675775445.711398,50,6.058,4.036,5.973,6.308,7.694,6.991,4.212,9.286,6.880
1675775446.7141707,50,6.059,4.037,5.974,6.309,7.695,6.992,4.213,9.287,6.881
1675775447.7171047,50,6.059,4.037,5.974,6.309,7.695,6.992,4.213,9.287,6.881
1675775448.7192745,50,6.060,4.038,5.975,6.310,7.696,6.993,4.214,9.288,6.882
1675775449.7221448,50,6.061,4.039,5.976,6.311,7.697,6.994,4.215,9.289,6.883
1675775450.7251904,50,6.062,4.040,5.977,6.312,7.697,6.995,4.215,9.290,6.883
1675775451.7273424,50,6.061,4.039,5.977,6.312,7.697,6.995,4.215,9.290,6.883
1675775452.730255,50,6.062,4.040,5.978,6.313,7.698,6.996,4.216,9.290,6.884
1675775453.7330513,50,6.062,4.040,5.978,6.313,7.698,6.996,4.216,9.290,6.884
1675775454.7352479,50,6.064,4.042,5.979,6.314,7.699,6.997,4.217,9.292,6.885
1675775455.737989,50,6.065,4.043,5.980,6.315,7.701,6.998,4.219,9.293,6.887
1675775456.7409256,50,6.066,4.044,5.982,6.317,7.702,7.000,4.220,9.295,6.888
1675775457.7433655,50,6.068,4.046,5.983,6.319,7.704,7.002,4.222,9.296,6.890
1675775458.7461617,50,6.069,4.047,5.985,6.320,7.705,7.003,4.223,9.297,6.891
1675775459.7491248,50,6.071,4.049,5.986,6.321,7.707,7.004,4.225,9.299,6.893
1675775460.7513106,50,6.072,4.050,5.988,6.323,7.708,7.006,4.226,9.300,6.894
1675775461.754016,50,6.074,4.052,5.990,6.325,7.710,7.008,4.228,9.303,6.896
1675775462.757049,50,6.076,4.054,5.991,6.326,7.712,7.009,4.230,9.304,6.898
1675775463.7594016,50,6.078,4.056,5.993,6.329,7.714,7.012,4.232,9.306,6.900
1675775464.7623117,50,6.080,4.058,5.996,6.331,7.716,7.014,4.234,9.309,6.902
1675775465.764968,50,6.082,4.060,5.998,6.333,7.718,7.016,4.236,9.311,6.904
1675775466.767392,50,6.084,4.062,6.000,6.335,7.720,7.018,4.238,9.312,6.906
1675775467.7704632,50,6.087,4.064,6.002,6.337,7.722,7.020,4.240,9.315,6.908
1675775468.7735424,50,6.089,4.067,6.004,6.340,7.725,7.022,4.243,9.317,6.911
1675775469.7755005,50,6.091,4.069,6.007,6.342,7.727,7.025,4.245,9.320,6.913
1675775470.778153,50,6.094,4.072,6.009,6.345,7.730,7.027,4.248,9.322,6.916
1675775471.780847,50,6.096,4.074,6.011,6.346,7.732,7.029,4.250,9.324,6.918
1675775472.783316,50,6.098,4.076,6.013,6.348,7.734,7.031,4.252,9.326,6.920
1675775473.7862494,50,6.100,4.078,6.015,6.350,7.735,7.033,4.253,9.328,6.921
1675775474.7890055,50,6.101,4.079,6.016,6.352,7.737,7.035,4.255,9.329,6.923
1675775475.7914095,50,6.102,4.080,6.017,6.352,7.738,7.035,4.256,9.330,6.924
1675775476.79417,50,6.103,4.081,6.018,6.353,7.738,7.036,4.256,9.331,6.924
1675775477.7970579,50,6.102,4.080,6.017,6.352,7.738,7.035,4.256,9.330,6.924
1675775478.7993984,50,6.102,4.080,6.018,6.353,7.738,7.036,4.256,9.331,6.924
1675775479.8020766,50,6.103,4.080,6.018,6.353,7.738,7.036,4.256,9.331,6.924
1675775480.8049073,50,6.102,4.080,6.018,6.353,7.738,7.036,4.256,9.330,6.924
1675775481.8072405,50,6.102,4.080,6.017,6.352,7.738,7.035,4.256,9.330,6.924
1675775482.8102438,50,6.101,4.079,6.016,6.352,7.737,7.035,4.255,9.329,6.923
1675775483.8127465,50,6.100,4.078,6.016,6.351,7.736,7.034,4.254,9.328,6.922
1675775484.8156366,50,6.100,4.077,6.015,6.350,7.735,7.033,4.253,9.328,6.921
1675775485.8186874,50,6.099,4.077,6.014,6.350,7.735,7.033,4.253,9.327,6.921
1675775486.8213797,50,6.099,4.077,6.014,6.349,7.735,7.032,4.253,9.327,6.921
1675775487.8232596,50,6.098,4.076,6.013,6.349,7.734,7.032,4.252,9.326,6.920
1675775488.8260887,50,6.098,4.076,6.014,6.349,7.734,7.032,4.252,9.327,6.920
1675775489.8289773,50,6.099,4.077,6.014,6.349,7.735,7.032,4.253,9.327,6.921
1675775490.8312464,50,6.098,4.076,6.013,6.349,7.734,7.032,4.252,9.326,6.920
1675775491.834471,50,6.099,4.077,6.014,6.349,7.735,7.032,4.253,9.327,6.921
1675775492.837545,50,6.100,4.078,6.015,6.350,7.735,7.033,4.253,9.328,6.921
1675775493.84037,50,6.101,4.078,6.016,6.351,7.736,7.034,4.254,9.329,6.922
1675775494.8433566,50,6.102,4.080,6.017,6.352,7.738,7.035,4.256,9.330,6.924
1675775495.8459985,50,6.102,4.080,6.017,6.353,7.738,7.035,4.256,9.330,6.924
1675775496.8489466,50,6.104,4.081,6.019,6.354,7.739,7.037,4.257,9.332,6.925
1675775497.851374,50,6.105,4.083,6.021,6.356,7.741,7.039,4.259,9.334,6.927
1675775498.8541708,50,6.106,4.084,6.021,6.357,7.742,7.040,4.260,9.334,6.928
1675775499.8573575,50,6.108,4.086,6.023,6.358,7.744,7.041,4.262,9.336,6.930
1675775500.859363,50,6.110,4.088,6.025,6.361,7.746,7.043,4.264,9.338,6.932
1675775501.8623543,50,6.112,4.090,6.027,6.362,7.748,7.045,4.266,9.340,6.934
1675775502.865352,50,6.115,4.093,6.030,6.365,7.751,7.048,4.269,9.343,6.937
1675775503.8673577,50,6.117,4.095,6.033,6.368,7.753,7.051,4.271,9.346,6.939
1675775504.8701797,50,6.120,4.098,6.035,6.370,7.755,7.053,4.273,9.348,6.941
1675775505.8729985,50,6.124,4.102,6.039,6.374,7.759,7.057,4.277,9.352,6.945
1675775506.8752587,50,6.128,4.106,6.043,6.379,7.764,7.062,4.282,9.356,6.950
1675775507.878579,50,6.132,4.110,6.048,6.383,7.768,7.066,4.286,9.360,6.954
1675775508.8814514,50,6.138,4.115,6.053,6.388,7.773,7.071,4.291,9.366,6.959
1675775509.8844845,50,6.142,4.120,6.057,6.392,7.777,7.075,4.295,9.370,6.963
1675775510.8872952,50,6.146,4.124,6.061,6.397,7.782,7.079,4.300,9.374,6.968
1675775511.8901203,50,6.151,4.129,6.066,6.401,7.786,7.084,4.304,9.379,6.972
1675775512.8930438,50,6.155,4.133,6.070,6.405,7.791,7.088,4.309,9.383,6.977
1675775513.8952394,50,6.160,4.138,6.075,6.410,7.796,7.093,4.314,9.388,6.982
1675775514.8979342,50,6.164,4.142,6.079,6.415,7.800,7.097,4.318,9.392,6.986
1675775515.900914,50,6.168,4.146,6.083,6.418,7.804,7.101,4.322,9.396,6.990
1675775516.903254,50,6.172,4.150,6.087,6.423,7.808,7.105,4.326,9.400,6.994
1675775517.9060602,50,6.176,4.154,6.091,6.427,7.812,7.110,4.330,9.404,6.998
1675775518.9090328,50,6.180,4.158,6.095,6.430,7.816,7.113,4.334,9.408,7.002
1675775519.9119613,50,6.184,4.162,6.099,6.434,7.820,7.117,4.338,9.412,7.006
1675775520.9148667,50,6.187,4.165,6.103,6.438,7.823,7.121,4.341,9.416,7.009
1675775521.917673,50,6.191,4.169,6.107,6.442,7.827,7.125,4.345,9.420,7.013
1675775522.9193347,50,6.195,4.173,6.111,6.446,7.831,7.129,4.349,9.424,7.017
1675775523.921925,50,6.198,4.176,6.114,6.449,7.834,7.132,4.352,9.427,7.020
1675775524.9245467,50,6.202,4.180,6.117,6.452,7.838,7.135,4.356,9.430,7.024
1675775525.9272592,50,6.206,4.183,6.121,6.456,7.841,7.139,4.359,9.434,7.027
1675775526.9300284,50,6.209,4.187,6.124,6.459,7.845,7.142,4.363,9.437,7.031
1675775527.9330006,50,6.212,4.190,6.127,6.462,7.848,7.145,4.366,9.440,7.034
1675775528.9353337,50,6.215,4.193,6.130,6.465,7.851,7.148,4.369,9.443,7.037
1675775529.9379885,50,6.218,4.196,6.133,6.469,7.854,7.151,4.372,9.446,7.040
1675775530.940333,50,6.220,4.198,6.135,6.471,7.856,7.154,4.374,9.448,7.042
1675775531.9433124,50,6.222,4.200,6.137,6.473,7.858,7.156,4.376,9.450,7.044
1675775532.9460177,50,6.223,4.201,6.139,6.474,7.859,7.157,4.377,9.452,7.045
1675775533.9488597,50,6.225,4.203,6.140,6.476,7.861,7.159,4.379,9.453,7.047
1675775534.9513435,50,6.227,4.205,6.143,6.478,7.863,7.161,4.381,9.456,7.049
1675775535.9539897,50,6.229,4.207,6.144,6.479,7.864,7.162,4.382,9.457,7.050
1675775536.9567735,50,6.231,4.209,6.146,6.481,7.866,7.164,4.384,9.459,7.052
1675775537.9593437,50,6.232,4.210,6.147,6.482,7.868,7.165,4.386,9.460,7.054
1675775538.9621007,50,6.233,4.211,6.148,6.484,7.869,7.166,4.387,9.461,7.055
1675775539.9650035,50,6.234,4.212,6.149,6.485,7.870,7.168,4.388,9.462,7.056
1675775540.9674377,50,6.235,4.213,6.151,6.486,7.871,7.169,4.389,9.463,7.057
1675775541.9703631,50,6.236,4.214,6.151,6.487,7.872,7.169,4.390,9.464,7.058
1675775542.973153,50,6.237,4.215,6.152,6.487,7.873,7.170,4.391,9.465,7.059
1675775543.9759326,50,6.237,4.215,6.153,6.488,7.873,7.171,4.391,9.465,7.059
1675775544.9787154,50,6.237,4.215,6.152,6.487,7.873,7.170,4.391,9.465,7.059
1675775545.9822147,50,6.236,4.214,6.151,6.487,7.872,7.170,4.390,9.464,7.058
1675775546.9851098,50,6.235,4.213,6.150,6.486,7.871,7.168,4.389,9.463,7.057
1675775547.9879882,50,6.235,4.213,6.150,6.485,7.870,7.168,4.388,9.463,7.056
1675775548.990895,50,6.234,4.212,6.149,6.484,7.870,7.167,4.388,9.462,7.056
1675775549.9934175,50,6.233,4.211,6.148,6.484,7.869,7.167,4.387,9.461,7.055
1675775550.99532,50,6.233,4.211,6.148,6.483,7.869,7.166,4.387,9.461,7.055
1675775551.998108,50,6.232,4.210,6.148,6.483,7.868,7.166,4.386,9.461,7.054
1675775553.0007622,50,6.232,4.210,6.147,6.483,7.868,7.166,4.386,9.460,7.054
1675775554.0032501,50,6.232,4.210,6.147,6.482,7.867,7.165,4.385,9.460,7.053
1675775555.0060906,50,6.232,4.210,6.147,6.482,7.867,7.165,4.385,9.460,7.053
1675775556.0091593,50,6.231,4.209,6.146,6.481,7.867,7.164,4.385,9.459,7.053
1675775557.0112228,50,6.231,4.209,6.146,6.482,7.867,7.165,4.385,9.459,7.053
1675775558.0138617,50,6.232,4.210,6.147,6.482,7.867,7.165,4.385,9.460,7.053
1675775559.016555,50,6.232,4.210,6.147,6.483,7.868,7.165,4.386,9.460,7.054
1675775560.0192294,50,6.233,4.211,6.148,6.483,7.869,7.166,4.387,9.461,7.055
1675775561.0219927,50,6.234,4.211,6.149,6.484,7.869,7.167,4.387,9.462,7.055
1675775562.0248222,50,6.235,4.213,6.150,6.485,7.870,7.168,4.388,9.463,7.056
1675775563.0276709,50,6.235,4.213,6.150,6.485,7.871,7.168,4.389,9.463,7.057
1675775564.0304863,50,6.235,4.213,6.151,6.486,7.871,7.169,4.389,9.463,7.057
1675775565.0330935,50,6.235,4.213,6.151,6.486,7.871,7.169,4.389,9.464,7.057
1675775566.0354123,50,6.236,4.214,6.151,6.486,7.872,7.169,4.390,9.464,7.058
1675775567.0383253,50,6.238,4.216,6.153,6.488,7.874,7.171,4.392,9.466,7.060
1675775568.0409873,50,6.239,4.216,6.154,6.489,7.874,7.172,4.392,9.467,7.060
1675775569.0433207,50,6.239,4.217,6.155,6.490,7.875,7.173,4.393,9.468,7.061
1675775570.0459578,50,6.240,4.218,6.155,6.490,7.876,7.173,4.394,9.468,7.062
1675775571.0488088,50,6.241,4.219,6.156,6.491,7.877,7.174,4.395,9.469,7.063
1675775572.0512233,50,6.241,4.219,6.156,6.492,7.877,7.174,4.395,9.469,7.063
1675775573.053915,50,6.242,4.220,6.157,6.492,7.877,7.175,4.395,9.470,7.063
1675775574.0567665,50,6.243,4.221,6.158,6.493,7.878,7.176,4.396,9.471,7.064
1675775575.059364,50,6.244,4.222,6.159,6.494,7.880,7.177,4.398,9.472,7.066
1675775576.0620918,50,6.245,4.223,6.160,6.495,7.880,7.178,4.398,9.473,7.066
1675775577.0648286,50,6.246,4.223,6.161,6.496,7.881,7.179,4.399,9.474,7.067
1675775578.0673065,50,6.246,4.224,6.162,6.497,7.882,7.180,4.400,9.475,7.068
1675775579.0699148,50,6.247,4.225,6.162,6.497,7.883,7.180,4.401,9.475,7.069
1675775580.0728347,50,6.247,4.225,6.163,6.498,7.883,7.181,4.401,9.475,7.069
1675775581.0754561,50,6.247,4.225,6.163,6.498,7.883,7.181,4.401,9.475,7.069
1675775582.07835,50,6.248,4.226,6.163,6.498,7.883,7.181,4.401,9.476,7.069
1675775583.0812778,50,6.247,4.225,6.163,6.498,7.883,7.181,4.401,9.475,7.069
1675775584.083365,50,6.248,4.226,6.163,6.498,7.884,7.181,4.402,9.476,7.070
1675775585.0859303,50,6.248,4.225,6.163,6.498,7.883,7.181,4.401,9.476,7.069
1675775586.089347,50,6.247,4.225,6.163,6.498,7.883,7.181,4.401,9.475,7.069
1675775587.0913205,50,6.247,4.225,6.162,6.497,7.883,7.180,4.401,9.475,7.069
1675775588.0940127,50,6.247,4.225,6.162,6.498,7.883,7.180,4.401,9.475,7.069
1675775589.0968983,50,6.247,4.225,6.162,6.498,7.883,7.181,4.401,9.475,7.069
1675775590.0992541,50,6.247,4.225,6.162,6.497,7.883,7.180,4.401,9.475,7.069
1675775591.102239,50,6.247,4.225,6.162,6.497,7.883,7.180,4.401,9.475,7.069
1675775592.105021,50,6.246,4.224,6.162,6.497,7.882,7.180,4.400,9.475,7.068
1675775593.1073437,50,6.246,4.224,6.161,6.497,7.882,7.179,4.400,9.474,7.068
1675775594.1103685,50,6.246,4.224,6.161,6.496,7.882,7.179,4.400,9.474,7.068
1675775595.1131434,50,6.246,4.224,6.161,6.496,7.882,7.179,4.400,9.474,7.068
1675775596.11528,50,6.246,4.224,6.161,6.496,7.881,7.179,4.399,9.474,7.067
1675775597.1188636,50,6.246,4.224,6.161,6.496,7.882,7.179,4.400,9.474,7.068
1675775598.121582,50,6.246,4.224,6.162,6.497,7.882,7.180,4.400,9.475,7.068
1675775599.123323,50,6.247,4.224,6.162,6.497,7.882,7.180,4.400,9.475,7.068
1675775600.1262171,50,6.247,4.225,6.162,6.497,7.883,7.180,4.401,9.475,7.069
1675775601.1289341,50,6.248,4.226,6.163,6.498,7.883,7.181,4.401,9.476,7.069
1675775602.1312404,50,6.248,4.226,6.164,6.499,7.884,7.182,4.402,9.477,7.070
1675775603.1338894,50,6.250,4.228,6.165,6.500,7.886,7.183,4.404,9.478,7.072
1675775604.1371708,50,6.251,4.229,6.167,6.502,7.887,7.185,4.405,9.480,7.073
1675775605.1401806,50,6.252,4.230,6.167,6.503,7.888,7.185,4.406,9.480,7.074
1675775606.143195,50,6.254,4.232,6.169,6.504,7.889,7.187,4.407,9.482,7.075
1675775607.1461294,50,6.256,4.234,6.171,6.506,7.891,7.189,4.409,9.484,7.077
1675775608.1490133,50,6.258,4.236,6.173,6.508,7.893,7.191,4.411,9.486,7.079
1675775609.1513906,50,6.260,4.238,6.176,6.511,7.896,7.194,4.414,9.489,7.082
1675775610.1542077,50,6.263,4.241,6.178,6.513,7.898,7.196,4.416,9.491,7.084
1675775611.1570075,50,6.265,4.243,6.181,6.516,7.901,7.199,4.419,9.493,7.087
1675775612.15936,50,6.267,4.245,6.183,6.518,7.903,7.201,4.421,9.495,7.089
1675775613.1619446,50,6.270,4.248,6.185,6.520,7.906,7.203,4.424,9.498,7.092
1675775614.1645093,50,6.271,4.249,6.187,6.522,7.907,7.205,4.425,9.500,7.093
1675775615.1672294,50,6.273,4.251,6.189,6.524,7.909,7.207,4.427,9.501,7.095
1675775616.1704514,50,6.276,4.254,6.191,6.526,7.911,7.209,4.429,9.504,7.097
1675775617.1733172,50,6.278,4.255,6.193,6.528,7.913,7.211,4.431,9.506,7.099
1675775618.1753695,50,6.279,4.257,6.194,6.530,7.915,7.213,4.433,9.507,7.101
1675775619.1781845,50,6.281,4.259,6.196,6.531,7.917,7.214,4.435,9.509,7.103
1675775620.181257,50,6.282,4.260,6.198,6.533,7.918,7.216,4.436,9.511,7.104
1675775621.1832275,50,6.284,4.262,6.199,6.535,7.920,7.218,4.438,9.512,7.106
1675775622.1863625,50,6.286,4.263,6.201,6.536,7.921,7.219,4.439,9.514,7.107
1675775623.18941,50,6.286,4.264,6.202,6.537,7.922,7.220,4.440,9.515,7.108
1675775624.1913793,50,6.287,4.265,6.203,6.538,7.923,7.221,4.441,9.515,7.109
1675775625.194312,50,6.288,4.266,6.203,6.538,7.924,7.221,4.442,9.516,7.110
1675775626.197097,50,6.288,4.266,6.203,6.539,7.924,7.222,4.442,9.516,7.110
1675775627.199215,50,6.289,4.267,6.205,6.540,7.925,7.223,4.443,9.517,7.111
1675775628.2018168,50,6.290,4.268,6.205,6.540,7.926,7.223,4.444,9.518,7.112
1675775629.2045908,50,6.290,4.268,6.205,6.541,7.926,7.224,4.444,9.518,7.112
1675775630.2073858,50,6.291,4.268,6.206,6.541,7.926,7.224,4.444,9.519,7.112
1675775631.210065,50,6.290,4.268,6.206,6.541,7.926,7.224,4.444,9.519,7.112
1675775632.2129042,50,6.290,4.268,6.205,6.540,7.925,7.223,4.443,9.518,7.111
1675775633.2153378,50,6.290,4.268,6.205,6.540,7.926,7.223,4.444,9.518,7.112
1675775634.217945,50,6.290,4.267,6.205,6.540,7.925,7.223,4.443,9.518,7.111
1675775635.2207475,50,6.290,4.267,6.205,6.540,7.925,7.223,4.443,9.518,7.111
1675775636.2236433,50,6.290,4.268,6.205,6.540,7.926,7.223,4.444,9.518,7.112
1675775637.2255535,50,6.289,4.267,6.205,6.540,7.925,7.223,4.443,9.518,7.111
1675775638.2273667,50,6.289,4.266,6.204,6.539,7.924,7.222,4.442,9.517,7.110
1675775639.230277,50,6.289,4.267,6.204,6.539,7.924,7.222,4.442,9.517,7.110
1675775640.23307,50,6.290,4.268,6.205,6.540,7.925,7.223,4.443,9.518,7.111
1675775641.2353473,50,6.290,4.268,6.206,6.541,7.926,7.224,4.444,9.519,7.112
1675775642.2380455,50,6.292,4.270,6.207,6.542,7.927,7.225,4.445,9.520,7.113
1675775643.2406423,50,6.292,4.270,6.208,6.543,7.928,7.226,4.446,9.520,7.114
1675775644.2433338,50,6.294,4.271,6.209,6.544,7.929,7.227,4.447,9.522,7.115
1675775645.2461433,50,6.294,4.272,6.210,6.545,7.930,7.228,4.448,9.522,7.116
1675775646.2486875,50,6.295,4.273,6.210,6.545,7.931,7.228,4.449,9.523,7.117
1675775647.2512789,50,6.296,4.274,6.211,6.546,7.932,7.229,4.450,9.524,7.118
1675775648.2539427,50,6.296,4.274,6.211,6.546,7.932,7.229,4.450,9.524,7.118
1675775649.2566934,50,6.297,4.275,6.212,6.547,7.932,7.230,4.450,9.525,7.118
1675775650.2593775,50,6.297,4.275,6.212,6.547,7.933,7.230,4.451,9.525,7.119
1675775651.262271,50,6.297,4.275,6.212,6.547,7.933,7.230,4.451,9.525,7.119
1675775652.2649987,50,6.297,4.275,6.212,6.547,7.932,7.230,4.450,9.525,7.118
1675775653.267774,50,6.297,4.275,6.213,6.548,7.933,7.231,4.451,9.525,7.119
1675775654.2706993,50,6.298,4.276,6.214,6.549,7.934,7.232,4.452,9.527,7.120
1675775655.2733903,50,6.299,4.277,6.214,6.550,7.935,7.232,4.453,9.527,7.121
1675775656.2753139,50,6.300,4.278,6.215,6.550,7.936,7.233,4.454,9.528,7.122
1675775657.2780397,50,6.301,4.279,6.216,6.551,7.937,7.234,4.455,9.529,7.123
1675775658.2807047,50,6.302,4.279,6.217,6.552,7.937,7.235,4.455,9.530,7.123
1675775659.2834945,50,6.302,4.280,6.217,6.553,7.938,7.236,4.456,9.530,7.124
1675775660.2862847,50,6.303,4.281,6.218,6.553,7.938,7.236,4.456,9.531,7.124
1675775661.2891216,50,6.303,4.281,6.218,6.554,7.939,7.237,4.457,9.531,7.125
1675775662.2918823,50,6.304,4.282,6.219,6.554,7.940,7.237,4.458,9.532,7.126
1675775663.2947981,50,6.305,4.283,6.220,6.555,7.940,7.238,4.458,9.533,7.126
1675775664.2973735,50,6.305,4.282,6.220,6.555,7.940,7.238,4.458,9.533,7.126
1675775665.2992532,50,6.305,4.282,6.220,6.555,7.940,7.238,4.458,9.533,7.126
1675775666.3023357,50,6.305,4.283,6.220,6.555,7.940,7.238,4.458,9.533,7.126
1675775667.305248,50,6.305,4.283,6.220,6.555,7.941,7.238,4.459,9.533,7.127
1675775668.3080697,50,6.305,4.283,6.220,6.556,7.941,7.238,4.459,9.533,7.127
1675775669.3103962,50,6.306,4.284,6.221,6.556,7.942,7.239,4.460,9.534,7.128
1675775670.3130744,50,6.307,4.285,6.222,6.557,7.943,7.240,4.461,9.535,7.129
1675775671.3154051,50,6.308,4.286,6.223,6.558,7.944,7.241,4.462,9.536,7.130
1675775672.3182588,50,6.309,4.287,6.224,6.559,7.944,7.242,4.462,9.537,7.130
1675775673.3211088,50,6.310,4.288,6.225,6.560,7.946,7.243,4.464,9.538,7.132
1675775674.3232303,50,6.311,4.289,6.226,6.562,7.947,7.245,4.465,9.539,7.133
1675775675.3259099,50,6.312,4.290,6.227,6.563,7.948,7.246,4.466,9.540,7.134
1675775676.3292603,50,6.313,4.291,6.229,6.564,7.949,7.247,4.467,9.541,7.135
1675775677.3313673,50,6.314,4.292,6.229,6.564,7.950,7.247,4.468,9.542,7.136
1675775678.3342187,50,6.315,4.293,6.230,6.566,7.951,7.248,4.469,9.543,7.137
1675775679.3369622,50,6.316,4.294,6.231,6.566,7.952,7.249,4.470,9.544,7.138
1675775680.3392317,50,6.317,4.295,6.232,6.567,7.953,7.250,4.471,9.545,7.139
1675775681.3421483,50,6.318,4.296,6.233,6.568,7.954,7.251,4.472,9.546,7.140
1675775682.3449628,50,6.319,4.297,6.234,6.569,7.954,7.252,4.472,9.547,7.140
1675775683.347871,50,6.319,4.297,6.235,6.570,7.955,7.253,4.473,9.548,7.141
1675775684.3507566,50,6.320,4.298,6.236,6.571,7.956,7.254,4.474,9.549,7.142
1675775685.3536146,50,6.320,4.298,6.236,6.571,7.956,7.254,4.474,9.549,7.142
1675775686.3566632,50,6.322,4.299,6.237,6.572,7.957,7.255,4.475,9.550,7.143
1675775687.359396,50,6.323,4.301,6.238,6.574,7.959,7.257,4.477,9.551,7.145
1675775688.3622105,50,6.324,4.302,6.239,6.574,7.960,7.257,4.478,9.552,7.146
1675775689.364962,50,6.326,4.303,6.241,6.576,7.961,7.259,4.479,9.554,7.147
1675775690.367259,50,6.326,4.304,6.241,6.577,7.962,7.260,4.480,9.554,7.148
1675775691.3700948,50,6.327,4.305,6.242,6.577,7.963,7.260,4.481,9.555,7.149
1675775692.3726833,50,6.328,4.306,6.243,6.579,7.964,7.261,4.482,9.556,7.150
1675775693.375203,50,6.329,4.307,6.244,6.579,7.965,7.262,4.483,9.557,7.151
1675775694.3780513,50,6.330,4.308,6.245,6.580,7.966,7.263,4.484,9.558,7.152
1675775695.3808868,50,6.331,4.309,6.247,6.582,7.967,7.265,4.485,9.559,7.153
1675775696.383342,50,6.332,4.310,6.247,6.583,7.968,7.265,4.486,9.560,7.154
1675775697.3861554,50,6.333,4.311,6.248,6.584,7.969,7.267,4.487,9.561,7.155
1675775698.3889663,50,6.334,4.312,6.250,6.585,7.970,7.268,4.488,9.562,7.156
1675775699.3912761,50,6.335,4.313,6.250,6.585,7.971,7.268,4.489,9.563,7.157
1675775700.3936565,50,6.337,4.315,6.252,6.587,7.972,7.270,4.490,9.565,7.158
1675775701.3963933,50,6.338,4.316,6.253,6.588,7.974,7.271,4.492,9.566,7.160
1675775702.3995457,50,6.340,4.317,6.255,6.590,7.975,7.273,4.493,9.568,7.161
1675775703.4026918,50,6.341,4.319,6.256,6.591,7.977,7.274,4.495,9.569,7.163
1675775704.405576,50,6.342,4.320,6.257,6.592,7.978,7.275,4.496,9.570,7.164
1675775705.408258,50,6.343,4.321,6.259,6.594,7.979,7.277,4.497,9.572,7.165
1675775706.4109614,50,6.345,4.323,6.260,6.595,7.980,7.278,4.498,9.573,7.166
1675775707.4138892,50,6.346,4.324,6.262,6.597,7.982,7.280,4.500,9.575,7.168
1675775708.4166336,50,6.348,4.325,6.263,6.598,7.983,7.281,4.501,9.576,7.169
1675775709.4193804,50,6.349,4.326,6.264,6.599,7.984,7.282,4.502,9.577,7.170
1675775710.4221885,50,6.349,4.326,6.264,6.599,7.984,7.282,4.502,9.577,7.170
1675775711.4246738,50,6.349,4.327,6.264,6.599,7.984,7.282,4.502,9.577,7.170
1675775712.4273434,50,6.347,4.325,6.262,6.597,7.983,7.280,4.501,9.575,7.169
1675775713.430065,50,6.346,4.324,6.262,6.597,7.982,7.280,4.500,9.574,7.168
1675775714.4326613,50,6.345,4.323,6.261,6.596,7.981,7.279,4.499,9.574,7.167
1675775715.4353447,50,6.345,4.322,6.260,6.595,7.980,7.278,4.498,9.573,7.166
1675775716.4381883,50,6.344,4.322,6.259,6.594,7.979,7.277,4.497,9.572,7.165
1675775717.4409761,50,6.343,4.320,6.258,6.593,7.978,7.276,4.496,9.571,7.164
1675775718.4433615,50,6.341,4.319,6.257,6.592,7.977,7.275,4.495,9.569,7.163
1675775719.4464815,50,6.340,4.318,6.256,6.591,7.976,7.274,4.494,9.569,7.162
1675775720.4492047,50,6.339,4.317,6.254,6.590,7.975,7.273,4.493,9.567,7.161
1675775721.4517636,50,6.338,4.316,6.254,6.589,7.974,7.272,4.492,9.567,7.160
1675775722.4545465,50,6.338,4.316,6.253,6.588,7.973,7.271,4.491,9.566,7.159
1675775723.4571562,50,6.338,4.315,6.253,6.588,7.973,7.271,4.491,9.566,7.159
1675775724.4593623,50,6.338,4.316,6.253,6.588,7.974,7.271,4.492,9.566,7.160
1675775725.4620106,50,6.338,4.315,6.253,6.588,7.973,7.271,4.491,9.566,7.159
1675775726.4646423,50,6.337,4.315,6.252,6.588,7.973,7.271,4.491,9.565,7.159
1675775727.4673126,50,6.337,4.315,6.252,6.588,7.973,7.271,4.491,9.565,7.159
1675775728.470079,50,6.337,4.315,6.253,6.588,7.973,7.271,4.491,9.566,7.159
1675775729.4727793,50,6.338,4.316,6.253,6.588,7.974,7.271,4.492,9.566,7.160
1675775730.475466,50,6.338,4.316,6.253,6.588,7.974,7.271,4.492,9.566,7.160
1675775731.4783506,50,6.339,4.316,6.254,6.589,7.974,7.272,4.492,9.567,7.160
1675775732.4802752,50,6.339,4.317,6.254,6.589,7.974,7.272,4.492,9.567,7.160
1675775733.4830413,50,6.338,4.316,6.254,6.589,7.974,7.272,4.492,9.567,7.160
1675775734.4857814,50,6.338,4.316,6.253,6.589,7.974,7.272,4.492,9.566,7.160
1675775735.4885418,50,6.339,4.317,6.254,6.589,7.975,7.272,4.493,9.567,7.161
1675775736.4912035,50,6.339,4.317,6.254,6.589,7.975,7.272,4.493,9.567,7.161
1675775737.493981,50,6.338,4.316,6.254,6.589,7.974,7.272,4.492,9.567,7.160
1675775738.4965675,50,6.339,4.317,6.254,6.589,7.975,7.272,4.493,9.567,7.161
1675775739.4993396,50,6.338,4.316,6.254,6.589,7.974,7.272,4.492,9.567,7.160
1675775740.5020776,50,6.339,4.317,6.254,6.589,7.974,7.272,4.492,9.567,7.160
1675775741.5048013,50,6.338,4.316,6.254,6.589,7.974,7.272,4.492,9.567,7.160
1675775742.5073357,50,6.339,4.317,6.254,6.589,7.975,7.272,4.493,9.567,7.161
1675775743.510063,50,6.340,4.318,6.255,6.590,7.976,7.273,4.494,9.568,7.162
1675775744.5127125,50,6.341,4.319,6.256,6.591,7.977,7.274,4.495,9.569,7.163
1675775745.51538,50,6.342,4.320,6.257,6.592,7.977,7.275,4.495,9.570,7.163
1675775746.5180433,50,6.342,4.320,6.258,6.593,7.978,7.276,4.496,9.571,7.164
1675775747.520846,50,6.343,4.321,6.259,6.594,7.979,7.277,4.497,9.572,7.165
1675775748.5233665,50,6.344,4.322,6.259,6.595,7.980,7.277,4.498,9.572,7.166
1675775749.5264459,50,6.345,4.323,6.260,6.595,7.980,7.278,4.498,9.573,7.166
1675775750.5290337,50,6.346,4.324,6.261,6.596,7.982,7.279,4.500,9.574,7.168
1675775751.5314655,50,6.347,4.325,6.263,6.598,7.983,7.281,4.501,9.575,7.169
1675775752.534143,50,6.348,4.326,6.263,6.598,7.984,7.281,4.502,9.576,7.170
1675775753.536897,50,6.349,4.327,6.264,6.599,7.984,7.282,4.502,9.577,7.170
1675775754.5392294,50,6.350,4.327,6.265,6.600,7.985,7.283,4.503,9.578,7.171
1675775755.5420847,50,6.351,4.329,6.266,6.601,7.986,7.284,4.504,9.579,7.172
1675775756.5448897,50,6.352,4.330,6.267,6.603,7.988,7.285,4.506,9.580,7.174
1675775757.5478263,50,6.354,4.332,6.269,6.604,7.989,7.287,4.507,9.582,7.175
1675775758.55087,50,6.356,4.334,6.271,6.606,7.992,7.289,4.510,9.584,7.178
1675775759.5537562,50,6.358,4.336,6.273,6.608,7.993,7.291,4.511,9.586,7.179
1675775760.5563724,50,6.359,4.337,6.274,6.610,7.995,7.293,4.513,9.587,7.181
1675775761.5593321,50,6.361,4.339,6.276,6.611,7.997,7.294,4.515,9.589,7.183
1675775762.562093,50,6.362,4.340,6.278,6.613,7.998,7.296,4.516,9.591,7.184
1675775763.5647726,50,6.364,4.342,6.279,6.614,8.000,7.297,4.518,9.592,7.186
1675775764.567354,50,6.366,4.343,6.281,6.616,8.001,7.299,4.519,9.594,7.187
1675775765.5703285,50,6.367,4.345,6.282,6.617,8.003,7.300,4.521,9.595,7.189
1675775766.5730324,50,6.368,4.346,6.284,6.619,8.004,7.302,4.522,9.597,7.190
1675775767.5752232,50,6.371,4.349,6.286,6.621,8.006,7.304,4.524,9.599,7.192
1675775768.5780232,50,6.373,4.350,6.288,6.623,8.008,7.306,4.526,9.601,7.194
1675775769.581038,50,6.375,4.353,6.290,6.625,8.011,7.308,4.529,9.603,7.197
1675775770.5832212,50,6.377,4.355,6.292,6.627,8.012,7.310,4.530,9.605,7.198
1675775771.5859728,50,6.379,4.356,6.294,6.629,8.014,7.312,4.532,9.607,7.200
1675775772.5886145,50,6.381,4.359,6.296,6.631,8.016,7.314,4.534,9.609,7.202
1675775773.591211,50,6.382,4.360,6.298,6.633,8.018,7.316,4.536,9.610,7.204
1675775774.5938501,50,6.384,4.362,6.300,6.635,8.020,7.318,4.538,9.612,7.206
1675775775.5965264,50,6.386,4.364,6.301,6.636,8.021,7.319,4.539,9.614,7.207
1675775776.599303,50,6.387,4.365,6.302,6.637,8.023,7.320,4.541,9.615,7.209
1675775777.6019957,50,6.388,4.366,6.303,6.639,8.024,7.322,4.542,9.616,7.210
1675775778.6048243,50,6.390,4.368,6.305,6.640,8.025,7.323,4.543,9.618,7.211
1675775779.607372,50,6.391,4.369,6.306,6.641,8.026,7.324,4.544,9.619,7.212
1675775780.6099946,50,6.392,4.370,6.307,6.643,8.028,7.326,4.546,9.620,7.214
1675775781.6126828,50,6.394,4.372,6.309,6.644,8.029,7.327,4.547,9.622,7.215
1675775782.6153417,50,6.395,4.372,6.310,6.645,8.030,7.328,4.548,9.623,7.216
1675775783.6183245,50,6.396,4.374,6.311,6.646,8.031,7.329,4.549,9.624,7.217
1675775784.6212878,50,6.397,4.375,6.313,6.648,8.033,7.331,4.551,9.625,7.219
1675775785.623337,50,6.399,4.377,6.314,6.649,8.035,7.332,4.553,9.627,7.221
1675775786.6264834,50,6.401,4.379,6.316,6.651,8.036,7.334,4.554,9.629,7.222
1675775787.629446,50,6.402,4.380,6.317,6.652,8.037,7.335,4.555,9.630,7.223
1675775788.6323733,50,6.404,4.382,6.319,6.654,8.040,7.337,4.558,9.632,7.226
1675775789.6349566,50,6.404,4.382,6.320,6.655,8.040,7.338,4.558,9.633,7.226
1675775790.6381404,50,6.406,4.384,6.321,6.657,8.042,7.340,4.560,9.634,7.228
1675775791.6408587,50,6.408,4.386,6.324,6.659,8.044,7.342,4.562,9.637,7.230
1675775792.6439743,50,6.410,4.388,6.325,6.660,8.046,7.343,4.564,9.638,7.232
1675775793.6467915,50,6.411,4.389,6.326,6.662,8.047,7.345,4.565,9.639,7.233
1675775794.649523,50,6.413,4.391,6.328,6.663,8.049,7.346,4.567,9.641,7.235
1675775795.6513362,50,6.414,4.392,6.329,6.664,8.049,7.347,4.567,9.642,7.235
1675775796.6540024,50,6.414,4.392,6.330,6.665,8.050,7.348,4.568,9.642,7.236
1675775797.6568809,50,6.416,4.394,6.331,6.667,8.052,7.349,4.570,9.644,7.238
1675775798.6596518,50,6.417,4.395,6.332,6.667,8.053,7.350,4.571,9.645,7.239
1675775799.6622555,50,6.418,4.395,6.333,6.668,8.053,7.351,4.571,9.646,7.239
1675775800.6651304,50,6.418,4.396,6.333,6.668,8.053,7.351,4.571,9.646,7.239
1675775801.6680608,50,6.419,4.396,6.334,6.669,8.054,7.352,4.572,9.647,7.240
1675775802.670964,50,6.420,4.397,6.335,6.670,8.055,7.353,4.573,9.648,7.241
1675775803.673978,50,6.421,4.398,6.336,6.671,8.056,7.354,4.574,9.649,7.242
1675775804.676506,50,6.421,4.399,6.336,6.671,8.057,7.354,4.575,9.649,7.243
1675775805.6793313,50,6.422,4.400,6.337,6.672,8.058,7.355,4.576,9.650,7.244
1675775806.6810665,50,6.423,4.401,6.338,6.674,8.059,7.357,4.577,9.651,7.245
1675775807.6840732,50,6.424,4.402,6.339,6.674,8.059,7.357,4.577,9.652,7.245
1675775808.686985,50,6.425,4.403,6.340,6.675,8.060,7.358,4.578,9.653,7.246
1675775809.689926,50,6.426,4.404,6.341,6.676,8.061,7.359,4.579,9.654,7.247
1675775810.6927135,50,6.427,4.405,6.342,6.678,8.063,7.360,4.581,9.655,7.249
1675775811.6952548,50,6.429,4.407,6.344,6.679,8.064,7.362,4.582,9.657,7.250
1675775812.697899,50,6.430,4.408,6.345,6.680,8.066,7.363,4.584,9.658,7.252
1675775813.7006404,50,6.432,4.410,6.347,6.682,8.068,7.365,4.586,9.660,7.254
1675775814.70336,50,6.433,4.411,6.348,6.684,8.069,7.366,4.587,9.661,7.255
1675775815.7062533,50,6.435,4.412,6.350,6.685,8.070,7.368,4.588,9.663,7.256
1675775816.7093503,50,6.435,4.413,6.350,6.685,8.071,7.368,4.589,9.663,7.257
1675775817.7112818,50,6.436,4.414,6.351,6.687,8.072,7.369,4.590,9.664,7.258
1675775818.714245,50,6.437,4.415,6.352,6.688,8.073,7.371,4.591,9.665,7.259
1675775819.7167814,50,6.438,4.416,6.353,6.688,8.074,7.371,4.592,9.666,7.260
1675775820.7192547,50,6.438,4.416,6.353,6.688,8.073,7.371,4.591,9.666,7.259
1675775821.7224998,50,6.437,4.415,6.353,6.688,8.073,7.371,4.591,9.665,7.259
1675775822.7252436,50,6.439,4.417,6.354,6.689,8.074,7.372,4.592,9.667,7.260
1675775823.7272506,50,6.438,4.416,6.353,6.689,8.074,7.372,4.592,9.666,7.260
1675775824.7300608,50,6.439,4.417,6.354,6.689,8.075,7.372,4.593,9.667,7.261
1675775825.7331724,50,6.440,4.418,6.355,6.690,8.075,7.373,4.593,9.668,7.261
1675775826.735244,50,6.440,4.418,6.356,6.691,8.076,7.374,4.594,9.669,7.262
1675775827.7385662,50,6.441,4.419,6.356,6.691,8.077,7.374,4.595,9.669,7.263
1675775828.7413151,50,6.441,4.419,6.357,6.692,8.077,7.375,4.595,9.669,7.263
1675775829.7441819,50,6.442,4.420,6.357,6.692,8.078,7.375,4.596,9.670,7.264
1675775830.746752,50,6.443,4.421,6.358,6.693,8.079,7.376,4.597,9.671,7.265
