1675429489.8705027,1,None,None,None,None,None,None,None,None,None
1675429490.8757727,1,None,None,None,None,None,None,None,None,None
1675429491.8783913,1,None,None,None,None,None,None,None,None,None
1675429492.8809712,1,None,None,None,None,None,None,None,None,None
1675429493.8841503,1,None,None,None,None,None,None,None,None,None
1675429494.8870041,1,None,None,None,None,None,None,None,None,None
1675429495.8899863,1,None,None,None,None,None,None,None,None,None
1675429496.8927152,1,None,None,None,None,None,None,None,None,None
1675429497.8953469,1,None,None,None,None,None,None,None,None,None
1675429498.8980596,1,None,None,None,None,None,None,None,None,None
1675429499.9008164,1,0.117,0.059,0.114,0.087,0.163,0.100,0.064,0.209,0.140
1675429500.9037566,1,0.117,0.059,0.114,0.087,0.163,0.100,0.064,0.209,0.140
1675429501.907222,1,0.117,0.059,0.114,0.087,0.163,0.100,0.064,0.209,0.140
1675429502.910169,1,0.117,0.059,0.114,0.087,0.163,0.100,0.064,0.209,0.140
1675429503.9135442,1,0.117,0.059,0.114,0.087,0.163,0.100,0.064,0.209,0.140
1675429504.9166608,1,0.117,0.059,0.114,0.087,0.163,0.100,0.064,0.209,0.140
1675429505.9197202,1,0.117,0.059,0.114,0.087,0.163,0.100,0.064,0.209,0.140
1675429506.9228096,1,0.117,0.059,0.114,0.087,0.163,0.100,0.064,0.209,0.140
1675429507.9260392,1,0.117,0.059,0.114,0.087,0.163,0.100,0.064,0.209,0.140
1675429508.9293911,1,0.117,0.059,0.114,0.087,0.163,0.100,0.064,0.209,0.140
1675429509.9323647,1,0.117,0.059,0.114,0.087,0.163,0.100,0.064,0.209,0.140
1675429510.935366,1,0.117,0.059,0.114,0.087,0.163,0.100,0.064,0.209,0.140
1675429511.9385035,1,0.117,0.059,0.114,0.087,0.163,0.100,0.064,0.209,0.140
1675429512.941769,1,0.117,0.059,0.114,0.087,0.163,0.100,0.064,0.209,0.140
1675429513.9449131,1,0.117,0.059,0.114,0.087,0.163,0.100,0.064,0.209,0.140
1675429514.9479573,1,0.117,0.059,0.114,0.087,0.163,0.100,0.064,0.209,0.140
1675429515.9513006,1,0.117,0.059,0.114,0.087,0.163,0.100,0.064,0.209,0.140
1675429516.9542997,1,0.117,0.059,0.114,0.087,0.163,0.100,0.064,0.209,0.140
1675429517.9574475,1,0.117,0.059,0.114,0.087,0.163,0.100,0.064,0.209,0.140
1675429518.9606833,1,0.117,0.059,0.114,0.087,0.163,0.100,0.064,0.209,0.140
1675429520.003795,1,0.117,0.059,0.114,0.087,0.163,0.100,0.064,0.209,0.140
1675429521.008245,11,1.282,0.647,1.256,0.953,1.796,1.103,0.702,2.297,1.541
1675429522.0112581,11,1.282,0.647,1.256,0.953,1.796,1.103,0.702,2.297,1.541
1675429523.0141377,11,1.282,0.647,1.256,0.953,1.796,1.103,0.702,2.297,1.541
1675429524.0174947,11,1.282,0.647,1.256,0.953,1.796,1.103,0.702,2.297,1.541
1675429525.0205684,11,1.282,0.647,1.256,0.953,1.796,1.103,0.702,2.297,1.541
1675429526.0235689,11,1.282,0.647,1.256,0.953,1.796,1.103,0.702,2.297,1.541
1675429527.0264928,11,1.282,0.647,1.256,0.953,1.796,1.103,0.702,2.297,1.541
1675429528.029573,11,1.282,0.647,1.256,0.953,1.796,1.103,0.702,2.297,1.541
1675429529.0324967,11,1.282,0.647,1.256,0.953,1.796,1.103,0.702,2.297,1.541
1675429530.035233,11,1.282,0.647,1.256,0.953,1.796,1.103,0.702,2.297,1.541
1675429531.037571,11,1.282,0.647,1.256,0.953,1.796,1.103,0.702,2.297,1.541
1675429532.04066,11,1.282,0.647,1.256,0.953,1.796,1.103,0.702,2.297,1.541
1675429533.0433676,11,1.282,0.647,1.256,0.953,1.796,1.103,0.702,2.297,1.541
1675429534.046329,11,1.282,0.647,1.256,0.953,1.796,1.103,0.702,2.297,1.541
1675429535.0491352,11,1.282,0.647,1.256,0.953,1.796,1.103,0.702,2.297,1.541
1675429536.051997,11,1.282,0.647,1.256,0.953,1.796,1.103,0.702,2.297,1.541
1675429537.0548778,11,1.290,0.654,1.263,0.960,1.804,1.110,0.710,2.304,1.548
1675429538.0577981,11,1.296,0.661,1.270,0.967,1.810,1.117,0.716,2.311,1.555
1675429539.0608363,11,1.303,0.667,1.276,0.973,1.817,1.124,0.723,2.317,1.561
1675429540.0632749,11,1.308,0.673,1.282,0.979,1.823,1.129,0.728,2.323,1.567
1675429541.0661538,11,1.314,0.678,1.287,0.984,1.828,1.135,0.734,2.329,1.572
1675429542.0693302,11,1.318,0.683,1.292,0.989,1.833,1.139,0.738,2.333,1.577
1675429543.072241,11,1.322,0.686,1.295,0.992,1.836,1.143,0.742,2.337,1.580
1675429544.0749476,11,1.326,0.690,1.299,0.996,1.840,1.146,0.745,2.340,1.584
1675429545.0776856,11,1.328,0.693,1.301,0.999,1.842,1.149,0.748,2.343,1.586
1675429546.080561,11,1.330,0.694,1.303,1.000,1.844,1.150,0.750,2.344,1.588
1675429547.083252,11,1.332,0.696,1.305,1.002,1.846,1.152,0.751,2.346,1.590
1675429548.0858748,11,1.333,0.698,1.307,1.004,1.848,1.154,0.753,2.348,1.592
1675429549.0888321,11,1.335,0.700,1.309,1.006,1.849,1.156,0.755,2.350,1.594
1675429550.1304295,11,1.337,0.701,1.310,1.007,1.851,1.158,0.757,2.351,1.595
1675429551.1343286,21,2.512,1.299,2.461,1.883,3.493,2.169,1.404,4.449,3.005
1675429552.136576,21,2.521,1.307,2.470,1.891,3.502,2.178,1.413,4.458,3.014
1675429553.1392663,21,2.529,1.316,2.479,1.900,3.511,2.187,1.422,4.466,3.022
1675429554.1420999,21,2.538,1.325,2.488,1.909,3.520,2.196,1.431,4.475,3.031
1675429555.1450458,21,2.548,1.334,2.497,1.918,3.529,2.205,1.440,4.485,3.041
1675429556.1473365,21,2.557,1.343,2.506,1.927,3.538,2.214,1.449,4.493,3.050
1675429557.150066,21,2.565,1.352,2.514,1.936,3.547,2.223,1.458,4.502,3.058
1675429558.1531425,21,2.574,1.361,2.523,1.945,3.555,2.232,1.466,4.511,3.067
1675429559.1553197,21,2.581,1.368,2.531,1.952,3.563,2.239,1.474,4.518,3.074
1675429560.15824,21,2.589,1.375,2.538,1.959,3.570,2.246,1.481,4.525,3.082
1675429561.1609814,21,2.595,1.382,2.545,1.966,3.577,2.253,1.488,4.532,3.088
1675429562.163259,21,2.602,1.388,2.551,1.972,3.583,2.259,1.494,4.538,3.095
1675429563.1661692,21,2.607,1.393,2.556,1.977,3.588,2.264,1.499,4.544,3.100
1675429564.1693125,21,2.611,1.398,2.560,1.982,3.593,2.269,1.504,4.548,3.104
1675429565.1712694,21,2.615,1.402,2.565,1.986,3.597,2.273,1.508,4.552,3.108
1675429566.1741946,21,2.619,1.406,2.568,1.990,3.600,2.277,1.511,4.556,3.112
1675429567.1770546,21,2.622,1.408,2.571,1.992,3.603,2.279,1.514,4.559,3.115
1675429568.1792958,21,2.624,1.411,2.573,1.995,3.606,2.282,1.516,4.561,3.117
1675429569.1820974,21,2.627,1.414,2.576,1.998,3.608,2.284,1.519,4.564,3.120
1675429570.1849144,21,2.629,1.416,2.578,2.000,3.610,2.286,1.521,4.566,3.122
1675429571.1872883,21,2.631,1.418,2.581,2.002,3.613,2.289,1.524,4.568,3.125
1675429572.1900718,21,2.634,1.420,2.583,2.004,3.615,2.291,1.526,4.571,3.127
1675429573.1930625,21,2.635,1.422,2.585,2.006,3.617,2.293,1.528,4.572,3.128
1675429574.1952822,21,2.637,1.424,2.586,2.008,3.619,2.295,1.530,4.574,3.130
1675429575.19808,21,2.639,1.426,2.588,2.010,3.621,2.297,1.532,4.576,3.132
1675429576.2011292,21,2.642,1.429,2.591,2.013,3.623,2.299,1.534,4.579,3.135
1675429577.2039628,21,2.644,1.431,2.594,2.015,3.626,2.302,1.537,4.581,3.137
1675429578.2068458,21,2.647,1.433,2.596,2.017,3.628,2.304,1.539,4.584,3.140
1675429579.2096598,21,2.649,1.436,2.598,2.019,3.630,2.306,1.541,4.586,3.142
1675429580.2524881,21,2.651,1.438,2.600,2.022,3.633,2.309,1.543,4.588,3.144
1675429581.255268,31,3.826,2.035,3.751,2.897,5.275,3.320,2.191,6.685,4.554
1675429582.258107,31,3.835,2.044,3.760,2.906,5.284,3.329,2.200,6.694,4.563
1675429583.2612941,31,3.844,2.053,3.769,2.915,5.293,3.338,2.209,6.703,4.572
1675429584.2645972,31,3.853,2.062,3.778,2.924,5.302,3.347,2.218,6.712,4.581
1675429585.267527,31,3.861,2.070,3.786,2.932,5.310,3.356,2.226,6.720,4.589
1675429586.2708175,31,3.869,2.078,3.794,2.940,5.318,3.364,2.234,6.729,4.597
1675429587.2740023,31,3.876,2.085,3.801,2.948,5.325,3.371,2.241,6.736,4.604
1675429588.277123,31,3.883,2.092,3.808,2.954,5.332,3.377,2.248,6.742,4.611
1675429589.2792213,31,3.889,2.098,3.814,2.960,5.338,3.383,2.254,6.748,4.617
1675429590.2815697,31,3.894,2.103,3.819,2.965,5.342,3.388,2.258,6.753,4.621
1675429591.284635,31,3.898,2.107,3.823,2.969,5.347,3.393,2.263,6.758,4.626
1675429592.2874045,31,3.902,2.111,3.827,2.973,5.351,3.396,2.266,6.761,4.630
1675429593.290363,31,3.904,2.113,3.829,2.975,5.353,3.399,2.269,6.763,4.632
1675429594.2932436,31,3.906,2.115,3.831,2.977,5.355,3.400,2.271,6.765,4.634
1675429595.2960646,31,3.907,2.116,3.831,2.978,5.355,3.401,2.271,6.766,4.634
1675429596.2986887,31,3.908,2.117,3.833,2.979,5.357,3.402,2.272,6.767,4.636
1675429597.30148,31,3.909,2.118,3.834,2.980,5.358,3.403,2.274,6.768,4.637
1675429598.3044095,31,3.910,2.120,3.835,2.982,5.359,3.405,2.275,6.770,4.638
1675429599.3072517,31,3.912,2.121,3.836,2.983,5.360,3.406,2.276,6.771,4.639
1675429600.3100448,31,3.913,2.122,3.838,2.984,5.362,3.408,2.278,6.773,4.641
1675429601.31296,31,3.915,2.124,3.840,2.986,5.364,3.410,2.280,6.775,4.643
1675429602.315792,31,3.917,2.126,3.842,2.988,5.366,3.411,2.282,6.776,4.645
1675429603.3186061,31,3.919,2.128,3.844,2.990,5.367,3.413,2.283,6.778,4.646
1675429604.3216596,31,3.920,2.129,3.845,2.991,5.369,3.415,2.285,6.779,4.648
1675429605.324458,31,3.922,2.131,3.847,2.993,5.371,3.416,2.287,6.781,4.650
1675429606.326511,31,3.924,2.133,3.848,2.995,5.372,3.418,2.288,6.783,4.651
1675429607.3295953,31,3.926,2.135,3.851,2.997,5.374,3.420,2.290,6.785,4.653
1675429608.3323617,31,3.927,2.136,3.852,2.998,5.376,3.422,2.292,6.786,4.655
1675429609.3352482,31,3.929,2.138,3.854,3.000,5.378,3.424,2.294,6.788,4.657
1675429610.3763533,31,3.931,2.140,3.856,3.002,5.380,3.426,2.296,6.790,4.659
1675429611.3803542,41,5.106,2.737,5.007,3.878,7.022,4.438,2.943,8.888,6.069
1675429612.383149,41,5.115,2.746,5.016,3.887,7.031,4.447,2.952,8.897,6.078
1675429613.3857615,41,5.124,2.755,5.024,3.895,7.040,4.455,2.961,8.905,6.086
1675429614.3885424,41,5.132,2.764,5.033,3.904,7.048,4.464,2.969,8.914,6.095
1675429615.3912203,41,5.140,2.771,5.041,3.911,7.056,4.471,2.977,8.922,6.103
1675429616.3935766,41,5.147,2.779,5.048,3.919,7.063,4.479,2.985,8.929,6.110
1675429617.395251,41,5.154,2.785,5.055,3.925,7.070,4.485,2.991,8.935,6.116
1675429618.39798,41,5.159,2.791,5.060,3.931,7.076,4.491,2.997,8.941,6.122
1675429619.4011238,41,5.164,2.795,5.065,3.936,7.080,4.496,3.001,8.946,6.127
1675429620.4032397,41,5.168,2.800,5.069,3.940,7.085,4.500,3.006,8.950,6.131
1675429621.4057002,41,5.171,2.803,5.072,3.943,7.088,4.503,3.009,8.953,6.134
1675429622.408374,41,5.174,2.805,5.075,3.945,7.090,4.505,3.011,8.956,6.137
1675429623.4110482,41,5.176,2.807,5.077,3.947,7.092,4.508,3.013,8.958,6.139
1675429624.413592,41,5.178,2.809,5.078,3.949,7.094,4.509,3.015,8.959,6.140
1675429625.4153411,41,5.179,2.811,5.080,3.951,7.096,4.511,3.017,8.961,6.142
1675429626.4181738,41,5.181,2.812,5.082,3.952,7.097,4.512,3.018,8.963,6.144
1675429627.4210908,41,5.184,2.815,5.084,3.955,7.100,4.515,3.021,8.965,6.146
1675429628.423402,41,5.186,2.818,5.087,3.958,7.102,4.518,3.023,8.968,6.149
1675429629.4261973,41,5.189,2.821,5.090,3.961,7.105,4.521,3.026,8.971,6.152
1675429630.4293485,41,5.192,2.823,5.093,3.963,7.108,4.523,3.029,8.973,6.154
1675429631.4312613,41,5.194,2.825,5.094,3.965,7.110,4.525,3.031,8.975,6.156
1675429632.4339743,41,5.196,2.828,5.097,3.968,7.112,4.528,3.033,8.978,6.159
1675429633.4368036,41,5.199,2.830,5.100,3.970,7.115,4.531,3.036,8.981,6.162
1675429634.4392917,41,5.201,2.832,5.102,3.972,7.117,4.532,3.038,8.983,6.164
1675429635.4419725,41,5.202,2.834,5.103,3.974,7.119,4.534,3.040,8.984,6.165
1675429636.4448633,41,5.204,2.836,5.105,3.976,7.121,4.536,3.042,8.986,6.167
1675429637.4477787,41,5.206,2.837,5.106,3.977,7.122,4.537,3.043,8.987,6.168
1675429638.4506092,41,5.207,2.838,5.107,3.978,7.123,4.538,3.044,8.988,6.169
1675429639.4536858,41,5.208,2.839,5.109,3.979,7.124,4.539,3.045,8.990,6.171
1675429640.4953015,41,5.209,2.840,5.110,3.981,7.125,4.541,3.046,8.991,6.172
1675429641.4992862,51,6.384,3.437,6.260,4.856,8.767,5.552,3.693,11.088,7.581
1675429642.5019217,51,6.392,3.446,6.269,4.864,8.776,5.561,3.702,11.096,7.590
1675429643.503269,51,6.400,3.454,6.277,4.872,8.784,5.568,3.710,11.104,7.597
1675429644.5060818,51,6.408,3.461,6.284,4.879,8.791,5.576,3.717,11.111,7.605
1675429645.508831,51,6.415,3.468,6.291,4.886,8.798,5.583,3.724,11.119,7.612
1675429646.5112758,51,6.421,3.474,6.297,4.893,8.804,5.589,3.730,11.125,7.618
1675429647.5140295,51,6.426,3.480,6.303,4.898,8.810,5.595,3.736,11.130,7.624
1675429648.5168824,51,6.432,3.485,6.308,4.903,8.815,5.600,3.741,11.135,7.629
1675429649.5192237,51,6.436,3.489,6.312,4.907,8.819,5.604,3.745,11.139,7.633
1675429650.5220542,51,6.440,3.493,6.316,4.911,8.823,5.608,3.749,11.143,7.637
1675429651.5253222,51,6.442,3.496,6.319,4.914,8.826,5.610,3.752,11.146,7.639
1675429652.5272822,51,6.445,3.498,6.321,4.916,8.828,5.613,3.754,11.148,7.642
1675429653.5300894,51,6.446,3.500,6.323,4.918,8.830,5.615,3.756,11.150,7.644
1675429654.533188,51,6.448,3.502,6.324,4.920,8.832,5.616,3.758,11.152,7.645
1675429655.5361626,51,6.450,3.504,6.327,4.922,8.834,5.618,3.760,11.154,7.647
1675429656.5389569,51,6.452,3.506,6.328,4.924,8.835,5.620,3.762,11.156,7.649
1675429657.5416174,51,6.454,3.507,6.330,4.926,8.837,5.622,3.764,11.158,7.651
1675429658.5445964,51,6.456,3.509,6.332,4.928,8.839,5.624,3.765,11.160,7.653
1675429659.5472934,51,6.458,3.511,6.334,4.929,8.841,5.626,3.767,11.162,7.655
1675429660.549987,51,6.459,3.513,6.336,4.931,8.843,5.628,3.769,11.163,7.656
1675429661.5523133,51,6.461,3.515,6.338,4.933,8.845,5.630,3.771,11.165,7.658
1675429662.5549095,51,6.463,3.516,6.339,4.935,8.846,5.631,3.773,11.167,7.660
1675429663.5577884,51,6.465,3.518,6.341,4.936,8.848,5.633,3.774,11.169,7.662
1675429664.5605931,51,6.466,3.519,6.342,4.938,8.849,5.634,3.776,11.170,7.663
1675429665.5632927,51,6.468,3.521,6.344,4.940,8.851,5.636,3.777,11.172,7.665
1675429666.5660229,51,6.469,3.523,6.346,4.941,8.853,5.638,3.779,11.173,7.667
1675429667.5682864,51,6.471,3.524,6.347,4.943,8.854,5.639,3.781,11.175,7.668
1675429668.5710697,51,6.472,3.525,6.348,4.944,8.855,5.640,3.782,11.176,7.669
1675429669.5739317,51,6.473,3.527,6.350,4.945,8.857,5.642,3.783,11.177,7.671
1675429670.6192942,51,6.475,3.529,6.352,4.947,8.859,5.644,3.785,11.179,7.673
1675429671.6231124,61,7.650,4.126,7.502,5.822,10.501,6.655,4.432,13.276,9.082
1675429672.6253166,61,7.658,4.134,7.510,5.830,10.509,6.663,4.440,13.284,9.090
1675429673.627281,61,7.667,4.142,7.519,5.839,10.518,6.672,4.449,13.293,9.099
1675429674.6298935,61,7.675,4.151,7.527,5.847,10.526,6.680,4.457,13.301,9.107
1675429675.6327257,61,7.682,4.158,7.534,5.854,10.533,6.687,4.464,13.308,9.114
1675429676.6352355,61,7.689,4.165,7.541,5.861,10.540,6.694,4.471,13.315,9.121
1675429677.6382232,61,7.696,4.171,7.548,5.868,10.546,6.701,4.478,13.322,9.128
1675429678.6413243,61,7.701,4.177,7.553,5.873,10.552,6.706,4.483,13.327,9.133
1675429679.6442537,61,7.706,4.181,7.558,5.878,10.556,6.711,4.488,13.332,9.138
1675429680.64706,61,7.709,4.185,7.561,5.881,10.560,6.714,4.491,13.335,9.141
1675429681.649943,61,7.712,4.188,7.565,5.884,10.563,6.718,4.494,13.339,9.144
1675429682.652938,61,7.716,4.191,7.568,5.888,10.567,6.721,4.498,13.342,9.148
1675429683.6552656,61,7.718,4.194,7.571,5.890,10.569,6.724,4.500,13.344,9.150
1675429684.6578455,61,7.721,4.197,7.573,5.893,10.572,6.726,4.503,13.347,9.153
1675429685.660148,61,7.722,4.198,7.575,5.895,10.573,6.728,4.505,13.349,9.155
1675429686.6631877,61,7.725,4.201,7.577,5.897,10.576,6.731,4.507,13.351,9.157
1675429687.6662793,61,7.727,4.203,7.580,5.899,10.578,6.733,4.510,13.354,9.159
1675429688.6693053,61,7.730,4.206,7.582,5.902,10.581,6.735,4.512,13.356,9.162
1675429689.6718135,61,7.732,4.208,7.584,5.904,10.583,6.738,4.514,13.358,9.164
1675429690.6746364,61,7.734,4.210,7.587,5.907,10.585,6.740,4.517,13.361,9.167
1675429691.6776028,61,7.737,4.212,7.589,5.909,10.587,6.742,4.519,13.363,9.169
1675429692.6804514,61,7.739,4.215,7.591,5.911,10.590,6.744,4.521,13.365,9.171
1675429693.68342,61,7.741,4.217,7.593,5.913,10.592,6.746,4.523,13.367,9.173
1675429694.6860535,61,7.741,4.217,7.594,5.914,10.592,6.747,4.524,13.368,9.174
1675429695.6889737,61,7.742,4.218,7.594,5.914,10.593,6.748,4.524,13.368,9.174
1675429696.691269,61,7.743,4.219,7.595,5.915,10.594,6.749,4.525,13.369,9.175
1675429697.6939695,61,7.745,4.221,7.597,5.917,10.596,6.750,4.527,13.371,9.177
1675429698.6970813,61,7.746,4.222,7.599,5.919,10.597,6.752,4.529,13.373,9.179
1675429699.6992698,61,7.748,4.224,7.600,5.920,10.599,6.753,4.530,13.374,9.180
1675429700.746187,61,7.749,4.225,7.602,5.922,10.600,6.755,4.532,13.376,9.182
1675429701.7499852,71,8.923,4.821,8.751,6.796,12.241,7.765,5.178,15.472,10.590
1675429702.7529922,71,8.932,4.830,8.760,6.804,12.250,7.774,5.186,15.480,10.599
1675429703.755287,71,8.940,4.838,8.768,6.812,12.258,7.782,5.195,15.488,10.607
1675429704.758088,71,8.948,4.847,8.776,6.821,12.267,7.791,5.203,15.497,10.615
1675429705.761129,71,8.956,4.854,8.784,6.828,12.274,7.798,5.210,15.504,10.623
1675429706.7638404,71,8.963,4.861,8.791,6.835,12.281,7.805,5.218,15.511,10.630
1675429707.7667341,71,8.968,4.866,8.796,6.841,12.287,7.811,5.223,15.517,10.635
1675429708.7697089,71,8.973,4.871,8.801,6.846,12.291,7.815,5.228,15.522,10.640
1675429709.7728553,71,8.977,4.876,8.805,6.850,12.296,7.820,5.232,15.526,10.644
1675429710.775274,71,8.981,4.879,8.809,6.854,12.300,7.824,5.236,15.530,10.648
1675429711.7784367,71,8.984,4.882,8.812,6.857,12.302,7.826,5.239,15.533,10.651
1675429712.780828,71,8.987,4.885,8.815,6.859,12.305,7.829,5.242,15.536,10.654
1675429713.7832882,71,8.989,4.887,8.817,6.862,12.308,7.832,5.244,15.538,10.656
1675429714.7862546,71,8.992,4.890,8.820,6.864,12.310,7.834,5.246,15.540,10.659
1675429715.7890875,71,8.995,4.893,8.823,6.867,12.313,7.837,5.249,15.543,10.662
1675429716.7926004,71,8.997,4.895,8.825,6.869,12.315,7.839,5.251,15.545,10.664
1675429717.795257,71,8.999,4.897,8.827,6.872,12.318,7.842,5.254,15.548,10.666
1675429718.7977407,71,9.002,4.900,8.830,6.875,12.320,7.844,5.257,15.551,10.669
1675429719.8004968,71,9.005,4.903,8.833,6.877,12.323,7.847,5.259,15.553,10.672
1675429720.80305,71,9.007,4.905,8.835,6.879,12.325,7.849,5.261,15.555,10.674
1675429721.8056517,71,9.010,4.908,8.838,6.882,12.328,7.852,5.264,15.558,10.676
1675429722.8082995,71,9.011,4.909,8.839,6.884,12.329,7.853,5.266,15.560,10.678
1675429723.8110342,71,9.013,4.911,8.841,6.885,12.331,7.855,5.267,15.561,10.680
1675429724.813735,71,9.014,4.912,8.842,6.886,12.332,7.856,5.268,15.562,10.680
1675429725.8164408,71,9.015,4.913,8.843,6.887,12.333,7.857,5.269,15.563,10.681
1675429726.819267,71,9.016,4.914,8.844,6.889,12.334,7.858,5.271,15.565,10.683
1675429727.8219643,71,9.018,4.916,8.846,6.890,12.336,7.860,5.272,15.566,10.684
1675429728.8249168,71,9.020,4.918,8.848,6.892,12.338,7.862,5.274,15.568,10.686
1675429729.827269,71,9.022,4.920,8.850,6.894,12.340,7.864,5.276,15.570,10.689
1675429730.8685493,71,9.024,4.922,8.852,6.896,12.342,7.866,5.279,15.572,10.691
1675429731.8725557,81,10.200,5.520,10.004,7.773,13.985,8.879,5.927,17.671,12.101
1675429732.8751857,81,10.209,5.529,10.013,7.782,13.995,8.888,5.936,17.680,12.111
1675429733.8775797,81,10.219,5.539,10.022,7.791,14.004,8.898,5.946,17.690,12.120
1675429734.8804293,81,10.227,5.548,10.031,7.800,14.013,8.907,5.955,17.698,12.129
1675429735.8832774,81,10.236,5.556,10.040,7.809,14.022,8.915,5.963,17.707,12.138
1675429736.8861063,81,10.244,5.564,10.047,7.816,14.029,8.923,5.971,17.714,12.145
1675429737.887261,81,10.251,5.571,10.055,7.824,14.037,8.930,5.978,17.722,12.153
1675429738.8898797,81,10.256,5.577,10.060,7.829,14.042,8.936,5.984,17.727,12.158
1675429739.8925695,81,10.262,5.582,10.066,7.835,14.048,8.941,5.989,17.733,12.164
1675429740.895658,81,10.266,5.587,10.070,7.839,14.052,8.945,5.993,17.737,12.168
1675429741.8982027,81,10.270,5.590,10.074,7.843,14.055,8.949,5.997,17.741,12.171
1675429742.9008095,81,10.273,5.593,10.076,7.845,14.058,8.952,6.000,17.743,12.174
1675429743.9032254,81,10.275,5.595,10.079,7.848,14.060,8.954,6.002,17.746,12.176
1675429744.9059346,81,10.277,5.597,10.081,7.850,14.063,8.956,6.004,17.748,12.179
1675429745.908312,81,10.279,5.600,10.083,7.852,14.065,8.959,6.007,17.750,12.181
1675429746.9110434,81,10.282,5.602,10.086,7.855,14.068,8.961,6.009,17.753,12.184
1675429747.9137516,81,10.284,5.605,10.088,7.857,14.070,8.964,6.012,17.755,12.186
1675429748.916584,81,10.286,5.607,10.090,7.859,14.072,8.965,6.013,17.757,12.188
1675429749.9192963,81,10.288,5.608,10.091,7.860,14.073,8.967,6.015,17.758,12.189
1675429750.9220278,81,10.289,5.609,10.093,7.862,14.075,8.968,6.016,17.760,12.191
1675429751.9250844,81,10.291,5.611,10.095,7.864,14.076,8.970,6.018,17.762,12.192
1675429752.9273045,81,10.292,5.612,10.095,7.864,14.077,8.971,6.019,17.762,12.193
1675429753.9303877,81,10.293,5.613,10.097,7.866,14.079,8.972,6.020,17.764,12.195
1675429754.932963,81,10.295,5.615,10.099,7.868,14.081,8.974,6.022,17.766,12.197
1675429755.9352624,81,10.296,5.617,10.100,7.869,14.082,8.976,6.024,17.767,12.198
1675429756.93787,81,10.298,5.619,10.102,7.871,14.084,8.977,6.025,17.769,12.200
1675429757.9406593,81,10.300,5.621,10.104,7.873,14.086,8.979,6.027,17.771,12.202
1675429758.943228,81,10.303,5.623,10.107,7.876,14.089,8.982,6.030,17.774,12.205
1675429759.9459968,81,10.306,5.626,10.110,7.879,14.092,8.985,6.033,17.777,12.208
1675429760.9904497,81,10.309,5.630,10.113,7.882,14.095,8.989,6.037,17.780,12.211
1675429761.9938948,91,11.486,6.228,11.265,8.759,15.739,10.002,6.685,19.879,13.622
1675429762.9963753,91,11.495,6.238,11.275,8.768,15.748,10.011,6.695,19.888,13.632
1675429763.9985201,91,11.505,6.248,11.285,8.779,15.758,10.022,6.705,19.899,13.642
1675429765.001355,91,11.514,6.257,11.294,8.788,15.767,10.031,6.714,19.908,13.651
1675429766.0033097,91,11.523,6.266,11.303,8.796,15.776,10.039,6.723,19.916,13.659
1675429767.0064814,91,11.530,6.273,11.310,8.803,15.783,10.046,6.730,19.923,13.667
1675429768.0097537,91,11.537,6.280,11.317,8.811,15.790,10.054,6.737,19.931,13.674
1675429769.0130107,91,11.543,6.285,11.322,8.816,15.796,10.059,6.742,19.936,13.679
1675429770.0152442,91,11.548,6.291,11.328,8.821,15.801,10.064,6.748,19.941,13.684
1675429771.0182164,91,11.552,6.295,11.332,8.825,15.805,10.068,6.752,19.945,13.689
1675429772.020759,91,11.556,6.298,11.335,8.829,15.809,10.072,6.755,19.949,13.692
1675429773.0233748,91,11.560,6.303,11.340,8.833,15.813,10.076,6.760,19.953,13.697
1675429774.0260682,91,11.564,6.307,11.344,8.837,15.817,10.080,6.764,19.957,13.701
1675429775.029114,91,11.568,6.311,11.348,8.841,15.821,10.084,6.768,19.961,13.705
1675429776.0312362,91,11.573,6.316,11.353,8.846,15.826,10.089,6.773,19.966,13.709
1675429777.0340283,91,11.577,6.320,11.357,8.850,15.830,10.093,6.777,19.970,13.714
1675429778.0371385,91,11.581,6.324,11.361,8.854,15.834,10.097,6.781,19.974,13.718
1675429779.0392733,91,11.585,6.327,11.364,8.858,15.838,10.101,6.784,19.978,13.721
1675429780.042152,91,11.588,6.331,11.368,8.861,15.841,10.104,6.788,19.981,13.724
1675429781.0449507,91,11.592,6.334,11.371,8.865,15.844,10.108,6.791,19.985,13.728
1675429782.0472784,91,11.595,6.338,11.375,8.868,15.848,10.111,6.795,19.988,13.731
1675429783.0501812,91,11.598,6.340,11.377,8.871,15.851,10.114,6.797,19.991,13.734
1675429784.05306,91,11.600,6.343,11.380,8.873,15.853,10.116,6.800,19.993,13.736
1675429785.0552654,91,11.602,6.345,11.382,8.875,15.855,10.118,6.802,19.995,13.738
1675429786.05792,91,11.604,6.346,11.383,8.877,15.857,10.120,6.803,19.997,13.740
1675429787.0606954,91,11.606,6.349,11.386,8.879,15.859,10.122,6.806,19.999,13.743
1675429788.0632172,91,11.609,6.352,11.389,8.883,15.862,10.126,6.809,20.003,13.746
1675429789.066336,91,11.613,6.356,11.393,8.886,15.866,10.129,6.813,20.006,13.749
1675429790.0695384,91,11.617,6.360,11.397,8.890,15.870,10.133,6.817,20.010,13.753
1675429791.1152437,91,11.621,6.364,11.401,8.894,15.874,10.137,6.821,20.014,13.757
1675429792.1185272,101,12.798,6.963,12.554,9.772,17.518,11.151,7.470,22.114,15.169
1675429793.121505,101,12.809,6.974,12.565,9.783,17.530,11.163,7.482,22.125,15.181
1675429794.1232097,101,12.821,6.986,12.576,9.794,17.541,11.174,7.493,22.136,15.192
1675429795.1246638,101,12.832,6.997,12.587,9.806,17.552,11.185,7.504,22.147,15.203
1675429796.1272516,101,12.843,7.008,12.598,9.816,17.563,11.196,7.515,22.158,15.214
1675429797.1301901,101,12.852,7.017,12.607,9.825,17.572,11.205,7.524,22.167,15.223
1675429798.1333673,101,12.860,7.025,12.615,9.833,17.580,11.213,7.532,22.175,15.231
1675429799.1362605,101,12.867,7.032,12.622,9.840,17.587,11.220,7.539,22.182,15.238
1675429800.139004,101,12.873,7.038,12.628,9.847,17.593,11.226,7.545,22.188,15.244
1675429801.141001,101,12.877,7.042,12.633,9.851,17.598,11.231,7.550,22.193,15.249
1675429802.1432114,101,12.882,7.047,12.638,9.856,17.602,11.235,7.554,22.198,15.253
1675429803.1461058,101,12.887,7.052,12.642,9.860,17.607,11.240,7.559,22.202,15.258
1675429804.1488183,101,12.890,7.055,12.646,9.864,17.610,11.243,7.562,22.206,15.261
1675429805.1512144,101,12.894,7.059,12.649,9.868,17.614,11.247,7.566,22.209,15.265
1675429806.1539433,101,12.896,7.061,12.652,9.870,17.616,11.249,7.568,22.212,15.267
1675429807.1566944,101,12.900,7.065,12.656,9.874,17.621,11.254,7.573,22.216,15.272
1675429808.1592016,101,12.903,7.068,12.659,9.877,17.623,11.256,7.575,22.219,15.274
1675429809.1622427,101,12.907,7.071,12.662,9.880,17.627,11.260,7.579,22.222,15.278
1675429810.1657612,101,12.910,7.075,12.665,9.883,17.630,11.263,7.582,22.225,15.281
1675429811.1683908,101,12.913,7.078,12.668,9.886,17.633,11.266,7.585,22.228,15.284
1675429812.170954,101,12.916,7.081,12.671,9.889,17.636,11.269,7.588,22.231,15.287
1675429813.1735468,101,12.918,7.083,12.673,9.892,17.638,11.271,7.590,22.234,15.289
1675429814.176376,101,12.921,7.086,12.676,9.894,17.641,11.274,7.593,22.236,15.292
1675429815.1792378,101,12.924,7.088,12.679,9.897,17.644,11.277,7.596,22.239,15.295
1675429816.1821034,101,12.927,7.092,12.683,9.901,17.648,11.281,7.600,22.243,15.299
1675429817.1851773,101,12.931,7.096,12.686,9.904,17.651,11.284,7.603,22.246,15.302
1675429818.187356,101,12.935,7.100,12.691,9.909,17.656,11.289,7.608,22.251,15.307
1675429819.190031,101,12.938,7.103,12.694,9.912,17.658,11.291,7.610,22.254,15.309
1675429820.1928697,101,12.943,7.108,12.699,9.917,17.664,11.297,7.616,22.259,15.315
1675429821.195227,101,12.949,7.114,12.705,9.923,17.670,11.303,7.622,22.265,15.321
1675429822.1979845,101,12.956,7.120,12.711,9.929,17.676,11.309,7.628,22.271,15.327
1675429823.2007635,101,12.962,7.127,12.717,9.935,17.682,11.315,7.634,22.277,15.333
1675429824.2032585,101,12.967,7.132,12.723,9.941,17.688,11.320,7.640,22.283,15.339
1675429825.2059247,101,12.973,7.138,12.728,9.946,17.693,11.326,7.645,22.288,15.344
1675429826.2087677,101,12.978,7.143,12.734,9.952,17.698,11.331,7.650,22.294,15.349
1675429827.2113101,101,12.984,7.149,12.739,9.958,17.704,11.337,7.656,22.300,15.355
1675429828.213928,101,12.988,7.153,12.744,9.962,17.709,11.341,7.660,22.304,15.359
1675429829.216584,101,12.993,7.158,12.749,9.967,17.714,11.346,7.665,22.309,15.364
1675429830.2192044,101,12.997,7.162,12.752,9.970,17.717,11.350,7.669,22.312,15.368
1675429831.2214427,101,13.000,7.165,12.756,9.974,17.721,11.354,7.673,22.316,15.372
1675429832.2232153,101,13.004,7.169,12.760,9.978,17.725,11.357,7.676,22.320,15.375
1675429833.2258189,101,13.008,7.173,12.763,9.981,17.728,11.361,7.680,22.323,15.379
1675429834.2276478,101,13.011,7.176,12.767,9.985,17.732,11.365,7.684,22.327,15.383
1675429835.2303317,101,13.016,7.181,12.772,9.990,17.737,11.369,7.688,22.332,15.387
1675429836.232954,101,13.020,7.185,12.775,9.994,17.740,11.373,7.692,22.336,15.391
1675429837.2351465,101,13.024,7.189,12.779,9.997,17.744,11.377,7.696,22.339,15.395
1675429838.2378592,101,13.028,7.192,12.783,10.001,17.748,11.381,7.700,22.343,15.399
1675429839.2404118,101,13.032,7.197,12.787,10.005,17.752,11.385,7.704,22.347,15.403
1675429840.2431526,101,13.037,7.202,12.792,10.010,17.757,11.390,7.709,22.352,15.408
1675429841.2456837,101,13.041,7.206,12.797,10.015,17.762,11.394,7.713,22.357,15.413
1675429842.248426,101,13.044,7.209,12.800,10.018,17.765,11.397,7.716,22.360,15.416
1675429843.2510228,101,13.049,7.214,12.804,10.022,17.769,11.402,7.721,22.364,15.420
1675429844.2537658,101,13.053,7.218,12.809,10.027,17.773,11.406,7.725,22.369,15.424
1675429845.2556467,101,13.058,7.223,12.813,10.031,17.778,11.411,7.730,22.373,15.429
1675429846.2584333,101,13.063,7.228,12.818,10.036,17.783,11.416,7.735,22.378,15.434
1675429847.2609196,101,13.068,7.232,12.823,10.041,17.788,11.421,7.740,22.383,15.439
1675429848.2632132,101,13.072,7.237,12.827,10.045,17.792,11.425,7.744,22.387,15.443
1675429849.2658854,101,13.076,7.241,12.831,10.050,17.796,11.429,7.748,22.392,15.447
1675429850.26764,101,13.081,7.246,12.836,10.054,17.801,11.434,7.753,22.396,15.452
1675429851.356366,91,11.913,6.656,11.693,9.186,16.166,10.429,7.113,20.306,14.049
1675429852.359222,91,11.911,6.654,11.691,9.184,16.164,10.427,7.111,20.304,14.047
1675429853.3621826,91,11.908,6.651,11.688,9.181,16.161,10.424,7.108,20.301,14.045
1675429854.3650556,91,11.908,6.650,11.687,9.181,16.160,10.424,7.107,20.301,14.044
1675429855.3672564,91,11.907,6.649,11.686,9.180,16.160,10.423,7.106,20.300,14.043
1675429856.3698435,91,11.907,6.649,11.686,9.180,16.160,10.423,7.106,20.300,14.043
1675429857.3726077,91,11.907,6.650,11.687,9.180,16.160,10.423,7.107,20.300,14.044
1675429858.3753524,91,11.908,6.651,11.688,9.181,16.161,10.424,7.108,20.301,14.045
1675429859.37829,91,11.910,6.652,11.689,9.183,16.163,10.426,7.109,20.303,14.046
1675429860.3808177,91,11.911,6.654,11.691,9.185,16.164,10.428,7.111,20.305,14.048
1675429861.3832686,91,11.913,6.656,11.693,9.186,16.166,10.429,7.113,20.306,14.050
1675429862.3860698,91,11.916,6.659,11.696,9.189,16.169,10.432,7.116,20.309,14.052
1675429863.3888104,91,11.919,6.661,11.698,9.192,16.172,10.435,7.118,20.312,14.055
1675429864.391278,91,11.921,6.664,11.701,9.194,16.174,10.437,7.121,20.314,14.058
1675429865.3940368,91,11.924,6.667,11.704,9.197,16.177,10.440,7.124,20.317,14.061
1675429866.397036,91,11.927,6.670,11.707,9.200,16.180,10.443,7.127,20.320,14.064
1675429867.399252,91,11.930,6.673,11.710,9.204,16.183,10.447,7.130,20.324,14.067
1675429868.4017951,91,11.934,6.677,11.714,9.207,16.187,10.450,7.134,20.327,14.071
1675429869.4049063,91,11.939,6.681,11.718,9.212,16.192,10.455,7.138,20.332,14.075
1675429870.4073815,91,11.943,6.685,11.722,9.216,16.196,10.459,7.142,20.336,14.079
1675429871.4103107,91,11.946,6.689,11.726,9.220,16.199,10.463,7.146,20.340,14.083
1675429872.4133153,91,11.950,6.693,11.730,9.224,16.203,10.467,7.150,20.344,14.087
1675429873.4153569,91,11.954,6.697,11.734,9.228,16.207,10.471,7.154,20.348,14.091
1675429874.418611,91,11.959,6.701,11.738,9.232,16.212,10.475,7.158,20.352,14.095
1675429875.421564,91,11.963,6.705,11.742,9.236,16.216,10.479,7.162,20.356,14.099
1675429876.4246752,91,11.967,6.709,11.746,9.240,16.220,10.483,7.166,20.360,14.103
1675429877.4272587,91,11.970,6.713,11.750,9.243,16.223,10.486,7.170,20.363,14.107
1675429878.4298978,91,11.973,6.716,11.753,9.247,16.226,10.490,7.173,20.367,14.110
1675429879.4328806,91,11.978,6.720,11.757,9.251,16.230,10.494,7.177,20.371,14.114
1675429880.4352002,91,11.982,6.724,11.761,9.255,16.235,10.498,7.181,20.375,14.118
1675429881.5208688,81,10.813,6.134,10.617,8.386,14.599,9.493,6.540,18.284,12.715
1675429882.5232382,81,10.811,6.132,10.615,8.384,14.597,9.491,6.538,18.282,12.713
1675429883.5259676,81,10.808,6.129,10.612,8.381,14.594,9.488,6.536,18.279,12.710
1675429884.5289843,81,10.806,6.126,10.610,8.379,14.592,9.485,6.533,18.277,12.708
1675429885.5312722,81,10.805,6.126,10.609,8.378,14.591,9.484,6.532,18.276,12.707
1675429886.5339932,81,10.804,6.125,10.608,8.377,14.590,9.484,6.532,18.275,12.706
1675429887.536897,81,10.804,6.124,10.608,8.377,14.589,9.483,6.531,18.275,12.706
1675429888.5392995,81,10.805,6.125,10.609,8.378,14.590,9.484,6.532,18.276,12.706
1675429889.542001,81,10.805,6.125,10.609,8.378,14.591,9.484,6.532,18.276,12.707
1675429890.5449078,81,10.806,6.126,10.609,8.378,14.591,9.485,6.533,18.276,12.707
1675429891.547787,81,10.806,6.127,10.610,8.379,14.592,9.486,6.533,18.277,12.708
1675429892.551012,81,10.808,6.128,10.611,8.380,14.593,9.487,6.535,18.278,12.709
1675429893.5537837,81,10.810,6.130,10.613,8.382,14.595,9.489,6.537,18.280,12.711
1675429894.5569909,81,10.812,6.133,10.616,8.385,14.598,9.491,6.539,18.283,12.714
1675429895.5592897,81,10.814,6.134,10.618,8.387,14.600,9.493,6.541,18.285,12.716
1675429896.5619955,81,10.817,6.137,10.621,8.390,14.602,9.496,6.544,18.288,12.718
1675429897.5652714,81,10.820,6.140,10.624,8.393,14.605,9.499,6.547,18.291,12.721
1675429898.5682993,81,10.822,6.142,10.626,8.395,14.608,9.501,6.549,18.293,12.724
1675429899.5709894,81,10.826,6.146,10.630,8.399,14.612,9.505,6.553,18.297,12.728
1675429900.5740237,81,10.829,6.149,10.633,8.402,14.614,9.508,6.556,18.300,12.731
1675429901.5770516,81,10.833,6.153,10.637,8.406,14.618,9.512,6.560,18.304,12.734
1675429902.5792787,81,10.836,6.156,10.640,8.409,14.621,9.515,6.563,18.307,12.737
1675429903.5822587,81,10.839,6.159,10.643,8.412,14.625,9.518,6.566,18.310,12.741
1675429904.5853179,81,10.842,6.162,10.646,8.415,14.627,9.521,6.569,18.313,12.743
1675429905.5872362,81,10.845,6.166,10.649,8.418,14.631,9.524,6.572,18.316,12.747
1675429906.5900996,81,10.848,6.168,10.652,8.421,14.633,9.527,6.575,18.319,12.750
1675429907.5930018,81,10.851,6.171,10.654,8.423,14.636,9.530,6.578,18.321,12.752
1675429908.5952313,81,10.854,6.174,10.658,8.427,14.640,9.533,6.581,18.325,12.756
1675429909.5980802,81,10.857,6.177,10.661,8.430,14.642,9.536,6.584,18.328,12.759
1675429910.6011732,81,10.860,6.181,10.664,8.433,14.646,9.540,6.588,18.331,12.762
1675429911.685119,71,9.691,5.589,9.519,7.564,13.009,8.534,5.946,16.240,11.358
1675429912.6872902,71,9.688,5.586,9.516,7.561,13.007,8.531,5.943,16.237,11.355
1675429913.689868,71,9.685,5.584,9.514,7.558,13.004,8.528,5.940,16.234,11.352
1675429914.692528,71,9.683,5.581,9.511,7.556,13.001,8.525,5.938,16.232,11.350
1675429915.695279,71,9.682,5.580,9.510,7.554,13.000,8.524,5.937,16.230,11.349
1675429916.6980326,71,9.681,5.579,9.509,7.553,12.999,8.523,5.936,16.229,11.348
1675429917.7006102,71,9.680,5.578,9.508,7.552,12.998,8.522,5.935,16.228,11.347
1675429918.7032168,71,9.679,5.577,9.507,7.552,12.998,8.522,5.934,16.228,11.346
1675429919.7060966,71,9.680,5.578,9.508,7.553,12.998,8.522,5.935,16.229,11.347
1675429920.708956,71,9.682,5.580,9.510,7.554,13.000,8.524,5.936,16.230,11.349
1675429921.711288,71,9.684,5.582,9.512,7.556,13.002,8.526,5.938,16.232,11.350
1675429922.7140458,71,9.685,5.583,9.513,7.557,13.003,8.527,5.940,16.233,11.352
1675429923.7169268,71,9.688,5.586,9.516,7.560,13.006,8.530,5.942,16.236,11.355
1675429924.7204356,71,9.690,5.588,9.518,7.562,13.008,8.532,5.945,16.238,11.357
1675429925.723254,71,9.692,5.590,9.520,7.564,13.010,8.534,5.946,16.240,11.359
1675429926.7261336,71,9.694,5.592,9.522,7.566,13.012,8.536,5.948,16.242,11.361
1675429927.7291815,71,9.696,5.594,9.524,7.569,13.015,8.539,5.951,16.245,11.363
1675429928.731232,71,9.699,5.597,9.527,7.572,13.018,8.542,5.954,16.248,11.366
1675429929.733998,71,9.702,5.600,9.530,7.575,13.020,8.544,5.957,16.251,11.369
1675429930.7368927,71,9.704,5.602,9.532,7.577,13.022,8.546,5.959,16.253,11.371
1675429931.7392228,71,9.706,5.604,9.534,7.578,13.024,8.548,5.961,16.254,11.373
1675429932.741919,71,9.708,5.606,9.536,7.580,13.026,8.550,5.963,16.256,11.375
1675429933.7449954,71,9.709,5.607,9.537,7.582,13.028,8.552,5.964,16.258,11.376
1675429934.7473018,71,9.712,5.610,9.540,7.584,13.030,8.554,5.966,16.260,11.378
1675429935.7502651,71,9.713,5.611,9.541,7.586,13.031,8.556,5.968,16.262,11.380
1675429936.7531397,71,9.715,5.613,9.543,7.587,13.033,8.557,5.970,16.263,11.382
1675429937.755989,71,9.716,5.614,9.544,7.589,13.034,8.558,5.971,16.265,11.383
1675429938.759066,71,9.717,5.615,9.545,7.590,13.036,8.560,5.972,16.266,11.384
1675429939.7618544,71,9.719,5.617,9.547,7.591,13.037,8.561,5.973,16.267,11.386
1675429940.7647004,71,9.721,5.619,9.549,7.593,13.039,8.563,5.975,16.269,11.387
1675429941.8494673,61,8.550,5.026,8.402,6.722,11.401,7.555,5.332,14.176,9.982
1675429942.8523152,61,8.545,5.021,8.397,6.717,11.396,7.550,5.327,14.171,9.977
1675429943.855052,61,8.541,5.016,8.393,6.713,11.392,7.546,5.323,14.167,9.973
1675429944.858001,61,8.536,5.012,8.389,6.708,11.387,7.542,5.319,14.163,9.968
1675429945.8610945,61,8.533,5.009,8.385,6.705,11.384,7.538,5.315,14.159,9.965
1675429946.8632677,61,8.530,5.006,8.382,6.702,11.381,7.535,5.312,14.156,9.962
1675429947.866053,61,8.526,5.002,8.379,6.699,11.377,7.532,5.309,14.153,9.959
1675429948.8689382,61,8.523,4.999,8.376,6.695,11.374,7.529,5.306,14.150,9.955
1675429949.871259,61,8.522,4.998,8.374,6.694,11.373,7.527,5.304,14.148,9.954
1675429950.874042,61,8.521,4.997,8.374,6.693,11.372,7.527,5.303,14.147,9.953
1675429951.8773391,61,8.521,4.997,8.373,6.693,11.372,7.527,5.303,14.147,9.953
1675429952.879288,61,8.522,4.997,8.374,6.694,11.372,7.527,5.304,14.148,9.954
1675429953.8821433,61,8.523,4.998,8.375,6.695,11.374,7.528,5.305,14.149,9.955
1675429954.8843288,61,8.524,5.000,8.376,6.696,11.375,7.529,5.306,14.150,9.956
1675429955.8872352,61,8.525,5.000,8.377,6.697,11.376,7.530,5.307,14.151,9.957
1675429956.8902304,61,8.526,5.002,8.379,6.698,11.377,7.532,5.308,14.152,9.958
1675429957.8932757,61,8.529,5.004,8.381,6.701,11.379,7.534,5.311,14.155,9.961
1675429958.8952656,61,8.530,5.006,8.383,6.702,11.381,7.536,5.313,14.157,9.962
1675429959.8979285,61,8.533,5.008,8.385,6.705,11.383,7.538,5.315,14.159,9.965
1675429960.9004867,61,8.534,5.010,8.386,6.706,11.385,7.539,5.316,14.160,9.966
1675429961.9034145,61,8.535,5.011,8.388,6.708,11.386,7.541,5.318,14.162,9.968
1675429962.9067736,61,8.538,5.013,8.390,6.710,11.388,7.543,5.320,14.164,9.970
1675429963.9098516,61,8.539,5.015,8.392,6.711,11.390,7.545,5.322,14.166,9.971
1675429964.9128761,61,8.542,5.017,8.394,6.714,11.393,7.547,5.324,14.168,9.974
1675429965.9152186,61,8.543,5.019,8.396,6.716,11.394,7.549,5.326,14.170,9.976
1675429966.917815,61,8.545,5.021,8.398,6.718,11.396,7.551,5.328,14.172,9.978
1675429967.9205606,61,8.547,5.023,8.400,6.719,11.398,7.553,5.329,14.174,9.979
1675429968.9231727,61,8.549,5.025,8.401,6.721,11.400,7.555,5.331,14.175,9.981
1675429969.926132,61,8.551,5.027,8.403,6.723,11.402,7.556,5.333,14.177,9.983
1675429970.9290311,61,8.552,5.028,8.405,6.724,11.403,7.558,5.334,14.178,9.984
1675429972.0126526,51,7.381,4.435,7.258,5.853,9.765,6.550,4.691,12.085,8.579
1675429973.0152462,51,7.376,4.429,7.252,5.848,9.759,6.544,4.685,12.080,8.573
1675429974.017786,51,7.370,4.424,7.247,5.842,9.754,6.539,4.680,12.074,8.568
1675429975.0204685,51,7.365,4.419,7.241,5.837,9.749,6.533,4.675,12.069,8.562
1675429976.023062,51,7.359,4.413,7.236,5.831,9.743,6.528,4.669,12.063,8.557
1675429977.0259092,51,7.356,4.409,7.232,5.828,9.739,6.524,4.666,12.060,8.553
1675429978.0288422,51,7.352,4.405,7.228,5.824,9.735,6.520,4.662,12.056,8.549
1675429979.031388,51,7.349,4.403,7.226,5.821,9.733,6.518,4.659,12.053,8.547
1675429980.0342789,51,7.347,4.401,7.224,5.819,9.731,6.515,4.657,12.051,8.544
1675429981.0371497,51,7.346,4.399,7.222,5.818,9.729,6.514,4.656,12.050,8.543
1675429982.039832,51,7.345,4.398,7.221,5.817,9.728,6.513,4.655,12.049,8.542
1675429983.042642,51,7.345,4.399,7.222,5.817,9.729,6.514,4.655,12.049,8.543
1675429984.0459259,51,7.346,4.400,7.223,5.818,9.730,6.514,4.656,12.050,8.543
1675429985.0488174,51,7.348,4.401,7.224,5.819,9.731,6.516,4.657,12.051,8.545
1675429986.0512831,51,7.350,4.403,7.226,5.821,9.733,6.518,4.659,12.054,8.547
1675429987.0540063,51,7.352,4.405,7.228,5.823,9.735,6.520,4.661,12.055,8.549
1675429988.056971,51,7.353,4.407,7.230,5.825,9.737,6.522,4.663,12.057,8.551
1675429989.0596645,51,7.354,4.408,7.231,5.826,9.738,6.522,4.664,12.058,8.551
1675429990.062271,51,7.356,4.410,7.233,5.828,9.740,6.524,4.666,12.060,8.553
1675429991.0653799,51,7.358,4.411,7.234,5.829,9.741,6.526,4.667,12.062,8.555
1675429992.0672338,51,7.360,4.413,7.236,5.832,9.743,6.528,4.669,12.064,8.557
1675429993.0699997,51,7.361,4.415,7.237,5.833,9.744,6.529,4.671,12.065,8.558
1675429994.0728483,51,7.362,4.416,7.239,5.834,9.746,6.531,4.672,12.066,8.560
1675429995.0757527,51,7.365,4.418,7.241,5.836,9.748,6.533,4.674,12.068,8.562
1675429996.0791237,51,7.366,4.419,7.242,5.838,9.749,6.534,4.676,12.070,8.563
1675429997.0818243,51,7.367,4.421,7.244,5.839,9.751,6.536,4.677,12.071,8.565
1675429998.0848248,51,7.369,4.422,7.245,5.840,9.752,6.537,4.678,12.073,8.566
1675429999.0881226,51,7.371,4.424,7.247,5.842,9.754,6.539,4.680,12.074,8.568
1675430000.0909169,51,7.371,4.425,7.248,5.843,9.755,6.540,4.681,12.075,8.569
1675430001.093493,51,7.372,4.426,7.249,5.844,9.756,6.541,4.682,12.076,8.570
1675430002.180456,41,6.200,3.832,6.101,4.972,8.117,5.532,4.038,9.982,7.163
1675430003.183301,41,6.194,3.825,6.095,4.966,8.110,5.526,4.031,9.976,7.157
1675430004.1859603,41,6.188,3.819,6.089,4.959,8.104,5.519,4.025,9.969,7.150
1675430005.1886547,41,6.181,3.812,6.082,4.953,8.097,5.513,4.018,9.963,7.144
1675430006.1912763,41,6.175,3.807,6.076,4.947,8.092,5.507,4.013,9.957,7.138
1675430007.1940413,41,6.169,3.801,6.070,4.941,8.086,5.501,4.007,9.951,7.132
1675430008.1968405,41,6.163,3.795,6.064,4.935,8.080,5.495,4.001,9.945,7.126
1675430009.1996295,41,6.159,3.790,6.060,4.930,8.075,5.490,3.996,9.940,7.121
1675430010.2024193,41,6.155,3.787,6.056,4.927,8.072,5.487,3.993,9.937,7.118
1675430011.2052402,41,6.152,3.784,6.053,4.924,8.069,5.484,3.990,9.934,7.115
1675430012.2072687,41,6.150,3.782,6.051,4.922,8.066,5.482,3.987,9.932,7.113
1675430013.2101636,41,6.150,3.781,6.051,4.921,8.066,5.481,3.987,9.932,7.113
1675430014.212948,41,6.149,3.780,6.050,4.921,8.065,5.481,3.986,9.931,7.112
1675430015.2157757,41,6.150,3.781,6.051,4.921,8.066,5.481,3.987,9.931,7.112
1675430016.218414,41,6.151,3.782,6.051,4.922,8.067,5.482,3.988,9.932,7.113
1675430017.2212954,41,6.152,3.783,6.052,4.923,8.068,5.483,3.989,9.933,7.114
1675430018.2244742,41,6.152,3.784,6.053,4.924,8.069,5.484,3.990,9.934,7.115
1675430019.227246,41,6.154,3.785,6.055,4.925,8.070,5.485,3.991,9.935,7.116
1675430020.2300305,41,6.155,3.786,6.055,4.926,8.071,5.486,3.992,9.936,7.117
1675430021.2328565,41,6.156,3.787,6.057,4.927,8.072,5.488,3.993,9.938,7.119
1675430022.235273,41,6.157,3.789,6.058,4.929,8.074,5.489,3.995,9.939,7.120
1675430023.2381384,41,6.159,3.790,6.059,4.930,8.075,5.490,3.996,9.940,7.121
1675430024.2409883,41,6.160,3.791,6.061,4.931,8.076,5.491,3.997,9.941,7.122
1675430025.2438734,41,6.161,3.792,6.061,4.932,8.077,5.492,3.998,9.942,7.123
1675430026.2467234,41,6.161,3.792,6.062,4.932,8.077,5.493,3.998,9.943,7.124
1675430027.2498322,41,6.162,3.793,6.063,4.934,8.078,5.494,3.999,9.944,7.125
1675430028.2526376,41,6.163,3.794,6.064,4.934,8.079,5.494,4.000,9.944,7.125
1675430029.2553835,41,6.164,3.795,6.064,4.935,8.080,5.495,4.001,9.945,7.126
1675430030.2581432,41,6.165,3.796,6.065,4.936,8.081,5.496,4.002,9.946,7.127
1675430031.2610955,41,6.165,3.796,6.066,4.936,8.081,5.497,4.002,9.947,7.128
1675430032.3442729,31,4.993,3.202,4.918,4.064,6.442,4.487,3.358,7.852,5.721
1675430033.346918,31,4.986,3.195,4.911,4.057,6.435,4.480,3.350,7.845,5.714
1675430034.3499908,31,4.980,3.189,4.905,4.051,6.428,4.474,3.344,7.839,5.707
1675430035.3527613,31,4.973,3.182,4.898,4.044,6.422,4.468,3.338,7.832,5.701
1675430036.3554206,31,4.966,3.175,4.891,4.037,6.415,4.461,3.331,7.826,5.694
1675430037.3583117,31,4.961,3.170,4.886,4.032,6.409,4.455,3.325,7.820,5.688
1675430038.3612528,31,4.955,3.164,4.880,4.026,6.404,4.450,3.320,7.814,5.683
1675430039.3639827,31,4.950,3.159,4.875,4.021,6.399,4.444,3.314,7.809,5.678
1675430040.3667235,31,4.945,3.154,4.870,4.016,6.394,4.440,3.310,7.805,5.673
1675430041.369631,31,4.942,3.151,4.867,4.013,6.391,4.437,3.307,7.801,5.670
1675430042.3725197,31,4.940,3.149,4.865,4.011,6.389,4.434,3.304,7.799,5.668
1675430043.3752778,31,4.938,3.147,4.862,4.009,6.386,4.432,3.302,7.797,5.665
1675430044.378095,31,4.937,3.146,4.862,4.008,6.386,4.432,3.302,7.796,5.665
1675430045.380872,31,4.937,3.147,4.862,4.009,6.386,4.432,3.302,7.797,5.665
1675430046.3832653,31,4.939,3.148,4.864,4.010,6.388,4.433,3.304,7.798,5.667
1675430047.3860028,31,4.940,3.149,4.865,4.011,6.389,4.434,3.305,7.799,5.668
1675430048.3887875,31,4.941,3.150,4.866,4.012,6.390,4.435,3.306,7.800,5.669
1675430049.3912253,31,4.942,3.151,4.867,4.013,6.390,4.436,3.306,7.801,5.669
1675430050.3938634,31,4.943,3.152,4.868,4.014,6.392,4.438,3.308,7.802,5.671
1675430051.3968532,31,4.945,3.154,4.870,4.016,6.393,4.439,3.309,7.804,5.672
1675430052.3992863,31,4.946,3.155,4.871,4.017,6.395,4.440,3.311,7.805,5.674
1675430053.4020517,31,4.946,3.155,4.871,4.018,6.395,4.441,3.311,7.806,5.674
1675430054.4049885,31,4.947,3.156,4.872,4.018,6.396,4.441,3.312,7.806,5.675
1675430055.4073896,31,4.947,3.156,4.872,4.018,6.396,4.442,3.312,7.806,5.675
1675430056.4102035,31,4.948,3.157,4.873,4.019,6.396,4.442,3.312,7.807,5.675
1675430057.4130063,31,4.948,3.157,4.873,4.019,6.397,4.442,3.313,7.807,5.676
1675430058.4152505,31,4.949,3.158,4.874,4.020,6.397,4.443,3.313,7.808,5.676
1675430059.418001,31,4.949,3.158,4.874,4.020,6.398,4.443,3.314,7.808,5.677
1675430060.4209385,31,4.949,3.158,4.874,4.020,6.398,4.444,3.314,7.808,5.677
1675430061.4232829,31,4.949,3.158,4.874,4.020,6.398,4.444,3.314,7.808,5.677
1675430062.5072985,21,3.776,2.563,3.725,3.147,4.757,3.433,2.668,5.713,4.269
1675430063.510085,21,3.768,2.555,3.718,3.139,4.750,3.426,2.661,5.705,4.262
1675430064.5129604,21,3.761,2.548,3.710,3.132,4.743,3.419,2.653,5.698,4.254
1675430065.5156825,21,3.754,2.541,3.703,3.125,4.735,3.411,2.646,5.691,4.247
1675430066.518597,21,3.747,2.534,3.696,3.118,4.728,3.404,2.639,5.684,4.240
1675430067.5214086,21,3.740,2.526,3.689,3.110,4.721,3.397,2.632,5.676,4.233
1675430068.5232592,21,3.732,2.519,3.681,3.103,4.714,3.390,2.624,5.669,4.225
1675430069.5258102,21,3.725,2.512,3.674,3.096,4.706,3.382,2.617,5.662,4.218
1675430070.5286493,21,3.718,2.505,3.667,3.089,4.700,3.376,2.610,5.655,4.211
1675430071.5314946,21,3.712,2.499,3.662,3.083,4.694,3.370,2.605,5.649,4.205
1675430072.534324,21,3.707,2.494,3.657,3.078,4.689,3.365,2.600,5.644,4.200
1675430073.537654,21,3.703,2.490,3.653,3.074,4.685,3.361,2.596,5.640,4.196
1675430074.541049,21,3.700,2.487,3.649,3.071,4.681,3.357,2.592,5.637,4.193
1675430075.54386,21,3.698,2.485,3.647,3.069,4.680,3.356,2.590,5.635,4.191
1675430076.54676,21,3.697,2.484,3.646,3.068,4.678,3.354,2.589,5.634,4.190
1675430077.5495615,21,3.697,2.484,3.646,3.068,4.678,3.354,2.589,5.634,4.190
1675430078.5524533,21,3.698,2.484,3.647,3.068,4.679,3.355,2.590,5.635,4.191
1675430079.5555298,21,3.699,2.485,3.648,3.069,4.680,3.356,2.591,5.636,4.192
1675430080.5583928,21,3.700,2.486,3.649,3.070,4.681,3.357,2.592,5.636,4.193
1675430081.5613759,21,3.700,2.487,3.649,3.071,4.682,3.358,2.592,5.637,4.193
1675430082.5632818,21,3.700,2.487,3.650,3.071,4.682,3.358,2.593,5.637,4.193
1675430083.5661454,21,3.701,2.488,3.650,3.072,4.683,3.359,2.593,5.638,4.194
1675430084.5689442,21,3.702,2.489,3.651,3.073,4.683,3.359,2.594,5.639,4.195
1675430085.5712845,21,3.703,2.489,3.652,3.073,4.684,3.360,2.595,5.639,4.196
1675430086.574132,21,3.703,2.490,3.652,3.074,4.684,3.361,2.595,5.640,4.196
1675430087.5768988,21,3.703,2.490,3.652,3.074,4.685,3.361,2.595,5.640,4.196
1675430088.5798795,21,3.703,2.490,3.652,3.074,4.685,3.361,2.595,5.640,4.196
1675430089.5827577,21,3.703,2.490,3.652,3.074,4.685,3.361,2.596,5.640,4.196
1675430090.585586,21,3.704,2.490,3.653,3.074,4.685,3.361,2.596,5.640,4.197
1675430091.5885606,21,3.704,2.491,3.653,3.075,4.686,3.362,2.596,5.641,4.197
