1676247732.7991197,1,None,None,None,None,None,None,None,None,None
1676247733.989998,1,None,None,None,None,None,None,None,None,None
1676247735.0100758,40,None,None,None,None,None,None,None,None,None
1676247736.0334008,37,None,None,None,None,None,None,None,None,None
1676247737.0434375,37,None,None,None,None,None,None,None,None,None
1676247738.063385,36,None,None,None,None,None,None,None,None,None
1676247739.0741491,35,None,None,None,None,None,None,None,None,None
1676247740.0847614,35,None,None,None,None,None,None,None,None,None
1676247741.105157,34,None,None,None,None,None,None,None,None,None
1676247742.1072283,34,None,None,None,None,None,None,None,None,None
1676247743.1182413,33,3.847,1.940,3.767,2.858,5.389,3.309,2.106,6.891,4.622
1676247744.1282518,32,3.730,1.882,3.653,2.772,5.226,3.209,2.042,6.682,4.482
1676247745.1428754,32,3.730,1.882,3.653,2.772,5.226,3.209,2.042,6.682,4.482
1676247746.177155,30,3.497,1.764,3.425,2.598,4.899,3.008,1.915,6.264,4.202
1676247747.1875932,30,3.516,1.783,3.443,2.617,4.918,3.027,1.933,6.283,4.220
1676247748.2411153,31,3.651,1.860,3.576,2.722,5.100,3.145,2.015,6.510,4.379
1676247749.3032534,36,4.252,2.172,4.164,3.173,5.934,3.665,2.353,7.572,5.097
1676247750.3220694,36,4.269,2.189,4.182,3.190,5.951,3.682,2.370,7.589,5.114
1676247751.346694,35,4.168,2.146,4.083,3.119,5.804,3.597,2.322,7.396,4.990
1676247752.3644865,35,4.183,2.161,4.098,3.134,5.818,3.612,2.336,7.411,5.004
1676247753.397162,33,3.960,2.053,3.880,2.971,5.502,3.421,2.219,7.003,4.734
1676247754.4167547,31,3.733,1.942,3.658,2.804,5.182,3.228,2.098,6.592,4.461
1676247755.4280171,31,3.738,1.947,3.663,2.809,5.187,3.233,2.103,6.598,4.466
1676247756.4472435,30,3.625,1.892,3.552,2.726,5.027,3.136,2.043,6.392,4.329
1676247757.457137,29,3.510,1.835,3.440,2.641,4.865,3.037,1.980,6.185,4.191
1676247758.4768271,27,3.275,1.716,3.210,2.466,4.537,2.835,1.851,5.766,3.909
1676247759.4792662,27,3.272,1.712,3.207,2.463,4.534,2.832,1.848,5.763,3.906
1676247760.4901628,26,3.151,1.649,3.088,2.372,4.366,2.727,1.779,5.549,3.761
1676247761.5006037,25,3.029,1.585,2.968,2.280,4.197,2.621,1.710,5.335,3.616
1676247762.5127578,25,3.024,1.580,2.963,2.275,4.192,2.616,1.705,5.330,3.611
1676247763.526062,26,3.136,1.634,3.073,2.357,4.351,2.712,1.764,5.534,3.746
1676247764.5450442,25,3.014,1.570,2.954,2.265,4.183,2.607,1.695,5.320,3.601
1676247765.576379,25,3.010,1.566,2.950,2.261,4.179,2.603,1.692,5.316,3.597
1676247766.6191573,24,2.890,1.504,2.832,2.171,4.012,2.499,1.624,5.104,3.454
1676247767.6388016,24,2.887,1.500,2.829,2.168,4.009,2.496,1.621,5.101,3.450
1676247768.651082,25,3.002,1.557,2.941,2.253,4.170,2.594,1.683,5.308,3.589
1676247769.6629972,24,2.884,1.497,2.826,2.165,4.005,2.492,1.618,5.097,3.447
1676247770.6739242,24,2.882,1.496,2.824,2.163,4.004,2.491,1.616,5.096,3.446
1676247771.6945286,23,2.764,1.435,2.708,2.075,3.839,2.389,1.551,4.886,3.304
1676247772.706319,23,2.762,1.433,2.707,2.073,3.837,2.387,1.549,4.884,3.302
1676247773.725962,22,2.644,1.373,2.591,1.985,3.672,2.285,1.483,4.673,3.161
1676247774.7372735,21,2.525,1.312,2.474,1.896,3.507,2.183,1.417,4.462,3.018
1676247775.7550173,21,2.524,1.310,2.473,1.894,3.505,2.181,1.416,4.460,3.017
1676247776.774163,23,2.756,1.427,2.700,2.067,3.831,2.381,1.543,4.877,3.296
1676247777.7951562,23,2.756,1.427,2.700,2.066,3.831,2.381,1.542,4.877,3.296
1676247778.8401918,23,2.756,1.427,2.700,2.067,3.831,2.381,1.542,4.877,3.296
1676247779.891163,27,3.225,1.665,3.160,2.416,4.487,2.785,1.801,5.715,3.859
1676247780.9029112,26,3.112,1.610,3.049,2.333,4.327,2.688,1.740,5.510,3.722
1676247781.90573,26,3.116,1.614,3.053,2.337,4.331,2.692,1.744,5.514,3.726
1676247782.9234676,26,3.119,1.617,3.056,2.340,4.334,2.695,1.748,5.517,3.729
1676247783.9440758,28,3.357,1.740,3.290,2.518,4.666,2.901,1.880,5.940,4.015
1676247784.966266,28,3.363,1.745,3.295,2.524,4.671,2.906,1.886,5.945,4.020
1676247785.9860413,26,3.133,1.631,3.070,2.354,4.348,2.709,1.761,5.531,3.743
1676247786.9971912,25,3.018,1.574,2.958,2.269,4.187,2.611,1.700,5.324,3.605
1676247788.014924,23,2.786,1.457,2.730,2.097,3.861,2.411,1.572,4.907,3.326
1676247789.0254123,22,2.668,1.397,2.615,2.009,3.696,2.310,1.508,4.697,3.185
1676247790.0447965,22,2.667,1.396,2.614,2.008,3.696,2.309,1.507,4.697,3.184
1676247791.0589185,24,2.900,1.514,2.842,2.181,4.022,2.509,1.634,5.114,3.464
1676247792.0804422,23,2.783,1.454,2.727,2.093,3.857,2.407,1.569,4.904,3.323
1676247793.0909693,23,2.781,1.452,2.725,2.092,3.856,2.406,1.568,4.903,3.321
1676247794.0946436,24,2.897,1.510,2.839,2.178,4.019,2.506,1.631,5.111,3.460
1676247795.1063538,23,2.779,1.450,2.723,2.090,3.854,2.404,1.566,4.900,3.319
1676247796.129171,23,2.779,1.450,2.723,2.090,3.854,2.404,1.566,4.900,3.319
1676247797.1489697,24,2.896,1.509,2.837,2.176,4.017,2.504,1.630,5.109,3.459
1676247798.1594613,24,2.895,1.509,2.837,2.176,4.017,2.504,1.629,5.109,3.459
1676247799.1641803,25,3.014,1.569,2.953,2.264,4.182,2.606,1.695,5.319,3.601
1676247800.192628,22,2.663,1.392,2.610,2.004,3.692,2.305,1.503,4.693,3.180
1676247801.1953588,22,2.664,1.393,2.611,2.005,3.692,2.305,1.503,4.693,3.180
1676247802.1981683,22,2.664,1.393,2.611,2.005,3.693,2.306,1.504,4.694,3.181
1676247803.208158,22,2.665,1.394,2.612,2.006,3.693,2.306,1.504,4.694,3.181
1676247804.228697,21,2.548,1.335,2.498,1.919,3.530,2.206,1.441,4.485,3.041
1676247805.251342,21,2.548,1.335,2.497,1.919,3.530,2.206,1.440,4.485,3.041
1676247806.303386,24,2.900,1.513,2.842,2.181,4.021,2.508,1.634,5.113,3.463
1676247807.3792212,27,3.253,1.693,3.188,2.444,4.515,2.813,1.829,5.744,3.887
1676247808.382001,27,3.257,1.697,3.192,2.448,4.519,2.817,1.833,5.748,3.891
1676247809.4051769,27,3.262,1.702,3.196,2.453,4.524,2.821,1.837,5.752,3.896
1676247810.4171011,29,3.501,1.826,3.431,2.632,4.856,3.028,1.971,6.176,4.182
1676247811.4278755,28,3.390,1.772,3.322,2.551,4.698,2.933,1.913,5.972,4.047
1676247812.4473004,26,3.160,1.658,3.097,2.381,4.375,2.736,1.788,5.558,3.770
1676247813.4669747,26,3.162,1.660,3.099,2.383,4.377,2.738,1.791,5.560,3.773
1676247814.5027947,24,2.931,1.544,2.873,2.212,4.053,2.540,1.665,5.145,3.494
1676247815.5143416,24,2.932,1.545,2.874,2.213,4.054,2.541,1.666,5.146,3.496
1676247816.5183482,25,3.050,1.606,2.990,2.301,4.219,2.643,1.731,5.356,3.637
1676247817.529446,24,2.934,1.547,2.876,2.215,4.055,2.542,1.668,5.147,3.497
1676247818.5326672,24,2.934,1.547,2.875,2.214,4.055,2.542,1.667,5.147,3.497
1676247819.5450783,24,2.933,1.547,2.875,2.214,4.055,2.542,1.667,5.147,3.497
1676247820.55732,24,2.932,1.546,2.874,2.213,4.054,2.541,1.666,5.146,3.496
1676247821.5673761,24,2.932,1.545,2.874,2.213,4.054,2.541,1.666,5.146,3.495
1676247822.585938,23,2.814,1.485,2.758,2.124,3.888,2.439,1.600,4.935,3.354
1676247823.588721,23,2.813,1.484,2.757,2.124,3.888,2.438,1.599,4.934,3.353
1676247824.6217053,23,2.812,1.483,2.756,2.123,3.887,2.437,1.599,4.933,3.352
1676247825.6513684,26,3.163,1.661,3.100,2.384,4.379,2.739,1.792,5.561,3.774
1676247826.6628485,25,3.047,1.603,2.987,2.298,4.216,2.640,1.729,5.353,3.634
1676247827.6658218,25,3.048,1.604,2.988,2.299,4.217,2.641,1.730,5.354,3.635
1676247828.6782372,25,3.050,1.605,2.989,2.301,4.218,2.642,1.731,5.356,3.637
1676247829.6931999,26,3.169,1.667,3.106,2.390,4.384,2.745,1.798,5.567,3.780
1676247830.707528,27,3.289,1.729,3.223,2.479,4.550,2.848,1.864,5.779,3.922
1676247831.7128847,28,3.408,1.791,3.340,2.569,4.717,2.952,1.931,5.991,4.066
1676247832.7392628,25,3.060,1.616,3.000,2.311,4.229,2.653,1.741,5.366,3.647
1676247833.7582016,25,3.062,1.617,3.001,2.313,4.230,2.654,1.743,5.368,3.649
1676247834.777494,25,3.063,1.619,3.003,2.314,4.231,2.655,1.744,5.369,3.650
1676247835.789516,25,3.064,1.620,3.004,2.315,4.233,2.657,1.746,5.370,3.651
1676247836.8143024,26,3.183,1.681,3.120,2.404,4.398,2.759,1.812,5.581,3.793
1676247837.8415186,26,3.185,1.683,3.122,2.406,4.400,2.761,1.813,5.583,3.795
1676247838.8647754,26,3.186,1.684,3.123,2.407,4.401,2.762,1.815,5.584,3.797
1676247839.906208,29,3.539,1.864,3.469,2.670,4.895,3.066,2.010,6.214,4.220
1676247840.9647863,29,3.543,1.867,3.473,2.674,4.898,3.070,2.013,6.218,4.224
1676247841.9676044,29,3.546,1.871,3.476,2.677,4.901,3.073,2.016,6.221,4.227
1676247842.991416,29,3.549,1.874,3.479,2.680,4.904,3.076,2.019,6.224,4.230
1676247843.9963882,33,4.021,2.115,3.941,3.033,5.564,3.483,2.281,7.065,4.796
1676247844.999237,33,4.027,2.120,3.947,3.038,5.569,3.489,2.286,7.071,4.802
1676247846.0232737,30,3.680,1.947,3.608,2.781,5.082,3.191,2.098,6.447,4.385
1676247847.0264764,30,3.684,1.950,3.611,2.785,5.086,3.194,2.101,6.451,4.388
1676247848.0293245,30,3.686,1.953,3.614,2.787,5.088,3.197,2.104,6.453,4.391
1676247849.0406451,29,3.571,1.896,3.501,2.702,4.927,3.098,2.042,6.246,4.252
1676247850.0516846,28,3.456,1.838,3.388,2.617,4.764,2.999,1.978,6.038,4.113
1676247851.0619886,28,3.455,1.837,3.387,2.616,4.764,2.999,1.978,6.038,4.112
1676247852.074668,28,3.455,1.838,3.388,2.616,4.764,2.999,1.978,6.038,4.113
1676247853.0927641,28,3.455,1.837,3.387,2.616,4.763,2.998,1.978,6.037,4.112
1676247854.096577,30,3.689,1.956,3.616,2.790,5.091,3.200,2.106,6.456,4.393
1676247855.1271448,30,3.690,1.957,3.618,2.791,5.092,3.201,2.108,6.457,4.395
1676247856.1634853,32,3.926,2.077,3.849,2.967,5.422,3.404,2.238,6.878,4.678
1676247857.1753523,32,3.929,2.081,3.852,2.971,5.425,3.408,2.241,6.881,4.681
1676247858.2032993,30,3.698,1.965,3.626,2.799,5.100,3.209,2.116,6.465,4.403
1676247859.219351,30,3.700,1.967,3.627,2.801,5.102,3.211,2.118,6.467,4.404
1676247860.2232137,32,3.937,2.088,3.860,2.978,5.433,3.415,2.249,6.888,4.688
1676247861.2264497,32,3.940,2.092,3.863,2.981,5.436,3.418,2.252,6.892,4.692
1676247862.239027,31,3.826,2.035,3.751,2.897,5.275,3.320,2.190,6.685,4.554
1676247863.241786,31,3.827,2.036,3.752,2.898,5.276,3.321,2.192,6.686,4.555
1676247864.2543426,31,3.829,2.038,3.754,2.900,5.278,3.323,2.193,6.688,4.557
1676247865.2672238,31,3.830,2.039,3.755,2.901,5.279,3.324,2.195,6.689,4.558
1676247866.282427,31,3.831,2.040,3.756,2.902,5.279,3.325,2.195,6.690,4.558
1676247867.3129172,30,3.714,1.981,3.642,2.815,5.116,3.225,2.132,6.481,4.419
1676247868.3232737,30,3.715,1.982,3.643,2.816,5.117,3.226,2.133,6.482,4.420
1676247869.3492124,31,3.833,2.042,3.758,2.904,5.282,3.328,2.198,6.692,4.561
1676247870.3945217,35,4.303,2.281,4.219,3.255,5.939,3.733,2.457,7.532,5.125
1676247871.4574037,39,4.777,2.524,4.682,3.608,6.599,4.141,2.719,8.374,5.692
1676247872.4604046,39,4.784,2.531,4.690,3.615,6.607,4.148,2.727,8.381,5.700
1676247873.5020547,34,4.204,2.239,4.121,3.185,5.793,3.649,2.410,7.340,5.002
1676247874.5051346,34,4.206,2.242,4.124,3.188,5.795,3.652,2.413,7.342,5.005
1676247875.5179088,34,4.208,2.244,4.126,3.189,5.797,3.654,2.414,7.344,5.006
1676247876.5370119,33,4.092,2.185,4.012,3.103,5.634,3.554,2.351,7.135,4.866
1676247877.5567582,33,4.092,2.185,4.012,3.103,5.634,3.554,2.351,7.135,4.866
1676247878.5602922,35,4.326,2.304,4.241,3.277,5.962,3.755,2.480,7.554,5.148
1676247879.5780096,35,4.326,2.304,4.242,3.278,5.962,3.756,2.480,7.554,5.148
1676247880.6067069,34,4.210,2.245,4.127,3.191,5.799,3.655,2.416,7.346,5.008
1676247881.6093204,34,4.210,2.246,4.128,3.191,5.799,3.656,2.416,7.346,5.008
1676247882.6193407,34,4.210,2.245,4.127,3.191,5.799,3.655,2.416,7.346,5.008
1676247883.639365,35,4.327,2.305,4.242,3.278,5.963,3.756,2.481,7.555,5.149
1676247884.6515682,36,4.445,2.365,4.358,3.366,6.128,3.858,2.546,7.766,5.290
1676247885.681634,36,4.448,2.368,4.361,3.369,6.131,3.861,2.549,7.769,5.293
1676247886.7164986,37,4.569,2.431,4.479,3.460,6.298,3.965,2.617,7.981,5.437
1676247887.734998,37,4.573,2.435,4.483,3.464,6.302,3.969,2.621,7.985,5.441
1676247888.7549791,37,4.577,2.439,4.487,3.468,6.306,3.973,2.625,7.989,5.445
1676247889.7721167,35,4.346,2.324,4.261,3.297,5.981,3.775,2.499,7.574,5.167
1676247890.7953913,35,4.348,2.326,4.263,3.299,5.984,3.777,2.502,7.576,5.170
1676247891.8170621,36,4.467,2.387,4.380,3.388,6.150,3.880,2.568,7.788,5.312
1676247892.835945,36,4.470,2.390,4.383,3.391,6.152,3.883,2.571,7.790,5.315
1676247893.8503256,37,4.589,2.452,4.500,3.480,6.318,3.986,2.637,8.002,5.458
1676247894.870132,35,4.357,2.335,4.273,3.309,5.993,3.787,2.511,7.585,5.179
1676247895.887393,35,4.358,2.336,4.273,3.309,5.994,3.787,2.512,7.586,5.180
1676247896.9085493,35,4.359,2.337,4.274,3.310,5.994,3.788,2.512,7.587,5.180
1676247897.9352572,35,4.359,2.337,4.275,3.311,5.995,3.789,2.513,7.587,5.181
1676247898.94755,37,4.594,2.457,4.505,3.486,6.324,3.991,2.643,8.007,5.463
1676247899.967372,37,4.597,2.459,4.507,3.488,6.326,3.993,2.645,8.009,5.465
1676247901.0205646,39,4.833,2.580,4.739,3.664,6.656,4.197,2.776,8.430,5.749
1676247902.0753598,42,5.188,2.762,5.086,3.930,7.151,4.503,2.972,9.062,6.174
1676247903.0780814,42,5.194,2.767,5.092,3.935,7.156,4.509,2.978,9.067,6.180
1676247904.0810921,42,5.199,2.772,5.097,3.940,7.162,4.514,2.983,9.073,6.185
1676247905.0837686,42,5.203,2.776,5.101,3.944,7.166,4.518,2.987,9.077,6.189
1676247906.0959842,42,5.207,2.780,5.105,3.948,7.169,4.522,2.991,9.080,6.193
1676247907.1169376,41,5.093,2.724,4.993,3.864,7.009,4.424,2.930,8.874,6.055
1676247908.1354105,41,5.094,2.726,4.995,3.866,7.011,4.426,2.932,8.876,6.057
1676247909.149456,42,5.214,2.787,5.112,3.955,7.176,4.529,2.998,9.087,6.200
1676247910.1609766,41,5.098,2.730,4.999,3.870,7.015,4.430,2.936,8.880,6.061
1676247911.1729712,40,4.982,2.671,4.885,3.783,6.851,4.330,2.872,8.671,5.921
1676247912.1864405,40,4.982,2.671,4.885,3.784,6.852,4.330,2.872,8.671,5.921
1676247913.2021763,41,5.099,2.731,5.000,3.871,7.015,4.431,2.937,8.881,6.062
1676247914.2151275,41,5.100,2.731,5.001,3.871,7.016,4.432,2.937,8.882,6.063
1676247915.2337525,41,5.102,2.733,5.003,3.873,7.018,4.433,2.939,8.884,6.065
1676247916.2623732,43,5.338,2.854,5.234,4.050,7.348,4.637,3.070,9.304,6.348
1676247917.2957718,42,5.224,2.798,5.123,3.966,7.187,4.539,3.009,9.098,6.210
1676247918.319843,42,5.227,2.800,5.125,3.968,7.190,4.542,3.011,9.101,6.213
1676247919.3709915,40,4.995,2.684,4.898,3.796,6.864,4.342,2.885,8.684,5.934
1676247920.400788,40,4.995,2.684,4.898,3.797,6.865,4.343,2.885,8.684,5.934
1676247921.4243672,43,5.348,2.863,5.244,4.059,7.357,4.647,3.079,9.314,6.357
1676247922.4524033,40,4.998,2.687,4.901,3.799,6.867,4.346,2.888,8.687,5.937
1676247923.4793901,40,4.998,2.687,4.901,3.800,6.868,4.346,2.888,8.687,5.937
1676247924.5084944,41,5.115,2.746,5.016,3.887,7.031,4.447,2.952,8.897,6.078
1676247925.5378532,41,5.115,2.746,5.016,3.887,7.031,4.447,2.952,8.897,6.078
1676247926.5656707,42,5.233,2.806,5.131,3.974,7.196,4.548,3.017,9.107,6.219
1676247927.578073,41,5.116,2.748,5.017,3.888,7.032,4.448,2.953,8.898,6.079
1676247928.591659,41,5.116,2.748,5.017,3.888,7.032,4.448,2.953,8.898,6.079
1676247929.607136,42,5.233,2.807,5.132,3.975,7.196,4.548,3.018,9.107,6.219
1676247930.6212385,43,5.352,2.868,5.248,4.063,7.362,4.651,3.084,9.318,6.361
1676247931.67871,44,5.471,2.929,5.364,4.152,7.527,4.753,3.150,9.529,6.504
1676247932.7332304,46,5.708,3.050,5.597,4.330,7.858,4.958,3.281,9.951,6.788
1676247933.735238,46,5.712,3.055,5.601,4.334,7.862,4.962,3.286,9.955,6.792
1676247934.756829,44,5.481,2.939,5.375,4.163,7.538,4.764,3.160,9.540,6.514
1676247935.7757947,44,5.483,2.941,5.377,4.165,7.540,4.766,3.162,9.542,6.516
1676247936.789334,45,5.602,3.002,5.493,4.254,7.705,4.868,3.228,9.752,6.658
1676247937.8020601,44,5.487,2.945,5.380,4.168,7.543,4.769,3.166,9.545,6.520
1676247938.811348,43,5.370,2.886,5.266,4.082,7.380,4.669,3.102,9.336,6.380
1676247939.8345442,43,5.370,2.886,5.266,4.082,7.380,4.669,3.102,9.336,6.380
1676247940.8729134,42,5.253,2.827,5.151,3.994,7.216,4.568,3.037,9.127,6.239
1676247941.8930304,42,5.252,2.826,5.150,3.994,7.215,4.567,3.037,9.126,6.238
1676247942.8953173,44,5.486,2.944,5.379,4.167,7.542,4.768,3.165,9.544,6.519
1676247943.9090087,44,5.486,2.944,5.380,4.168,7.543,4.769,3.165,9.544,6.519
1676247944.9129405,45,5.604,3.004,5.495,4.255,7.707,4.870,3.230,9.754,6.660
1676247945.9153585,45,5.605,3.006,5.496,4.257,7.708,4.872,3.232,9.756,6.662
1676247946.9486287,45,5.608,3.008,5.499,4.260,7.711,4.874,3.234,9.759,6.665
1676247948.0031903,43,5.375,2.891,5.271,4.087,7.385,4.674,3.107,9.341,6.385
1676247949.032413,43,5.375,2.891,5.271,4.087,7.385,4.674,3.107,9.341,6.385
1676247950.0552537,44,5.493,2.951,5.387,4.175,7.550,4.776,3.172,9.551,6.526
1676247951.0582106,44,5.494,2.952,5.387,4.175,7.550,4.776,3.173,9.552,6.527
1676247952.0710804,44,5.495,2.953,5.389,4.177,7.552,4.778,3.174,9.554,6.528
1676247953.0847816,44,5.497,2.955,5.390,4.178,7.553,4.779,3.176,9.555,6.530
1676247954.112888,44,5.499,2.957,5.392,4.180,7.555,4.781,3.178,9.557,6.532
1676247955.1272395,46,5.735,3.077,5.623,4.356,7.885,4.985,3.308,9.978,6.815
1676247956.1388705,45,5.621,3.021,5.512,4.272,7.724,4.887,3.247,9.771,6.677
1676247957.1505728,45,5.622,3.022,5.513,4.274,7.725,4.888,3.248,9.773,6.679
1676247958.1649878,45,5.624,3.024,5.515,4.276,7.727,4.890,3.250,9.775,6.681
1676247959.2056289,45,5.626,3.026,5.517,4.278,7.729,4.892,3.252,9.777,6.683
1676247960.2433772,47,5.862,3.147,5.749,4.454,8.059,5.096,3.383,10.197,6.966
1676247961.2707825,47,5.865,3.150,5.751,4.457,8.062,5.099,3.386,10.200,6.969
1676247962.3365724,50,6.220,3.331,6.099,4.722,8.557,5.405,3.583,10.832,7.394
1676247963.3804684,58,7.163,3.812,7.023,5.425,9.874,6.217,4.104,12.513,8.525
1676247964.3993437,56,6.938,3.702,6.802,5.260,9.555,6.025,3.984,12.103,8.252
1676247965.4593494,56,6.945,3.709,6.809,5.267,9.562,6.031,3.991,12.110,8.259
1676247966.5014338,60,7.420,3.954,7.275,5.622,10.224,6.442,4.255,12.954,8.829
1676247967.5352106,56,6.959,3.724,6.824,5.281,9.576,6.046,4.005,12.124,8.274
1676247968.5703952,52,6.495,3.490,6.369,4.936,8.925,5.647,3.751,11.291,7.715
1676247969.593348,52,6.495,3.491,6.369,4.937,8.925,5.647,3.752,11.291,7.716
1676247970.6269279,51,6.377,3.431,6.254,4.849,8.761,5.546,3.687,11.081,7.575
1676247971.6369963,50,6.258,3.370,6.137,4.760,8.595,5.443,3.621,10.870,7.432
1676247972.6570296,50,6.256,3.368,6.135,4.758,8.593,5.441,3.619,10.868,7.430
1676247973.6617942,52,6.487,3.483,6.361,4.929,8.918,5.639,3.744,11.283,7.708
1676247974.6942315,48,6.016,3.243,5.900,4.578,8.260,5.234,3.484,10.444,7.143
1676247975.7045596,48,6.013,3.240,5.897,4.575,8.257,5.231,3.481,10.440,7.140
1676247976.7073166,49,6.127,3.296,6.008,4.659,8.417,5.328,3.542,10.647,7.277
1676247977.7318804,49,6.124,3.293,6.005,4.656,8.414,5.325,3.539,10.643,7.274
1676247978.760855,49,6.123,3.292,6.004,4.655,8.413,5.324,3.538,10.642,7.273
1676247979.7639115,49,6.122,3.291,6.003,4.654,8.412,5.323,3.537,10.641,7.272
1676247980.7743225,48,6.006,3.233,5.889,4.567,8.249,5.223,3.474,10.433,7.133
1676247981.7772675,48,6.005,3.232,5.889,4.567,8.249,5.223,3.473,10.433,7.132
1676247982.8054917,45,5.654,3.054,5.545,4.306,7.757,4.920,3.280,9.805,6.711
1676247983.8293722,45,5.653,3.053,5.544,4.305,7.756,4.919,3.279,9.804,6.710
1676247984.8413079,48,6.004,3.231,5.888,4.566,8.248,5.222,3.472,10.431,7.131
1676247985.8672366,46,5.771,3.114,5.660,4.393,7.921,5.021,3.345,10.014,6.851
1676247986.8793247,45,5.654,3.054,5.545,4.305,7.757,4.920,3.280,9.804,6.710
1676247987.8823566,45,5.653,3.053,5.544,4.305,7.756,4.919,3.279,9.804,6.710
1676247988.9152443,41,5.183,2.815,5.084,3.955,7.100,4.515,3.021,8.965,6.146
1676247989.9473488,41,5.180,2.811,5.080,3.951,7.096,4.511,3.017,8.961,6.142
1676247990.9610686,44,5.528,2.986,5.422,4.210,7.585,4.811,3.207,9.587,6.561
1676247991.974532,43,5.411,2.927,5.307,4.122,7.421,4.710,3.143,9.377,6.420
1676247993.0376947,43,5.411,2.926,5.307,4.122,7.420,4.710,3.142,9.377,6.420
1676247994.129374,43,5.411,2.926,5.306,4.122,7.420,4.709,3.142,9.377,6.420
1676247995.1324012,43,5.410,2.926,5.306,4.122,7.420,4.709,3.142,9.376,6.420
1676247996.143251,42,5.294,2.867,5.192,4.035,7.257,4.609,3.078,9.167,6.280
1676247997.1531715,42,5.293,2.867,5.192,4.035,7.256,4.609,3.078,9.167,6.279
1676247998.1663659,43,5.410,2.926,5.306,4.121,7.419,4.709,3.141,9.376,6.419
1676247999.1843252,42,5.293,2.866,5.191,4.034,7.256,4.608,3.077,9.167,6.279
1676248000.1872752,42,5.293,2.867,5.191,4.035,7.256,4.608,3.078,9.167,6.279
1676248001.2085414,40,5.059,2.748,4.962,3.860,6.928,4.406,2.949,8.748,5.998
1676248002.2273586,40,5.058,2.747,4.961,3.859,6.927,4.405,2.948,8.747,5.997
1676248003.2578301,39,4.940,2.687,4.846,3.772,6.763,4.304,2.883,8.537,5.856
1676248004.260849,39,4.939,2.686,4.845,3.771,6.762,4.304,2.882,8.537,5.855
1676248005.2637184,39,4.938,2.685,4.844,3.769,6.761,4.302,2.881,8.535,5.854
1676248006.2752535,38,4.820,2.625,4.728,3.682,6.596,4.201,2.816,8.325,5.713
1676248007.2869515,38,4.820,2.624,4.728,3.681,6.596,4.200,2.815,8.325,5.712
1676248008.3141527,39,4.937,2.684,4.843,3.768,6.760,4.301,2.880,8.534,5.853
1676248009.3492289,38,4.821,2.625,4.729,3.682,6.597,4.201,2.816,8.326,5.713
1676248010.3726385,38,4.821,2.626,4.729,3.682,6.597,4.201,2.816,8.326,5.713
1676248011.4108596,37,4.703,2.566,4.614,3.595,6.433,4.100,2.752,8.116,5.572
1676248012.434085,37,4.703,2.565,4.613,3.594,6.432,4.100,2.751,8.116,5.572
1676248013.4713979,36,4.585,2.505,4.498,3.506,6.267,3.998,2.686,7.905,5.430
1676248014.4745202,36,4.583,2.503,4.496,3.504,6.266,3.996,2.684,7.904,5.428
1676248015.497795,36,4.582,2.502,4.495,3.503,6.264,3.995,2.683,7.902,5.427
1676248016.5107906,38,4.816,2.620,4.724,3.677,6.592,4.196,2.811,8.321,5.708
1676248017.529922,36,4.582,2.502,4.495,3.503,6.265,3.995,2.683,7.903,5.427
1676248018.5513709,36,4.581,2.501,4.494,3.503,6.264,3.994,2.682,7.902,5.426
1676248019.5553226,38,4.815,2.620,4.723,3.677,6.591,4.196,2.811,8.320,5.708
1676248020.5666711,37,4.699,2.562,4.610,3.590,6.428,4.096,2.747,8.112,5.568
1676248021.5696163,37,4.700,2.563,4.611,3.591,6.429,4.097,2.748,8.113,5.569
1676248022.5727465,37,4.701,2.563,4.611,3.592,6.430,4.098,2.749,8.114,5.570
1676248023.6079516,37,4.703,2.565,4.613,3.594,6.432,4.099,2.751,8.115,5.571
1676248024.6567023,38,4.821,2.626,4.729,3.683,6.597,4.202,2.817,8.326,5.714
1676248025.6774104,36,4.590,2.510,4.502,3.511,6.272,4.003,2.691,7.910,5.435
1676248026.695458,36,4.591,2.511,4.503,3.512,6.273,4.004,2.692,7.911,5.436
1676248027.709581,37,4.708,2.571,4.619,3.600,6.438,4.105,2.757,8.121,5.577
1676248028.7309532,35,4.475,2.453,4.390,3.426,6.111,3.904,2.629,7.703,5.297
1676248029.7425199,35,4.475,2.452,4.390,3.426,6.110,3.904,2.628,7.703,5.296
1676248030.7550495,35,4.475,2.453,4.390,3.426,6.111,3.904,2.629,7.703,5.297
1676248031.7579813,35,4.474,2.452,4.390,3.426,6.110,3.904,2.628,7.702,5.296
1676248032.7609496,35,4.474,2.452,4.389,3.425,6.110,3.903,2.628,7.702,5.296
1676248033.781993,33,4.239,2.333,4.159,3.250,5.781,3.701,2.498,7.283,5.014
1676248034.7932532,32,4.120,2.271,4.043,3.161,5.616,3.598,2.432,7.072,4.871
1676248035.803436,32,4.119,2.270,4.041,3.160,5.614,3.597,2.431,7.070,4.870
1676248036.8153443,32,4.116,2.267,4.038,3.157,5.611,3.594,2.428,7.067,4.867
1676248037.8266828,32,4.114,2.265,4.037,3.155,5.610,3.592,2.426,7.066,4.865
1676248038.8382447,33,4.230,2.323,4.150,3.241,5.772,3.691,2.489,7.273,5.004
1676248039.8647923,32,4.112,2.263,4.034,3.153,5.607,3.590,2.424,7.063,4.863
1676248040.876229,32,4.111,2.263,4.034,3.152,5.607,3.589,2.423,7.063,4.863
1676248041.9148386,29,3.760,2.084,3.689,2.891,5.115,3.287,2.230,6.434,4.440
1676248042.9468524,29,3.757,2.082,3.687,2.888,5.113,3.285,2.228,6.432,4.438
1676248043.9695358,31,3.990,2.199,3.915,3.061,5.439,3.485,2.355,6.850,4.718
1676248044.9724505,31,3.990,2.199,3.915,3.061,5.439,3.485,2.355,6.850,4.718
1676248045.985167,31,3.990,2.199,3.915,3.061,5.439,3.485,2.355,6.849,4.718
1676248047.017725,29,3.756,2.080,3.685,2.887,5.111,3.283,2.226,6.430,4.436
1676248048.029612,29,3.754,2.079,3.684,2.885,5.110,3.281,2.225,6.429,4.435
1676248049.0408618,30,3.871,2.137,3.798,2.972,5.273,3.382,2.288,6.638,4.575
1676248050.0664413,28,3.636,2.018,3.568,2.797,4.945,3.179,2.159,6.219,4.293
1676248051.0897906,28,3.634,2.017,3.566,2.795,4.943,3.178,2.157,6.217,4.292
1676248052.1250646,27,3.515,1.956,3.450,2.706,4.777,3.075,2.091,6.006,4.149
1676248053.14375,27,3.513,1.953,3.448,2.704,4.775,3.073,2.089,6.003,4.147
1676248054.1873891,29,3.746,2.070,3.675,2.877,5.101,3.273,2.216,6.420,4.427
1676248055.2579644,29,3.746,2.070,3.675,2.877,5.101,3.273,2.216,6.420,4.426
1676248056.2609575,29,3.745,2.070,3.675,2.876,5.101,3.272,2.215,6.420,4.426
1676248057.2729187,28,3.628,2.010,3.560,2.789,4.937,3.171,2.151,6.211,4.285
1676248058.2957287,28,3.628,2.011,3.560,2.789,4.937,3.172,2.151,6.211,4.286
1676248059.299723,30,3.862,2.129,3.789,2.963,5.264,3.373,2.279,6.629,4.566
1676248060.3027658,30,3.862,2.129,3.790,2.964,5.265,3.373,2.280,6.629,4.567
1676248061.3204217,28,3.629,2.011,3.561,2.790,4.937,3.172,2.152,6.211,4.286
1676248062.3809488,28,3.628,2.011,3.561,2.789,4.937,3.172,2.151,6.211,4.286
1676248063.4280753,31,3.979,2.188,3.904,3.051,5.428,3.474,2.344,6.839,4.707
1676248064.4458108,29,3.747,2.072,3.677,2.878,5.103,3.274,2.217,6.422,4.428
1676248065.464326,27,3.513,1.953,3.448,2.704,4.775,3.073,2.089,6.004,4.147
1676248066.4668748,27,3.512,1.952,3.447,2.703,4.774,3.072,2.088,6.003,4.146
1676248067.4795096,26,3.394,1.892,3.331,2.615,4.609,2.970,2.022,5.792,4.004
1676248068.513494,26,3.391,1.889,3.329,2.612,4.607,2.968,2.020,5.790,4.002
1676248069.5182676,32,4.094,2.245,4.016,3.135,5.589,3.572,2.406,7.045,4.845
1676248070.551354,28,3.627,2.009,3.559,2.788,4.936,3.170,2.150,6.210,4.284
1676248071.5685203,28,3.627,2.009,3.559,2.788,4.936,3.170,2.150,6.210,4.284
1676248072.6199224,25,3.276,1.831,3.215,2.527,4.444,2.868,1.957,5.582,3.863
1676248073.6391366,25,3.274,1.830,3.214,2.525,4.443,2.867,1.956,5.580,3.861
1676248074.6524968,26,3.389,1.887,3.326,2.610,4.604,2.965,2.018,5.787,4.000
1676248075.664929,25,3.270,1.826,3.210,2.521,4.439,2.863,1.952,5.576,3.857
1676248076.6673615,25,3.268,1.824,3.208,2.519,4.437,2.861,1.950,5.574,3.855
1676248077.6800284,25,3.266,1.822,3.205,2.517,4.434,2.858,1.947,5.572,3.853
1676248078.6941082,25,3.264,1.820,3.203,2.515,4.432,2.856,1.945,5.570,3.851
1676248079.7067406,24,3.145,1.759,3.087,2.426,4.267,2.754,1.879,5.359,3.709
1676248080.7102377,24,3.144,1.757,3.086,2.425,4.266,2.753,1.878,5.358,3.707
1676248081.7315469,24,3.143,1.756,3.085,2.423,4.264,2.751,1.877,5.356,3.706
1676248082.7512856,24,3.142,1.755,3.084,2.423,4.263,2.750,1.876,5.355,3.705
1676248083.7632065,24,3.140,1.753,3.082,2.421,4.261,2.748,1.874,5.353,3.703
1676248084.7809684,25,3.256,1.812,3.196,2.507,4.425,2.849,1.938,5.562,3.843
1676248085.8004863,25,3.256,1.812,3.196,2.507,4.425,2.849,1.938,5.562,3.843
1676248086.8034954,25,3.256,1.812,3.196,2.507,4.425,2.849,1.938,5.562,3.843
1676248087.83138,22,2.905,1.634,2.852,2.246,3.933,2.546,1.744,4.934,3.422
1676248088.8590283,22,2.903,1.632,2.850,2.244,3.932,2.545,1.743,4.933,3.420
1676248089.8924983,22,2.902,1.631,2.849,2.243,3.930,2.543,1.741,4.931,3.418
1676248090.9053948,21,2.783,1.569,2.732,2.153,3.764,2.440,1.675,4.720,3.276
1676248091.9335392,21,2.780,1.567,2.729,2.151,3.762,2.438,1.673,4.717,3.273
1676248092.966412,21,2.778,1.565,2.727,2.149,3.760,2.436,1.670,4.715,3.271
1676248093.9801364,21,2.775,1.562,2.725,2.146,3.757,2.433,1.668,4.712,3.269
1676248094.9941225,21,2.774,1.560,2.723,2.144,3.755,2.431,1.666,4.711,3.267
1676248095.9973571,21,2.771,1.558,2.720,2.142,3.753,2.429,1.664,4.708,3.264
1676248097.0005276,21,2.770,1.556,2.719,2.140,3.751,2.427,1.662,4.707,3.263
1676248098.0035067,21,2.768,1.555,2.717,2.139,3.750,2.426,1.661,4.705,3.261
1676248099.021622,21,2.768,1.554,2.717,2.138,3.749,2.425,1.660,4.704,3.261
1676248100.037607,22,2.884,1.613,2.831,2.225,3.912,2.525,1.724,4.913,3.401
1676248101.0493345,21,2.767,1.554,2.716,2.138,3.749,2.425,1.659,4.704,3.260
1676248102.0600138,21,2.767,1.554,2.716,2.138,3.748,2.425,1.659,4.704,3.260
1676248103.0713553,21,2.767,1.554,2.716,2.138,3.748,2.425,1.659,4.704,3.260
1676248104.0898557,21,2.768,1.554,2.717,2.138,3.749,2.425,1.660,4.705,3.261
1676248105.120428,20,2.651,1.496,2.603,2.052,3.586,2.325,1.596,4.496,3.121
1676248106.123685,20,2.651,1.496,2.603,2.052,3.586,2.325,1.596,4.496,3.121
1676248107.1451774,18,2.417,1.377,2.373,1.877,3.258,2.123,1.467,4.077,2.839
1676248108.1637542,18,2.415,1.375,2.372,1.876,3.256,2.122,1.466,4.075,2.838
1676248109.1676521,20,2.648,1.492,2.599,2.048,3.582,2.322,1.593,4.492,3.117
1676248110.181626,19,2.530,1.433,2.484,1.961,3.418,2.221,1.528,4.283,2.976
1676248111.1845767,19,2.530,1.432,2.484,1.960,3.418,2.220,1.527,4.282,2.976
1676248112.1873415,19,2.528,1.431,2.482,1.959,3.416,2.218,1.526,4.281,2.974
1676248113.2075584,19,2.527,1.429,2.481,1.958,3.415,2.217,1.525,4.280,2.973
1676248114.2229056,21,2.761,1.548,2.710,2.132,3.742,2.418,1.653,4.698,3.254
1676248115.2510147,22,2.878,1.607,2.825,2.219,3.906,2.520,1.718,4.907,3.395
1676248116.3013477,20,2.645,1.489,2.596,2.046,3.580,2.319,1.590,4.489,3.114
1676248117.3140311,20,2.645,1.489,2.596,2.045,3.579,2.318,1.590,4.489,3.114
1676248118.336212,19,2.527,1.430,2.481,1.958,3.415,2.218,1.525,4.280,2.974
1676248119.348937,19,2.527,1.430,2.481,1.958,3.415,2.218,1.525,4.280,2.973
1676248120.3634212,20,2.645,1.489,2.596,2.046,3.580,2.319,1.590,4.490,3.114
1676248121.3670323,21,2.763,1.549,2.712,2.133,3.744,2.420,1.655,4.700,3.256
1676248122.389364,19,2.530,1.432,2.484,1.961,3.418,2.220,1.528,4.282,2.976
1676248123.4007423,18,2.413,1.373,2.369,1.873,3.254,2.119,1.463,4.073,2.835
1676248124.4109786,18,2.412,1.372,2.368,1.872,3.253,2.118,1.462,4.072,2.834
1676248125.4237757,18,2.411,1.371,2.367,1.871,3.252,2.117,1.461,4.071,2.833
1676248126.4347136,18,2.410,1.370,2.366,1.870,3.251,2.116,1.460,4.070,2.832
1676248127.456699,17,2.292,1.310,2.250,1.782,3.086,2.014,1.395,3.860,2.691
1676248128.459393,17,2.290,1.308,2.249,1.780,3.084,2.012,1.393,3.858,2.689
1676248129.4625714,17,2.288,1.306,2.247,1.778,3.082,2.011,1.391,3.856,2.687
1676248130.4824533,17,2.286,1.304,2.245,1.776,3.080,2.008,1.389,3.854,2.685
1676248131.4877117,19,2.518,1.421,2.472,1.949,3.406,2.208,1.516,4.271,2.964
1676248132.5122645,19,2.518,1.420,2.472,1.949,3.406,2.208,1.516,4.270,2.964
1676248133.5454097,19,2.518,1.421,2.472,1.949,3.406,2.208,1.516,4.271,2.964
1676248134.5635085,19,2.519,1.421,2.473,1.949,3.407,2.209,1.516,4.271,2.965
1676248135.604688,17,2.285,1.303,2.244,1.775,3.079,2.008,1.388,3.853,2.684
1676248136.6132245,17,2.284,1.302,2.243,1.774,3.078,2.006,1.387,3.852,2.683
1676248137.6354332,18,2.400,1.360,2.357,1.861,3.241,2.107,1.451,4.060,2.823
1676248138.6572013,19,2.517,1.420,2.471,1.948,3.405,2.208,1.515,4.270,2.964
1676248139.6684787,18,2.401,1.361,2.358,1.862,3.243,2.108,1.452,4.062,2.824
1676248140.6813433,18,2.402,1.362,2.358,1.862,3.243,2.108,1.452,4.062,2.824
1676248141.6966653,19,2.519,1.422,2.473,1.950,3.407,2.210,1.517,4.272,2.966
1676248142.7008681,20,2.638,1.483,2.590,2.039,3.573,2.312,1.583,4.483,3.108
1676248143.7128103,20,2.640,1.484,2.591,2.040,3.574,2.314,1.585,4.484,3.109
1676248144.7167206,21,2.759,1.546,2.708,2.130,3.740,2.416,1.651,4.696,3.252
1676248145.745567,21,2.761,1.548,2.710,2.132,3.743,2.419,1.653,4.698,3.254
1676248146.7896633,21,2.763,1.550,2.713,2.134,3.745,2.421,1.656,4.700,3.256
1676248147.8293676,17,2.297,1.314,2.255,1.787,3.091,2.019,1.400,3.865,2.696
1676248148.8591747,17,2.296,1.314,2.255,1.786,3.090,2.019,1.399,3.864,2.695
1676248149.8715851,21,2.765,1.552,2.714,2.136,3.746,2.423,1.657,4.702,3.258
1676248150.8865402,21,2.767,1.554,2.716,2.138,3.749,2.425,1.659,4.704,3.260
1676248151.8983552,20,2.652,1.496,2.603,2.053,3.587,2.326,1.597,4.496,3.121
1676248152.9114144,20,2.652,1.497,2.604,2.053,3.587,2.326,1.597,4.497,3.122
1676248153.9423106,18,2.419,1.379,2.375,1.879,3.260,2.125,1.469,4.079,2.841
1676248154.9600906,18,2.418,1.378,2.374,1.879,3.259,2.124,1.468,4.078,2.840
1676248155.965001,20,2.652,1.497,2.604,2.053,3.587,2.326,1.597,4.497,3.122
1676248156.9754517,20,2.652,1.497,2.604,2.053,3.587,2.326,1.597,4.497,3.122
1676248157.9800801,21,2.770,1.557,2.719,2.141,3.751,2.428,1.662,4.707,3.263
1676248159.028485,16,2.184,1.260,2.146,1.705,2.932,1.924,1.340,3.660,2.560
1676248160.0412185,16,2.182,1.257,2.143,1.702,2.929,1.921,1.338,3.657,2.557
1676248161.068483,17,2.296,1.314,2.255,1.787,3.091,2.019,1.400,3.864,2.695
1676248162.0740106,20,2.646,1.490,2.597,2.046,3.580,2.320,1.591,4.490,3.115
1676248163.095782,18,2.411,1.372,2.368,1.872,3.253,2.118,1.462,4.072,2.834
1676248164.1141584,16,2.176,1.252,2.137,1.697,2.924,1.915,1.332,3.652,2.552
1676248165.1266654,16,2.173,1.249,2.135,1.694,2.921,1.913,1.329,3.649,2.549
1676248166.1419249,17,2.288,1.306,2.247,1.779,3.083,2.011,1.392,3.856,2.687
1676248167.1657755,16,2.169,1.245,2.130,1.690,2.917,1.908,1.325,3.645,2.545
1676248168.1985042,16,2.167,1.243,2.128,1.688,2.915,1.906,1.323,3.643,2.543
1676248169.2108312,19,2.517,1.419,2.471,1.948,3.405,2.207,1.515,4.269,2.963
1676248170.213679,19,2.518,1.420,2.472,1.948,3.406,2.208,1.515,4.270,2.964
1676248171.232475,17,2.283,1.301,2.242,1.774,3.078,2.006,1.387,3.851,2.682
1676248172.2425907,17,2.282,1.300,2.241,1.773,3.077,2.005,1.385,3.850,2.681
1676248173.2546515,17,2.281,1.299,2.240,1.772,3.076,2.004,1.385,3.849,2.680
1676248174.2769272,15,2.046,1.180,2.010,1.597,2.747,1.802,1.255,3.430,2.398
1676248175.3113868,15,2.045,1.178,2.008,1.595,2.746,1.800,1.253,3.428,2.397
1676248176.3466146,20,2.629,1.474,2.581,2.030,3.564,2.303,1.574,4.474,3.099
1676248177.403,19,2.514,1.416,2.468,1.944,3.402,2.204,1.512,4.266,2.960
1676248178.413309,19,2.515,1.417,2.469,1.945,3.403,2.205,1.513,4.267,2.961
1676248179.417469,20,2.633,1.478,2.585,2.034,3.568,2.307,1.578,4.478,3.103
1676248180.4354622,20,2.635,1.480,2.587,2.036,3.570,2.309,1.580,4.480,3.105
1676248181.474057,18,2.403,1.363,2.359,1.863,3.244,2.109,1.453,4.063,2.825
1676248182.4770575,18,2.404,1.364,2.360,1.864,3.245,2.110,1.454,4.064,2.826
1676248183.4887033,18,2.404,1.364,2.361,1.865,3.246,2.111,1.455,4.064,2.827
1676248184.5146441,17,2.287,1.305,2.246,1.778,3.082,2.010,1.391,3.855,2.686
1676248185.5335686,17,2.287,1.305,2.246,1.777,3.081,2.010,1.390,3.855,2.686
1676248186.5590456,17,2.286,1.304,2.245,1.777,3.081,2.009,1.389,3.854,2.685
1676248187.5767949,17,2.286,1.304,2.245,1.776,3.080,2.009,1.389,3.854,2.685
1676248188.6023557,16,2.168,1.243,2.129,1.688,2.915,1.907,1.324,3.643,2.543
1676248189.615912,15,2.049,1.182,2.012,1.599,2.750,1.804,1.257,3.432,2.401
1676248190.626634,15,2.047,1.180,2.010,1.597,2.748,1.802,1.255,3.430,2.399
1676248191.6548436,16,2.161,1.237,2.123,1.682,2.909,1.901,1.317,3.637,2.537
1676248192.686837,17,2.277,1.295,2.236,1.768,3.072,2.000,1.380,3.845,2.676
1676248193.7073338,17,2.276,1.294,2.235,1.767,3.071,1.999,1.380,3.844,2.676
1676248194.7365012,17,2.276,1.294,2.235,1.767,3.071,1.999,1.379,3.844,2.675
1676248195.7394059,17,2.276,1.294,2.235,1.766,3.070,1.998,1.379,3.844,2.675
1676248196.7500355,17,2.275,1.293,2.234,1.765,3.069,1.998,1.378,3.843,2.674
1676248197.7650437,17,2.274,1.292,2.233,1.765,3.069,1.997,1.378,3.842,2.673
1676248198.7680373,17,2.274,1.292,2.233,1.765,3.069,1.997,1.378,3.842,2.673
1676248199.771043,17,2.275,1.292,2.233,1.765,3.069,1.997,1.378,3.842,2.674
1676248200.7738876,17,2.274,1.292,2.233,1.765,3.069,1.997,1.378,3.842,2.674
1676248201.7856686,17,2.275,1.293,2.234,1.765,3.069,1.998,1.378,3.843,2.674
1676248202.7976756,17,2.275,1.293,2.234,1.766,3.069,1.998,1.378,3.843,2.674
1676248203.8006098,17,2.275,1.293,2.234,1.766,3.070,1.998,1.378,3.843,2.674
1676248204.8032212,17,2.276,1.294,2.235,1.766,3.070,1.999,1.379,3.844,2.675
1676248205.8059933,17,2.276,1.294,2.235,1.767,3.071,1.999,1.380,3.844,2.675
1676248206.8316214,17,2.277,1.295,2.236,1.768,3.072,2.000,1.381,3.845,2.676
1676248207.8632674,18,2.395,1.355,2.352,1.856,3.236,2.102,1.446,4.055,2.818
1676248208.885409,18,2.397,1.357,2.353,1.857,3.238,2.103,1.447,4.057,2.819
1676248209.9011633,19,2.516,1.418,2.470,1.946,3.404,2.206,1.513,4.268,2.962
1676248210.935443,19,2.518,1.420,2.472,1.949,3.406,2.208,1.516,4.270,2.964
1676248211.987226,18,2.404,1.364,2.360,1.864,3.245,2.110,1.454,4.064,2.826
1676248212.9991906,17,2.288,1.306,2.247,1.779,3.083,2.011,1.392,3.856,2.688
1676248214.0127678,17,2.289,1.307,2.248,1.780,3.084,2.012,1.392,3.857,2.688
1676248215.0171554,18,2.408,1.368,2.364,1.868,3.249,2.114,1.458,4.068,2.830
1676248216.029741,18,2.409,1.369,2.365,1.870,3.250,2.115,1.459,4.069,2.832
1676248217.0425453,18,2.410,1.370,2.366,1.871,3.251,2.117,1.461,4.070,2.833
1676248218.0575197,17,2.293,1.311,2.252,1.784,3.088,2.016,1.396,3.861,2.692
1676248219.0605662,17,2.293,1.311,2.252,1.783,3.087,2.016,1.396,3.861,2.692
1676248220.0633795,17,2.293,1.310,2.251,1.783,3.087,2.015,1.396,3.860,2.692
1676248221.0838225,17,2.292,1.310,2.251,1.782,3.086,2.015,1.395,3.860,2.691
1676248222.0976071,18,2.409,1.369,2.365,1.869,3.250,2.115,1.459,4.069,2.831
1676248223.1184337,18,2.409,1.369,2.365,1.869,3.250,2.115,1.459,4.069,2.831
1676248224.1413167,18,2.409,1.369,2.365,1.869,3.250,2.115,1.459,4.069,2.831
1676248225.1525002,18,2.409,1.369,2.365,1.869,3.250,2.115,1.459,4.069,2.831
1676248226.1573033,19,2.526,1.429,2.480,1.957,3.414,2.217,1.524,4.279,2.972
1676248227.176766,17,2.293,1.310,2.251,1.783,3.087,2.015,1.396,3.861,2.692
1676248228.1874063,16,2.175,1.251,2.137,1.696,2.923,1.914,1.331,3.651,2.551
1676248229.2057576,16,2.175,1.251,2.136,1.696,2.923,1.914,1.331,3.651,2.551
1676248230.2107418,18,2.409,1.369,2.366,1.870,3.250,2.116,1.460,4.069,2.832
1676248231.2216902,18,2.410,1.370,2.367,1.871,3.251,2.117,1.461,4.070,2.833
1676248232.2347941,18,2.411,1.371,2.367,1.872,3.252,2.118,1.462,4.071,2.834
1676248233.244909,18,2.412,1.372,2.368,1.872,3.253,2.118,1.462,4.072,2.834
1676248234.2652476,19,2.530,1.432,2.484,1.960,3.418,2.220,1.527,4.282,2.976
1676248235.302924,17,2.297,1.315,2.256,1.787,3.091,2.020,1.400,3.865,2.696
1676248236.4050431,17,2.297,1.315,2.256,1.787,3.091,2.020,1.400,3.865,2.696
1676248237.4184263,41,5.112,2.743,5.013,3.883,7.028,4.443,2.949,8.893,6.074
1676248238.4388626,40,5.012,2.701,4.915,3.813,6.881,4.359,2.902,8.701,5.951
1676248239.4670155,37,4.676,2.538,4.586,3.567,6.405,4.073,2.724,8.088,5.544
1676248240.4783678,37,4.690,2.552,4.600,3.581,6.419,4.087,2.738,8.103,5.559
1676248241.5019264,36,4.585,2.505,4.498,3.506,6.267,3.998,2.686,7.905,5.430
1676248242.5140994,35,4.478,2.456,4.393,3.429,6.113,3.907,2.631,7.706,5.299
1676248243.5252085,35,4.486,2.464,4.401,3.437,6.122,3.915,2.640,7.714,5.308
1676248244.5507412,34,4.375,2.411,4.293,3.357,5.964,3.821,2.582,7.511,5.174
1676248245.553601,34,4.381,2.416,4.298,3.362,5.970,3.826,2.587,7.516,5.179
1676248246.5662663,33,4.267,2.361,4.187,3.278,5.809,3.729,2.526,7.311,5.042
1676248247.578291,32,4.152,2.303,4.075,3.193,5.648,3.630,2.464,7.104,4.903
1676248248.597457,32,4.153,2.304,4.075,3.194,5.648,3.631,2.465,7.104,4.904
1676248249.6348815,30,3.918,2.184,3.845,3.019,5.320,3.428,2.335,6.685,4.622
1676248250.6470027,30,3.914,2.181,3.842,3.015,5.316,3.425,2.332,6.681,4.619
1676248251.709824,31,4.029,2.238,3.954,3.100,5.478,3.523,2.394,6.888,4.757
1676248252.7793841,36,4.614,2.534,4.527,3.535,6.296,4.027,2.715,7.934,5.459
1676248253.8027122,36,4.616,2.537,4.529,3.538,6.299,4.029,2.717,7.937,5.462
1676248254.8314426,35,4.502,2.480,4.417,3.453,6.138,3.931,2.656,7.730,5.324
1676248255.8504012,35,4.503,2.481,4.418,3.454,6.139,3.932,2.657,7.731,5.325
1676248256.886222,33,4.270,2.363,4.190,3.281,5.812,3.732,2.529,7.314,5.045
1676248257.9077337,31,4.035,2.244,3.960,3.106,5.484,3.529,2.400,6.894,4.763
1676248258.9185758,31,4.033,2.242,3.958,3.104,5.482,3.527,2.398,6.892,4.761
1676248259.9385524,30,3.913,2.180,3.841,3.014,5.315,3.424,2.331,6.680,4.618
1676248260.9493883,29,3.793,2.117,3.723,2.924,5.148,3.320,2.263,6.467,4.474
1676248261.9698415,27,3.554,1.994,3.489,2.745,4.816,3.114,2.130,6.044,4.188
1676248262.9724355,27,3.549,1.989,3.483,2.740,4.811,3.109,2.124,6.039,4.183
1676248263.9833567,26,3.427,1.925,3.364,2.648,4.642,3.003,2.055,5.825,4.037
1676248264.994728,25,3.303,1.859,3.243,2.554,4.472,2.896,1.985,5.609,3.890
1676248266.0083938,25,3.297,1.852,3.236,2.548,4.465,2.889,1.978,5.603,3.884
1676248267.0214,26,3.409,1.907,3.346,2.630,4.624,2.985,2.037,5.807,4.019
1676248268.0460258,25,3.287,1.843,3.227,2.538,4.456,2.880,1.968,5.593,3.874
1676248269.0738678,25,3.283,1.839,3.223,2.534,4.451,2.875,1.964,5.589,3.870
1676248270.1192336,24,3.163,1.776,3.105,2.444,4.284,2.771,1.897,5.376,3.726
1676248271.1384914,24,3.159,1.773,3.101,2.440,4.281,2.768,1.893,5.373,3.723
1676248272.1529083,25,3.274,1.829,3.213,2.525,4.442,2.866,1.955,5.580,3.861
1676248273.164903,24,3.155,1.769,3.097,2.436,4.277,2.764,1.889,5.369,3.719
1676248274.1759143,24,3.153,1.766,3.095,2.434,4.275,2.762,1.887,5.366,3.716
1676248275.1974359,23,3.034,1.705,2.978,2.344,4.109,2.659,1.820,5.155,3.574
1676248276.2087512,23,3.031,1.702,2.975,2.342,4.106,2.656,1.817,5.152,3.571
1676248277.229129,22,2.911,1.640,2.858,2.252,3.939,2.553,1.751,4.940,3.428
1676248278.2406235,21,2.792,1.578,2.741,2.162,3.773,2.449,1.684,4.728,3.285
1676248279.2587495,21,2.789,1.575,2.738,2.159,3.770,2.446,1.681,4.725,3.282
1676248280.2788043,23,3.020,1.691,2.964,2.331,4.095,2.645,1.807,5.141,3.560
1676248281.3050404,23,3.018,1.690,2.963,2.329,4.093,2.643,1.805,5.140,3.558
1676248282.3546844,23,3.017,1.689,2.962,2.328,4.092,2.642,1.804,5.139,3.557
1676248283.4027488,27,3.486,1.926,3.420,2.677,4.748,3.046,2.062,5.976,4.120
1676248284.4139192,26,3.371,1.869,3.308,2.592,4.586,2.947,2.000,5.769,3.982
1676248285.416756,26,3.374,1.872,3.311,2.595,4.589,2.950,2.003,5.772,3.985
1676248286.4344385,26,3.377,1.875,3.314,2.598,4.592,2.953,2.005,5.775,3.987
1676248287.4585993,28,3.614,1.997,3.546,2.775,4.923,3.158,2.137,6.197,4.272
1676248288.4827728,28,3.618,2.000,3.550,2.779,4.926,3.161,2.141,6.200,4.275
1676248289.5024242,26,3.387,1.885,3.324,2.608,4.602,2.963,2.015,5.785,3.997
1676248290.5147128,25,3.272,1.828,3.211,2.523,4.440,2.864,1.953,5.578,3.859
1676248291.5353696,23,3.038,1.709,2.982,2.349,4.113,2.663,1.825,5.159,3.578
1676248292.5481312,22,2.920,1.649,2.867,2.261,3.948,2.561,1.760,4.949,3.437
1676248293.5690455,22,2.918,1.647,2.865,2.259,3.946,2.559,1.757,4.947,3.435
1676248294.5850596,24,3.150,1.763,3.092,2.431,4.271,2.758,1.884,5.363,3.713
1676248295.6089013,23,3.031,1.703,2.976,2.342,4.106,2.656,1.818,5.153,3.571
1676248296.6214507,23,3.028,1.700,2.973,2.339,4.103,2.653,1.815,5.150,3.568
1676248297.6257381,24,3.143,1.757,3.085,2.424,4.265,2.752,1.877,5.357,3.707
1676248298.638462,23,3.024,1.695,2.968,2.334,4.099,2.649,1.810,5.145,3.564
1676248299.664407,23,3.022,1.693,2.966,2.333,4.097,2.647,1.809,5.143,3.562
1676248300.685995,24,3.138,1.751,3.080,2.419,4.260,2.747,1.872,5.352,3.701
1676248301.6993585,24,3.138,1.751,3.079,2.418,4.259,2.746,1.872,5.351,3.701
1676248302.703393,25,3.255,1.811,3.194,2.506,4.423,2.847,1.936,5.561,3.842
1676248303.7328844,22,2.905,1.634,2.852,2.246,3.933,2.546,1.745,4.934,3.422
1676248304.73565,22,2.906,1.635,2.852,2.246,3.934,2.547,1.745,4.935,3.422
1676248305.738336,22,2.905,1.634,2.852,2.246,3.933,2.546,1.745,4.934,3.422
1676248306.7504268,22,2.905,1.634,2.852,2.246,3.934,2.547,1.745,4.934,3.422
1676248307.774777,21,2.788,1.575,2.738,2.159,3.770,2.446,1.681,4.725,3.281
1676248308.8029583,21,2.788,1.575,2.738,2.159,3.770,2.446,1.681,4.725,3.282
1676248309.8752847,24,3.140,1.754,3.082,2.421,4.262,2.749,1.874,5.354,3.704
1676248310.9473872,27,3.494,1.934,3.429,2.685,4.756,3.054,2.070,5.985,4.128
1676248311.950435,27,3.498,1.939,3.433,2.689,4.760,3.058,2.074,5.989,4.132
1676248312.9778388,27,3.502,1.942,3.437,2.693,4.764,3.062,2.078,5.993,4.136
1676248313.9926026,29,3.741,2.066,3.671,2.872,5.097,3.268,2.211,6.416,4.422
1676248315.00412,28,3.629,2.012,3.562,2.790,4.938,3.173,2.152,6.212,4.287
1676248316.0262437,26,3.399,1.897,3.336,2.620,4.614,2.975,2.027,5.797,4.009
1676248317.0469823,26,3.401,1.899,3.338,2.622,4.616,2.977,2.030,5.799,4.011
1676248318.0875,24,3.169,1.782,3.110,2.449,4.290,2.777,1.903,5.382,3.732
1676248319.0999503,24,3.169,1.782,3.111,2.450,4.291,2.778,1.903,5.383,3.732
1676248320.1045847,25,3.286,1.842,3.225,2.537,4.454,2.878,1.967,5.592,3.873
1676248321.1182714,24,3.168,1.782,3.110,2.449,4.290,2.777,1.902,5.382,3.732
1676248322.1214662,24,3.168,1.781,3.109,2.448,4.289,2.776,1.902,5.381,3.731
1676248323.1345327,24,3.166,1.779,3.108,2.447,4.288,2.775,1.900,5.380,3.729
1676248324.1480212,24,3.164,1.778,3.106,2.445,4.286,2.773,1.898,5.378,3.728
1676248325.1612778,24,3.163,1.776,3.105,2.444,4.285,2.772,1.897,5.376,3.726
1676248326.1865525,23,3.045,1.716,2.989,2.355,4.119,2.670,1.831,5.166,3.585
1676248327.189608,23,3.043,1.714,2.987,2.354,4.118,2.668,1.830,5.164,3.583
1676248328.2281144,23,3.042,1.713,2.986,2.353,4.117,2.667,1.828,5.163,3.582
1676248329.2571554,26,3.393,1.890,3.330,2.613,4.608,2.969,2.021,5.791,4.003
1676248330.2682655,25,3.277,1.833,3.216,2.528,4.445,2.869,1.958,5.583,3.864
1676248331.2711685,25,3.278,1.834,3.218,2.529,4.447,2.871,1.960,5.584,3.865
1676248332.2836747,25,3.280,1.835,3.219,2.530,4.448,2.872,1.961,5.585,3.866
1676248333.2957187,26,3.398,1.896,3.335,2.619,4.613,2.974,2.027,5.796,4.009
1676248334.31023,27,3.518,1.958,3.452,2.709,4.780,3.077,2.093,6.008,4.152
1676248335.313688,28,3.638,2.020,3.570,2.799,4.946,3.181,2.161,6.220,4.295
1676248336.3449748,25,3.289,1.845,3.229,2.540,4.458,2.882,1.970,5.595,3.876
1676248337.3638346,25,3.290,1.845,3.229,2.540,4.458,2.882,1.971,5.595,3.876
1676248338.3867407,25,3.291,1.847,3.230,2.542,4.459,2.883,1.972,5.597,3.878
1676248339.3984363,25,3.291,1.847,3.231,2.542,4.460,2.884,1.973,5.597,3.878
1676248340.4243135,26,3.409,1.907,3.346,2.630,4.624,2.985,2.038,5.807,4.020
1676248341.4565506,26,3.410,1.908,3.347,2.631,4.625,2.986,2.039,5.808,4.020
1676248342.4816515,26,3.411,1.909,3.348,2.632,4.626,2.987,2.039,5.809,4.021
1676248343.5262194,29,3.763,2.088,3.693,2.894,5.118,3.290,2.233,6.438,4.444
