1676232110.7491121,1,None,None,None,None,None,None,None,None,None
1676232111.9192636,1,None,None,None,None,None,None,None,None,None
1676232112.9344482,40,None,None,None,None,None,None,None,None,None
1676232113.955265,37,None,None,None,None,None,None,None,None,None
1676232114.9666588,37,None,None,None,None,None,None,None,None,None
1676232115.9845357,36,None,None,None,None,None,None,None,None,None
1676232116.9932308,35,None,None,None,None,None,None,None,None,None
1676232118.005004,35,None,None,None,None,None,None,None,None,None
1676232119.0254915,34,None,None,None,None,None,None,None,None,None
1676232120.0283015,34,None,None,None,None,None,None,None,None,None
1676232121.039267,33,None,None,None,None,None,None,None,None,None
1676232122.0511985,32,None,None,None,None,None,None,None,None,None
1676232123.0658603,32,None,None,None,None,None,None,None,None,None
1676232124.0992835,30,None,None,None,None,None,None,None,None,None
1676232125.11057,30,None,None,None,None,None,None,None,None,None
1676232126.177367,31,None,None,None,None,None,None,None,None,None
1676232127.245088,36,None,None,None,None,None,None,None,None,None
1676232128.2612903,36,None,None,None,None,None,None,None,None,None
1676232129.287028,35,None,None,None,None,None,None,None,None,None
1676232130.3021376,35,None,None,None,None,None,None,None,None,None
1676232131.3365777,33,None,None,None,None,None,None,None,None,None
1676232132.3554606,31,None,None,None,None,None,None,None,None,None
1676232133.3660872,31,None,None,None,None,None,None,None,None,None
1676232134.384111,30,None,None,None,None,None,None,None,None,None
1676232135.3949869,29,None,None,None,None,None,None,None,None,None
1676232136.414713,27,None,None,None,None,None,None,None,None,None
1676232137.4175706,27,None,None,None,None,None,None,None,None,None
1676232138.4269903,26,None,None,None,None,None,None,None,None,None
1676232139.4379618,25,None,None,None,None,None,None,None,None,None
1676232140.4473574,25,None,None,None,None,None,None,None,None,None
1676232141.4539738,26,None,None,None,None,None,None,None,None,None
1676232142.475008,25,None,None,None,None,None,None,None,None,None
1676232143.4991775,25,None,None,None,None,None,None,None,None,None
1676232144.5405016,24,None,None,None,None,None,None,None,None,None
1676232145.5568585,24,None,None,None,None,None,None,None,None,None
1676232146.5672436,25,None,None,None,None,None,None,None,None,None
1676232147.5778296,24,None,None,None,None,None,None,None,None,None
1676232148.587821,24,None,None,None,None,None,None,None,None,None
1676232149.6070068,23,None,None,None,None,None,None,None,None,None
1676232150.616875,23,None,None,None,None,None,None,None,None,None
1676232151.6384013,22,None,None,None,None,None,None,None,None,None
1676232152.6486833,21,None,None,None,None,None,None,None,None,None
1676232153.6658535,21,None,None,None,None,None,None,None,None,None
1676232154.682071,23,None,None,None,None,None,None,None,None,None
1676232155.701555,23,None,None,None,None,None,None,None,None,None
1676232156.744193,23,None,None,None,None,None,None,None,None,None
1676232157.7947824,27,None,None,None,None,None,None,None,None,None
1676232158.8052478,26,None,None,None,None,None,None,None,None,None
1676232159.8078997,26,None,None,None,None,None,None,None,None,None
1676232160.8253732,26,None,None,None,None,None,None,None,None,None
1676232161.841596,28,None,None,None,None,None,None,None,None,None
1676232162.8602211,28,None,None,None,None,None,None,None,None,None
1676232163.8799407,26,None,None,None,None,None,None,None,None,None
1676232164.8910131,25,None,None,None,None,None,None,None,None,None
1676232165.9088404,23,None,None,None,None,None,None,None,None,None
1676232166.9193683,22,None,None,None,None,None,None,None,None,None
1676232167.9353006,22,None,None,None,None,None,None,None,None,None
1676232168.946396,24,None,None,None,None,None,None,None,None,None
1676232169.9674356,23,None,None,None,None,None,None,None,None,None
1676232170.977178,23,None,None,None,None,None,None,None,None,None
1676232171.9811645,24,None,None,None,None,None,None,None,None,None
1676232172.9919212,23,None,None,None,None,None,None,None,None,None
1676232174.0124707,23,None,None,None,None,None,None,None,None,None
1676232175.0324628,24,None,None,None,None,None,None,None,None,None
1676232176.0416524,24,None,None,None,None,None,None,None,None,None
1676232177.0463862,25,None,None,None,None,None,None,None,None,None
1676232178.0743403,22,None,None,None,None,None,None,None,None,None
1676232179.0770862,22,None,None,None,None,None,None,None,None,None
1676232180.0791938,22,None,None,None,None,None,None,None,None,None
1676232181.0872068,22,None,None,None,None,None,None,None,None,None
1676232182.1071815,21,None,None,None,None,None,None,None,None,None
1676232183.1291528,21,None,None,None,None,None,None,None,None,None
1676232184.1817715,24,None,None,None,None,None,None,None,None,None
1676232185.2535145,27,None,None,None,None,None,None,None,None,None
1676232186.2560453,27,None,None,None,None,None,None,None,None,None
1676232187.2820418,27,None,None,None,None,None,None,None,None,None
1676232188.2912467,29,None,None,None,None,None,None,None,None,None
1676232189.3013177,28,None,None,None,None,None,None,None,None,None
1676232190.3191702,26,None,None,None,None,None,None,None,None,None
1676232191.335374,26,None,None,None,None,None,None,None,None,None
1676232192.36565,24,None,None,None,None,None,None,None,None,None
1676232193.3753643,24,None,None,None,None,None,None,None,None,None
1676232194.3793314,25,None,None,None,None,None,None,None,None,None
1676232195.3898673,24,None,None,None,None,None,None,None,None,None
1676232196.392714,24,None,None,None,None,None,None,None,None,None
1676232197.4015849,24,None,None,None,None,None,None,None,None,None
1676232198.4138734,24,None,None,None,None,None,None,None,None,None
1676232199.4238055,24,None,None,None,None,None,None,None,None,None
1676232200.4443564,23,None,None,None,None,None,None,None,None,None
1676232201.4472585,23,None,None,None,None,None,None,None,None,None
1676232202.4753733,23,None,None,None,None,None,None,None,None,None
1676232203.503772,26,None,None,None,None,None,None,None,None,None
1676232204.5142493,25,None,None,None,None,None,None,None,None,None
1676232205.5170786,25,None,None,None,None,None,None,None,None,None
1676232206.5269346,25,None,None,None,None,None,None,None,None,None
1676232207.5374742,26,None,None,None,None,None,None,None,None,None
1676232208.5447183,27,None,None,None,None,None,None,None,None,None
1676232209.5495563,28,None,None,None,None,None,None,None,None,None
1676232210.5768,25,None,None,None,None,None,None,None,None,None
1676232211.59515,25,None,None,None,None,None,None,None,None,None
1676232212.614659,25,None,None,None,None,None,None,None,None,None
1676232213.6253781,25,None,None,None,None,None,None,None,None,None
1676232214.6486418,26,None,None,None,None,None,None,None,None,None
1676232215.6753476,26,None,None,None,None,None,None,None,None,None
1676232216.695398,26,None,None,None,None,None,None,None,None,None
1676232217.7311237,29,None,None,None,None,None,None,None,None,None
1676232218.7896833,29,None,None,None,None,None,None,None,None,None
1676232219.792387,29,None,None,None,None,None,None,None,None,None
1676232220.8189206,29,None,None,None,None,None,None,None,None,None
1676232221.8233545,33,None,None,None,None,None,None,None,None,None
1676232222.826171,33,None,None,None,None,None,None,None,None,None
1676232223.8543167,30,None,None,None,None,None,None,None,None,None
1676232224.8571439,30,None,None,None,None,None,None,None,None,None
1676232225.8598187,30,None,None,None,None,None,None,None,None,None
1676232226.8717604,29,None,None,None,None,None,None,None,None,None
1676232227.882101,28,None,None,None,None,None,None,None,None,None
1676232228.8915017,28,None,None,None,None,None,None,None,None,None
1676232229.9041946,28,None,None,None,None,None,None,None,None,None
1676232230.9240081,28,None,None,None,None,None,None,None,None,None
1676232231.9288993,30,None,None,None,None,None,None,None,None,None
1676232232.961925,30,None,None,None,None,None,None,None,None,None
1676232233.994941,32,None,None,None,None,None,None,None,None,None
1676232235.006246,32,None,None,None,None,None,None,None,None,None
1676232236.0334935,30,None,None,None,None,None,None,None,None,None
1676232237.0509021,30,None,None,None,None,None,None,None,None,None
1676232238.0548415,32,None,None,None,None,None,None,None,None,None
1676232239.0576174,32,None,None,None,None,None,None,None,None,None
1676232240.0683997,31,None,None,None,None,None,None,None,None,None
1676232241.0712447,31,None,None,None,None,None,None,None,None,None
1676232242.081536,31,20.5299,16.9464,18.9031,11.9678,12.7316,13.6846,13.9360,15.8814,22.9207
1676232243.093938,31,20.5299,16.9464,18.9031,11.9678,12.7316,13.6846,13.9360,15.8814,22.9207
1676232244.111343,31,20.5299,16.9464,18.9031,11.9678,12.7316,13.6846,13.9360,15.8814,22.9207
1676232245.1407402,30,20.5299,16.9464,18.9031,11.9678,12.7316,13.6846,13.9360,15.8814,22.9207
1676232246.1507285,30,20.5299,16.9464,18.9031,11.9678,12.7316,13.6846,13.9360,15.8814,22.9207
1676232247.1771193,31,20.5299,16.9464,18.9031,11.9678,12.7316,13.6846,13.9360,15.8814,22.9207
1676232248.2336473,35,20.5299,16.9464,18.9031,11.9678,12.7316,13.6846,13.9360,15.8814,22.9207
1676232249.2935758,39,20.5299,16.9464,18.9031,11.9678,12.7316,13.6846,13.9360,15.8814,22.9207
1676232250.2964318,39,20.5299,16.9464,18.9031,11.9678,12.7316,13.6846,13.9360,15.8814,22.9207
1676232251.337147,34,20.5299,16.9464,18.9031,11.9678,12.7316,13.6846,13.9360,15.8814,22.9207
1676232252.3392632,34,20.5299,16.9464,18.9031,11.9678,12.7316,13.6846,13.9360,15.8814,22.9207
1676232253.350114,34,20.5299,16.9464,18.9031,11.9678,12.7316,13.6846,13.9360,15.8814,22.9207
1676232254.3706362,33,20.5299,16.9464,18.9031,11.9678,12.7316,13.6846,13.9360,15.8814,22.9207
1676232255.3873713,33,20.5299,16.9464,18.9031,11.9678,12.7316,13.6846,13.9360,15.8814,22.9207
1676232256.3915815,35,20.5299,16.9464,18.9031,11.9678,12.7316,13.6846,13.9360,15.8814,22.9207
1676232257.4082086,35,20.5299,16.9464,18.9031,11.9678,12.7316,13.6846,13.9360,15.8814,22.9207
1676232258.4357007,34,20.5299,16.9464,18.9031,11.9678,12.7316,13.6846,13.9360,15.8814,22.9207
1676232259.4384413,34,20.5299,16.9464,18.9031,11.9678,12.7316,13.6846,13.9360,15.8814,22.9207
1676232260.450328,34,20.5299,16.9464,18.9031,11.9678,12.7316,13.6846,13.9360,15.8814,22.9207
1676232261.4696708,35,20.5299,16.9464,18.9031,11.9678,12.7316,13.6846,13.9360,15.8814,22.9207
1676232262.4811015,36,20.5299,16.9464,18.9031,11.9678,12.7316,13.6846,13.9360,15.8814,22.9207
1676232263.5072274,36,20.5299,16.9464,18.9031,11.9678,12.7316,13.6846,13.9360,15.8814,22.9207
1676232264.5403562,37,20.5299,16.9464,18.9031,11.9678,12.7316,13.6846,13.9360,15.8814,22.9207
1676232265.5590675,37,20.5299,16.9464,18.9031,11.9678,12.7316,13.6846,13.9360,15.8814,22.9207
1676232266.5772364,37,20.5299,16.9464,18.9031,11.9678,12.7316,13.6846,13.9360,15.8814,22.9207
1676232267.5979156,35,20.5299,16.9464,18.9031,11.9678,12.7316,13.6846,13.9360,15.8814,22.9207
1676232268.6213622,35,20.5299,16.9464,18.9031,11.9678,12.7316,13.6846,13.9360,15.8814,22.9207
1676232269.6402097,36,20.5299,16.9464,18.9031,11.9678,12.7316,13.6846,13.9360,15.8814,22.9207
1676232270.6602263,36,20.5299,16.9464,18.9031,11.9678,12.7316,13.6846,13.9360,15.8814,22.9207
1676232271.6739051,37,20.5299,16.9464,18.9031,11.9678,12.7316,13.6846,13.9360,15.8814,22.9207
1676232272.694082,35,20.5299,16.9464,18.9031,11.9678,12.7316,13.6846,13.9360,15.8814,22.9207
1676232273.7092857,35,20.5299,16.9464,18.9031,11.9678,12.7316,13.6846,13.9360,15.8814,22.9207
1676232274.7267032,35,20.5299,16.9464,18.9031,11.9678,12.7316,13.6846,13.9360,15.8814,22.9207
1676232275.748689,35,20.5299,16.9464,18.9031,11.9678,12.7316,13.6846,13.9360,15.8814,22.9207
1676232276.76064,37,20.5299,16.9464,18.9031,11.9678,12.7316,13.6846,13.9360,15.8814,22.9207
1676232277.7807927,37,20.5299,16.9464,18.9031,11.9678,12.7316,13.6846,13.9360,15.8814,22.9207
1676232278.818859,39,20.5299,16.9464,18.9031,11.9678,12.7316,13.6846,13.9360,15.8814,22.9207
1676232279.8734531,42,20.5299,16.9464,18.9031,11.9678,12.7316,13.6846,13.9360,15.8814,22.9207
1676232280.8752744,42,20.5299,16.9464,18.9031,11.9678,12.7316,13.6846,13.9360,15.8814,22.9207
1676232281.878007,42,20.5299,16.9464,18.9031,11.9678,12.7316,13.6846,13.9360,15.8814,22.9207
1676232282.8809836,42,20.5299,16.9464,18.9031,11.9678,12.7316,13.6846,13.9360,15.8814,22.9207
1676232283.892458,42,20.5299,16.9464,18.9031,11.9678,12.7316,13.6846,13.9360,15.8814,22.9207
1676232284.9131825,41,20.5299,16.9464,18.9031,11.9678,12.7316,13.6846,13.9360,15.8814,22.9207
1676232285.9301112,41,20.5299,16.9464,18.9031,11.9678,12.7316,13.6846,13.9360,15.8814,22.9207
1676232286.9412022,42,20.5299,16.9464,18.9031,11.9678,12.7316,13.6846,13.9360,15.8814,22.9207
1676232287.9534779,41,20.5299,16.9464,18.9031,11.9678,12.7316,13.6846,13.9360,15.8814,22.9207
1676232288.9632545,40,20.5299,16.9464,18.9031,11.9678,12.7316,13.6846,13.9360,15.8814,22.9207
1676232289.9723926,40,20.5299,16.9464,18.9031,11.9678,12.7316,13.6846,13.9360,15.8814,22.9207
1676232290.9792967,41,20.5299,16.9464,18.9031,11.9678,12.7316,13.6846,13.9360,15.8814,22.9207
1676232291.9905472,41,20.5299,16.9464,18.9031,11.9678,12.7316,13.6846,13.9360,15.8814,22.9207
1676232293.007351,41,20.5299,16.9464,18.9031,11.9678,12.7316,13.6846,13.9360,15.8814,22.9207
1676232294.0305176,43,20.5299,16.9464,18.9031,11.9678,12.7316,13.6846,13.9360,15.8814,22.9207
1676232295.0658576,42,20.5299,16.9464,18.9031,11.9678,12.7316,13.6846,13.9360,15.8814,22.9207
1676232296.0891688,42,20.5299,16.9464,18.9031,11.9678,12.7316,13.6846,13.9360,15.8814,22.9207
1676232297.1292725,40,20.5299,16.9464,18.9031,11.9678,12.7316,13.6846,13.9360,15.8814,22.9207
1676232298.158713,40,20.5299,16.9464,18.9031,11.9678,12.7316,13.6846,13.9360,15.8814,22.9207
1676232299.1751628,43,20.5299,16.9464,18.9031,11.9678,12.7316,13.6846,13.9360,15.8814,22.9207
1676232300.2011194,40,20.5299,16.9464,18.9031,11.9678,12.7316,13.6846,13.9360,15.8814,22.9207
1676232301.2276096,40,20.5299,16.9464,18.9031,11.9678,12.7316,13.6846,13.9360,15.8814,22.9207
1676232302.25496,41,20.5299,16.9464,18.9031,11.9678,12.7316,13.6846,13.9360,15.8814,22.9207
1676232303.2829845,41,20.5299,16.9464,18.9031,11.9678,12.7316,13.6846,13.9360,15.8814,22.9207
1676232304.3112166,42,20.5299,16.9464,18.9031,11.9678,12.7316,13.6846,13.9360,15.8814,22.9207
1676232305.321287,41,20.5299,16.9464,18.9031,11.9678,12.7316,13.6846,13.9360,15.8814,22.9207
1676232306.3313224,41,20.5299,16.9464,18.9031,11.9678,12.7316,13.6846,13.9360,15.8814,22.9207
1676232307.3439846,42,20.5299,16.9464,18.9031,11.9678,12.7316,13.6846,13.9360,15.8814,22.9207
1676232308.3553317,43,20.5299,16.9464,18.9031,11.9678,12.7316,13.6846,13.9360,15.8814,22.9207
1676232309.3972175,44,20.5299,16.9464,18.9031,11.9678,12.7316,13.6846,13.9360,15.8814,22.9207
1676232310.4466822,46,20.5299,16.9464,18.9031,11.9678,12.7316,13.6846,13.9360,15.8814,22.9207
1676232311.4495282,46,20.5299,16.9464,18.9031,11.9678,12.7316,13.6846,13.9360,15.8814,22.9207
1676232312.4684908,44,20.5299,16.9464,18.9031,11.9678,12.7316,13.6846,13.9360,15.8814,22.9207
1676232313.4873648,44,20.5299,16.9464,18.9031,11.9678,12.7316,13.6846,13.9360,15.8814,22.9207
1676232314.499754,45,20.5299,16.9464,18.9031,11.9678,12.7316,13.6846,13.9360,15.8814,22.9207
1676232315.5100496,44,20.5299,16.9464,18.9031,11.9678,12.7316,13.6846,13.9360,15.8814,22.9207
1676232316.5192513,43,20.5299,16.9464,18.9031,11.9678,12.7316,13.6846,13.9360,15.8814,22.9207
1676232317.5411496,43,20.5299,16.9464,18.9031,11.9678,12.7316,13.6846,13.9360,15.8814,22.9207
1676232318.5747976,42,20.5299,16.9464,18.9031,11.9678,12.7316,13.6846,13.9360,15.8814,22.9207
1676232319.5939896,42,20.5299,16.9464,18.9031,11.9678,12.7316,13.6846,13.9360,15.8814,22.9207
1676232320.5976927,44,20.5299,16.9464,18.9031,11.9678,12.7316,13.6846,13.9360,15.8814,22.9207
1676232321.608125,44,20.5299,16.9464,18.9031,11.9678,12.7316,13.6846,13.9360,15.8814,22.9207
1676232322.6112561,45,20.5299,16.9464,18.9031,11.9678,12.7316,13.6846,13.9360,15.8814,22.9207
1676232323.6139312,45,20.5299,16.9464,18.9031,11.9678,12.7316,13.6846,13.9360,15.8814,22.9207
1676232324.639063,45,20.5299,16.9464,18.9031,11.9678,12.7316,13.6846,13.9360,15.8814,22.9207
1676232325.6886744,43,20.5299,16.9464,18.9031,11.9678,12.7316,13.6846,13.9360,15.8814,22.9207
1676232326.7108583,43,20.5299,16.9464,18.9031,11.9678,12.7316,13.6846,13.9360,15.8814,22.9207
1676232327.7335477,44,20.5299,16.9464,18.9031,11.9678,12.7316,13.6846,13.9360,15.8814,22.9207
1676232328.7364302,44,20.5299,16.9464,18.9031,11.9678,12.7316,13.6846,13.9360,15.8814,22.9207
1676232329.747142,44,20.5299,16.9464,18.9031,11.9678,12.7316,13.6846,13.9360,15.8814,22.9207
1676232330.7580454,44,20.5299,16.9464,18.9031,11.9678,12.7316,13.6846,13.9360,15.8814,22.9207
1676232331.7818303,44,20.5299,16.9464,18.9031,11.9678,12.7316,13.6846,13.9360,15.8814,22.9207
1676232332.793303,46,20.5299,16.9464,18.9031,11.9678,12.7316,13.6846,13.9360,15.8814,22.9207
1676232333.8014896,45,20.5299,16.9464,18.9031,11.9678,12.7316,13.6846,13.9360,15.8814,22.9207
1676232334.8113337,45,20.5299,16.9464,18.9031,11.9678,12.7316,13.6846,13.9360,15.8814,22.9207
1676232335.8232656,45,20.5299,16.9464,18.9031,11.9678,12.7316,13.6846,13.9360,15.8814,22.9207
1676232336.856114,45,20.5299,16.9464,18.9031,11.9678,12.7316,13.6846,13.9360,15.8814,22.9207
1676232337.8902988,47,20.5299,16.9464,18.9031,11.9678,12.7316,13.6846,13.9360,15.8814,22.9207
1676232338.914381,47,20.5299,16.9464,18.9031,11.9678,12.7316,13.6846,13.9360,15.8814,22.9207
1676232339.979113,50,20.5299,16.9464,18.9031,11.9678,12.7316,13.6846,13.9360,15.8814,22.9207
1676232341.0208342,58,20.5299,16.9464,18.9031,11.9678,12.7316,13.6846,13.9360,15.8814,22.9207
1676232342.0390415,56,20.5299,16.9464,18.9031,11.9678,12.7316,13.6846,13.9360,15.8814,22.9207
1676232343.0949535,56,20.5299,16.9464,18.9031,11.9678,12.7316,13.6846,13.9360,15.8814,22.9207
1676232344.1386669,60,20.5299,16.9464,18.9031,11.9678,12.7316,13.6846,13.9360,15.8814,22.9207
1676232345.1725657,56,20.5299,16.9464,18.9031,11.9678,12.7316,13.6846,13.9360,15.8814,22.9207
1676232346.2052476,52,20.5299,16.9464,18.9031,11.9678,12.7316,13.6846,13.9360,15.8814,22.9207
1676232347.2326815,52,20.5299,16.9464,18.9031,11.9678,12.7316,13.6846,13.9360,15.8814,22.9207
1676232348.2672856,51,20.5299,16.9464,18.9031,11.9678,12.7316,13.6846,13.9360,15.8814,22.9207
1676232349.2780106,50,20.5299,16.9464,18.9031,11.9678,12.7316,13.6846,13.9360,15.8814,22.9207
1676232350.2968261,50,20.5299,16.9464,18.9031,11.9678,12.7316,13.6846,13.9360,15.8814,22.9207
1676232351.3003423,52,20.5299,16.9464,18.9031,11.9678,12.7316,13.6846,13.9360,15.8814,22.9207
1676232352.3338954,48,20.5299,16.9464,18.9031,11.9678,12.7316,13.6846,13.9360,15.8814,22.9207
1676232353.3455188,48,20.5299,16.9464,18.9031,11.9678,12.7316,13.6846,13.9360,15.8814,22.9207
1676232354.349207,49,20.5299,16.9464,18.9031,11.9678,12.7316,13.6846,13.9360,15.8814,22.9207
1676232355.3730807,49,20.5299,16.9464,18.9031,11.9678,12.7316,13.6846,13.9360,15.8814,22.9207
1676232356.3991866,49,20.5299,16.9464,18.9031,11.9678,12.7316,13.6846,13.9360,15.8814,22.9207
1676232357.4018507,49,20.5299,16.9464,18.9031,11.9678,12.7316,13.6846,13.9360,15.8814,22.9207
1676232358.412504,48,20.5299,16.9464,18.9031,11.9678,12.7316,13.6846,13.9360,15.8814,22.9207
1676232359.4156377,48,20.5299,16.9464,18.9031,11.9678,12.7316,13.6846,13.9360,15.8814,22.9207
1676232360.441087,45,20.5299,16.9464,18.9031,11.9678,12.7316,13.6846,13.9360,15.8814,22.9207
1676232361.466245,45,20.5299,16.9464,18.9031,11.9678,12.7316,13.6846,13.9360,15.8814,22.9207
1676232362.4776227,48,20.5299,16.9464,18.9031,11.9678,12.7316,13.6846,13.9360,15.8814,22.9207
1676232363.5032537,46,20.5299,16.9464,18.9031,11.9678,12.7316,13.6846,13.9360,15.8814,22.9207
1676232364.5138824,45,20.5299,16.9464,18.9031,11.9678,12.7316,13.6846,13.9360,15.8814,22.9207
1676232365.516591,45,20.5299,16.9464,18.9031,11.9678,12.7316,13.6846,13.9360,15.8814,22.9207
1676232366.5504336,41,20.5299,16.9464,18.9031,11.9678,12.7316,13.6846,13.9360,15.8814,22.9207
1676232367.5735507,41,20.5299,16.9464,18.9031,11.9678,12.7316,13.6846,13.9360,15.8814,22.9207
1676232368.583754,44,20.5299,16.9464,18.9031,11.9678,12.7316,13.6846,13.9360,15.8814,22.9207
1676232369.5952592,43,12.7262,4.5746,17.9031,11.9678,10.7316,13.6846,12.9360,15.8814,21.9207
1676232370.6415293,43,12.7262,4.5746,17.9031,11.9678,10.7316,13.6846,12.9360,15.8814,21.9207
1676232371.7213085,43,12.7262,4.5746,17.9031,11.9678,10.7316,13.6846,12.9360,15.8814,21.9207
1676232372.7232475,43,12.7262,4.5746,17.9031,11.9678,10.7316,13.6846,12.9360,15.8814,21.9207
1676232373.7336888,42,12.7262,4.5746,17.9031,11.9678,10.7316,13.6846,12.9360,15.8814,21.9207
1676232374.7437868,42,12.7262,4.5746,17.9031,11.9678,10.7316,13.6846,12.9360,15.8814,21.9207
1676232375.7555854,43,12.7262,4.5746,17.9031,11.9678,10.7316,13.6846,12.9360,15.8814,21.9207
1676232376.7752762,42,12.7262,4.5746,17.9031,11.9678,10.7316,13.6846,12.9360,15.8814,21.9207
1676232377.7782452,42,12.7262,4.5746,17.9031,11.9678,10.7316,13.6846,12.9360,15.8814,21.9207
1676232378.7969177,40,12.7262,4.5746,17.9031,11.9678,10.7316,13.6846,12.9360,15.8814,21.9207
1676232379.8167217,40,12.7262,4.5746,17.9031,11.9678,10.7316,13.6846,12.9360,15.8814,21.9207
1676232380.8449416,39,12.7262,4.5746,17.9031,11.9678,10.7316,13.6846,12.9360,15.8814,21.9207
1676232381.8472817,39,12.7262,4.5746,17.9031,11.9678,10.7316,13.6846,12.9360,15.8814,21.9207
1676232382.8499393,39,12.7262,4.5746,17.9031,11.9678,10.7316,13.6846,12.9360,15.8814,21.9207
1676232383.860678,38,12.7262,4.5746,17.9031,11.9678,10.7316,13.6846,12.9360,15.8814,21.9207
1676232384.8709173,38,12.7262,4.5746,17.9031,11.9678,10.7316,13.6846,12.9360,15.8814,21.9207
1676232385.8926566,39,12.7262,4.5746,17.9031,11.9678,10.7316,13.6846,12.9360,15.8814,21.9207
1676232386.925075,38,12.7262,4.5746,17.9031,11.9678,10.7316,13.6846,12.9360,15.8814,21.9207
1676232387.9452827,38,12.7262,4.5746,17.9031,11.9678,10.7316,13.6846,12.9360,15.8814,21.9207
1676232388.9811227,37,12.7262,4.5746,17.9031,11.9678,10.7316,13.6846,12.9360,15.8814,21.9207
1676232390.005928,37,12.7262,4.5746,17.9031,11.9678,10.7316,13.6846,12.9360,15.8814,21.9207
1676232391.0405252,36,12.7262,4.5746,17.9031,11.9678,10.7316,13.6846,12.9360,15.8814,21.9207
1676232392.0432293,36,12.7262,4.5746,17.9031,11.9678,10.7316,13.6846,12.9360,15.8814,21.9207
1676232393.0666037,36,12.7262,4.5746,17.9031,11.9678,10.7316,13.6846,12.9360,15.8814,21.9207
1676232394.0792975,38,12.7262,4.5746,17.9031,11.9678,10.7316,13.6846,12.9360,15.8814,21.9207
1676232395.0982175,36,12.7262,4.5746,17.9031,11.9678,10.7316,13.6846,12.9360,15.8814,21.9207
1676232396.1153405,36,12.7262,4.5746,17.9031,11.9678,10.7316,13.6846,12.9360,15.8814,21.9207
1676232397.1192367,38,12.7262,4.5746,17.9031,11.9678,10.7316,13.6846,12.9360,15.8814,21.9207
1676232398.1297948,37,12.7262,4.5746,17.9031,11.9678,10.7316,13.6846,12.9360,15.8814,21.9207
1676232399.1325018,37,12.7262,4.5746,17.9031,11.9678,10.7316,13.6846,12.9360,15.8814,21.9207
1676232400.1351087,37,12.7262,4.5746,17.9031,11.9678,10.7316,13.6846,12.9360,15.8814,21.9207
1676232401.1662247,37,12.7262,4.5746,17.9031,11.9678,10.7316,13.6846,12.9360,15.8814,21.9207
1676232402.2083623,38,12.7262,4.5746,17.9031,11.9678,10.7316,13.6846,12.9360,15.8814,21.9207
1676232403.2257965,36,12.7262,4.5746,17.9031,11.9678,10.7316,13.6846,12.9360,15.8814,21.9207
1676232404.2422101,36,12.7262,4.5746,17.9031,11.9678,10.7316,13.6846,12.9360,15.8814,21.9207
1676232405.2543292,37,12.7262,4.5746,17.9031,11.9678,10.7316,13.6846,12.9360,15.8814,21.9207
1676232406.2735918,35,12.7262,4.5746,17.9031,11.9678,10.7316,13.6846,12.9360,15.8814,21.9207
1676232407.2848732,35,12.7262,4.5746,17.9031,11.9678,10.7316,13.6846,12.9360,15.8814,21.9207
1676232408.2968116,35,12.7262,4.5746,17.9031,11.9678,10.7316,13.6846,12.9360,15.8814,21.9207
1676232409.2994816,35,12.7262,4.5746,17.9031,11.9678,10.7316,13.6846,12.9360,15.8814,21.9207
1676232410.3021512,35,12.7262,4.5746,17.9031,11.9678,10.7316,13.6846,12.9360,15.8814,21.9207
1676232411.3192515,33,12.7262,4.5746,17.9031,11.9678,10.7316,13.6846,12.9360,15.8814,21.9207
1676232412.3286448,32,12.7262,4.5746,17.9031,11.9678,10.7316,13.6846,12.9360,15.8814,21.9207
1676232413.338958,32,12.7262,4.5746,17.9031,11.9678,10.7316,13.6846,12.9360,15.8814,21.9207
1676232414.3509896,32,12.7262,4.5746,17.9031,11.9678,10.7316,13.6846,12.9360,15.8814,21.9207
1676232415.3615222,32,12.7262,4.5746,17.9031,11.9678,10.7316,13.6846,12.9360,15.8814,21.9207
1676232416.3726501,33,12.7262,4.5746,17.9031,11.9678,10.7316,13.6846,12.9360,15.8814,21.9207
1676232417.3933697,32,12.7262,4.5746,17.9031,11.9678,10.7316,13.6846,12.9360,15.8814,21.9207
1676232418.4047441,32,12.7262,4.5746,17.9031,11.9678,10.7316,13.6846,12.9360,15.8814,21.9207
1676232419.4406674,29,12.7262,4.5746,17.9031,11.9678,10.7316,13.6846,12.9360,15.8814,21.9207
1676232420.4664235,29,12.7262,4.5746,17.9031,11.9678,10.7316,13.6846,12.9360,15.8814,21.9207
1676232421.487214,31,12.7262,4.5746,17.9031,11.9678,10.7316,13.6846,12.9360,15.8814,21.9207
1676232422.4899406,31,12.7262,4.5746,17.9031,11.9678,10.7316,13.6846,12.9360,15.8814,21.9207
1676232423.5011506,31,12.7262,4.5746,17.9031,11.9678,10.7316,13.6846,12.9360,15.8814,21.9207
1676232424.52904,29,12.7262,4.5746,17.9031,11.9678,10.7316,13.6846,12.9360,15.8814,21.9207
1676232425.5400546,29,12.7262,4.5746,17.9031,11.9678,10.7316,13.6846,12.9360,15.8814,21.9207
1676232426.5469992,30,12.7262,4.5746,17.9031,11.9678,10.7316,13.6846,12.9360,15.8814,21.9207
1676232427.572758,28,12.7262,4.5746,17.9031,11.9678,10.7316,13.6846,12.9360,15.8814,21.9207
1676232428.5832648,28,12.7262,4.5746,17.9031,11.9678,10.7316,13.6846,12.9360,15.8814,21.9207
1676232429.612559,27,12.7262,4.5746,17.9031,11.9678,10.7316,13.6846,12.9360,15.8814,21.9207
1676232430.6273654,27,12.7262,4.5746,17.9031,11.9678,10.7316,13.6846,12.9360,15.8814,21.9207
1676232431.6629355,29,12.7262,4.5746,17.9031,11.9678,10.7316,13.6846,12.9360,15.8814,21.9207
1676232432.7192137,29,12.7262,4.5746,17.9031,11.9678,10.7316,13.6846,12.9360,15.8814,21.9207
1676232433.721953,29,12.7262,4.5746,17.9031,11.9678,10.7316,13.6846,12.9360,15.8814,21.9207
1676232434.7340722,28,12.7262,4.5746,17.9031,11.9678,10.7316,13.6846,12.9360,15.8814,21.9207
1676232435.7533543,28,12.7262,4.5746,17.9031,11.9678,10.7316,13.6846,12.9360,15.8814,21.9207
1676232436.7552607,30,12.7262,4.5746,17.9031,11.9678,10.7316,13.6846,12.9360,15.8814,21.9207
1676232437.7580364,30,12.7262,4.5746,17.9031,11.9678,10.7316,13.6846,12.9360,15.8814,21.9207
1676232438.7783747,28,12.7262,4.5746,17.9031,11.9678,10.7316,13.6846,12.9360,15.8814,21.9207
1676232439.8174126,28,12.7262,4.5746,17.9031,11.9678,10.7316,13.6846,12.9360,15.8814,21.9207
1676232440.8622642,31,12.7262,4.5746,17.9031,11.9678,10.7316,13.6846,12.9360,15.8814,21.9207
1676232441.8827431,29,12.7262,4.5746,17.9031,11.9678,10.7316,13.6846,12.9360,15.8814,21.9207
1676232442.8987527,27,12.7262,4.5746,17.9031,11.9678,10.7316,13.6846,12.9360,15.8814,21.9207
1676232443.901467,27,12.7262,4.5746,17.9031,11.9678,10.7316,13.6846,12.9360,15.8814,21.9207
1676232444.9128246,26,12.7262,4.5746,17.9031,11.9678,10.7316,13.6846,12.9360,15.8814,21.9207
1676232445.9393454,26,12.7262,4.5746,17.9031,11.9678,10.7316,13.6846,12.9360,15.8814,21.9207
1676232446.943072,32,12.7262,4.5746,17.9031,11.9678,10.7316,13.6846,12.9360,15.8814,21.9207
1676232447.9752214,28,12.7262,4.5746,17.9031,11.9678,10.7316,13.6846,12.9360,15.8814,21.9207
1676232448.9913778,28,12.7262,4.5746,17.9031,11.9678,10.7316,13.6846,12.9360,15.8814,21.9207
1676232450.0312629,25,12.7262,4.5746,17.9031,11.9678,10.7316,13.6846,12.9360,15.8814,21.9207
1676232451.049945,25,12.7262,4.5746,17.9031,11.9678,10.7316,13.6846,12.9360,15.8814,21.9207
1676232452.0624108,26,12.7262,4.5746,17.9031,11.9678,10.7316,13.6846,12.9360,15.8814,21.9207
1676232453.074209,25,12.7262,4.5746,17.9031,11.9678,10.7316,13.6846,12.9360,15.8814,21.9207
1676232454.0768392,25,12.7262,4.5746,17.9031,11.9678,10.7316,13.6846,12.9360,15.8814,21.9207
1676232455.0870724,25,12.7262,4.5746,17.9031,11.9678,10.7316,13.6846,12.9360,15.8814,21.9207
1676232456.0992043,25,12.7262,4.5746,17.9031,11.9678,10.7316,13.6846,12.9360,15.8814,21.9207
1676232457.110199,24,12.7262,4.5746,17.9031,11.9678,10.7316,13.6846,12.9360,15.8814,21.9207
1676232458.113016,24,12.7262,4.5746,17.9031,11.9678,10.7316,13.6846,12.9360,15.8814,21.9207
1676232459.1287503,24,12.7262,4.5746,17.9031,11.9678,10.7316,13.6846,12.9360,15.8814,21.9207
1676232460.148642,24,12.7262,4.5746,17.9031,11.9678,10.7316,13.6846,12.9360,15.8814,21.9207
1676232461.1587927,24,12.7262,4.5746,17.9031,11.9678,10.7316,13.6846,12.9360,15.8814,21.9207
1676232462.175377,25,12.7262,4.5746,17.9031,11.9678,10.7316,13.6846,12.9360,15.8814,21.9207
1676232463.1952424,25,12.7262,4.5746,17.9031,11.9678,10.7316,13.6846,12.9360,15.8814,21.9207
1676232464.1980734,25,12.7262,4.5746,17.9031,11.9678,10.7316,13.6846,12.9360,15.8814,21.9207
1676232465.2241151,22,12.7262,4.5746,17.9031,11.9678,10.7316,13.6846,12.9360,15.8814,21.9207
1676232466.242916,22,12.7262,4.5746,17.9031,11.9678,10.7316,13.6846,12.9360,15.8814,21.9207
1676232467.2712536,22,12.7262,4.5746,17.9031,11.9678,10.7316,13.6846,12.9360,15.8814,21.9207
1676232468.2816906,21,12.7262,4.5746,17.9031,11.9678,10.7316,13.6846,12.9360,15.8814,21.9207
1676232469.3023746,21,12.7262,4.5746,17.9031,11.9678,10.7316,13.6846,12.9360,15.8814,21.9207
1676232470.3337443,21,12.7262,4.5746,17.9031,11.9678,10.7316,13.6846,12.9360,15.8814,21.9207
1676232471.3434985,21,12.7262,4.5746,17.9031,11.9678,10.7316,13.6846,12.9360,15.8814,21.9207
1676232472.356804,21,12.7262,4.5746,17.9031,11.9678,10.7316,13.6846,12.9360,15.8814,21.9207
1676232473.3595614,21,12.7262,4.5746,17.9031,11.9678,10.7316,13.6846,12.9360,15.8814,21.9207
1676232474.3622932,21,12.7262,4.5746,17.9031,11.9678,10.7316,13.6846,12.9360,15.8814,21.9207
1676232475.3652806,21,12.7262,4.5746,17.9031,11.9678,10.7316,13.6846,12.9360,15.8814,21.9207
1676232476.3825617,21,12.7262,4.5746,17.9031,11.9678,10.7316,13.6846,12.9360,15.8814,21.9207
1676232477.3960388,22,12.7262,4.5746,17.9031,11.9678,10.7316,13.6846,12.9360,15.8814,21.9207
1676232478.4083078,21,12.7262,4.5746,17.9031,11.9678,10.7316,13.6846,12.9360,15.8814,21.9207
1676232479.4192188,21,12.7262,4.5746,17.9031,11.9678,10.7316,13.6846,12.9360,15.8814,21.9207
1676232480.4311225,21,12.7262,4.5746,17.9031,11.9678,10.7316,13.6846,12.9360,15.8814,21.9207
1676232481.4472916,21,12.7262,4.5746,17.9031,11.9678,10.7316,13.6846,12.9360,15.8814,21.9207
1676232482.4769952,20,12.7262,4.5746,17.9031,11.9678,10.7316,13.6846,12.9360,15.8814,21.9207
1676232483.4793003,20,12.7262,4.5746,17.9031,11.9678,10.7316,13.6846,12.9360,15.8814,21.9207
1676232484.4992654,18,12.7262,4.5746,17.9031,11.9678,10.7316,13.6846,12.9360,15.8814,21.9207
1676232485.5166042,18,12.7262,4.5746,17.9031,11.9678,10.7316,13.6846,12.9360,15.8814,21.9207
1676232486.5204895,20,12.7262,4.5746,17.9031,11.9678,10.7316,13.6846,12.9360,15.8814,21.9207
1676232487.5324056,19,12.7262,4.5746,17.9031,11.9678,10.7316,13.6846,12.9360,15.8814,21.9207
1676232488.5351114,19,12.7262,4.5746,17.9031,11.9678,10.7316,13.6846,12.9360,15.8814,21.9207
1676232489.5379894,19,12.7262,4.5746,17.9031,11.9678,10.7316,13.6846,12.9360,15.8814,21.9207
1676232490.554678,19,12.7262,4.5746,17.9031,11.9678,10.7316,13.6846,12.9360,15.8814,21.9207
1676232491.5663216,21,12.7262,4.5746,17.9031,11.9678,10.7316,13.6846,12.9360,15.8814,21.9207
1676232492.587266,22,12.7262,4.5746,17.9031,11.9678,10.7316,13.6846,12.9360,15.8814,21.9207
1676232493.6324146,20,12.7262,4.5746,17.9031,11.9678,10.7316,13.6846,12.9360,15.8814,21.9207
1676232494.643375,20,12.7262,4.5746,17.9031,11.9678,10.7316,13.6846,12.9360,15.8814,21.9207
1676232495.6627507,19,12.7262,4.5746,17.9031,11.9678,10.7316,13.6846,12.9360,15.8814,21.9207
1676232496.6749923,19,12.7262,4.5746,17.9031,11.9678,10.7316,13.6846,12.9360,15.8814,21.9207
1676232497.6887124,20,11.7262,4.8246,17.9031,10.9678,9.7316,11.6846,12.9360,15.8814,21.9207
1676232498.6926334,21,11.7262,4.8246,17.9031,10.9678,9.7316,11.6846,12.9360,15.8814,21.9207
1676232499.7127438,19,11.7262,4.8246,17.9031,10.9678,9.7316,11.6846,12.9360,15.8814,21.9207
1676232500.7231984,18,11.7262,4.8246,17.9031,10.9678,9.7316,11.6846,12.9360,15.8814,21.9207
1676232501.734748,18,11.7262,4.8246,17.9031,10.9678,9.7316,11.6846,12.9360,15.8814,21.9207
1676232502.7467995,18,11.7262,4.8246,17.9031,10.9678,9.7316,11.6846,12.9360,15.8814,21.9207
1676232503.757265,18,11.7262,4.8246,17.9031,10.9678,9.7316,11.6846,12.9360,15.8814,21.9207
1676232504.7768564,17,11.7262,4.8246,17.9031,10.9678,9.7316,11.6846,12.9360,15.8814,21.9207
1676232505.7792172,17,11.7262,4.8246,17.9031,10.9678,9.7316,11.6846,12.9360,15.8814,21.9207
1676232506.7818599,17,11.7262,4.8246,17.9031,10.9678,9.7316,11.6846,12.9360,15.8814,21.9207
1676232507.7995033,17,11.7262,4.8246,17.9031,10.9678,9.7316,11.6846,12.9360,15.8814,21.9207
1676232508.8034756,19,11.7262,4.8246,17.9031,10.9678,9.7316,11.6846,12.9360,15.8814,21.9207
1676232509.826951,19,11.7262,4.8246,17.9031,10.9678,9.7316,11.6846,12.9360,15.8814,21.9207
1676232510.8532715,19,11.7262,4.8246,17.9031,10.9678,9.7316,11.6846,12.9360,15.8814,21.9207
1676232511.8713768,19,11.7262,4.8246,17.9031,10.9678,9.7316,11.6846,12.9360,15.8814,21.9207
1676232512.9056807,17,11.7262,4.8246,17.9031,10.9678,9.7316,11.6846,12.9360,15.8814,21.9207
1676232513.9153652,17,11.7262,4.8246,17.9031,10.9678,9.7316,11.6846,12.9360,15.8814,21.9207
1676232514.9366906,18,11.7262,4.8246,17.9031,10.9678,9.7316,11.6846,12.9360,15.8814,21.9207
1676232515.956625,19,11.7262,4.8246,17.9031,10.9678,9.7316,11.6846,12.9360,15.8814,21.9207
1676232516.9672723,18,11.7262,4.8246,17.9031,10.9678,9.7316,11.6846,12.9360,15.8814,21.9207
1676232517.9774947,18,11.7262,4.8246,17.9031,10.9678,9.7316,11.6846,12.9360,15.8814,21.9207
1676232518.9890308,19,11.7262,4.8246,17.9031,10.9678,9.7316,11.6846,12.9360,15.8814,21.9207
1676232519.9939826,20,11.7262,4.8246,17.9031,10.9678,9.7316,11.6846,12.9360,15.8814,21.9207
1676232521.0046332,20,11.7262,4.8246,17.9031,10.9678,9.7316,11.6846,12.9360,15.8814,21.9207
1676232522.0094569,21,11.7262,4.8246,17.9031,10.9678,9.7316,11.6846,12.9360,15.8814,21.9207
1676232523.039407,21,11.7262,4.8246,17.9031,10.9678,9.7316,11.6846,12.9360,15.8814,21.9207
1676232524.0826507,21,11.7262,4.8246,17.9031,10.9678,9.7316,11.6846,12.9360,15.8814,21.9207
1676232525.1133957,17,11.7262,4.8246,17.9031,10.9678,9.7316,11.6846,12.9360,15.8814,21.9207
1676232526.1409686,17,11.7262,4.8246,17.9031,10.9678,9.7316,11.6846,12.9360,15.8814,21.9207
1676232527.1532197,21,11.7262,4.8246,17.9031,10.9678,9.7316,11.6846,12.9360,15.8814,21.9207
1676232528.1645281,21,11.7262,4.8246,17.9031,10.9678,9.7316,11.6846,12.9360,15.8814,21.9207
1676232529.1749554,20,11.7262,4.8246,17.9031,10.9678,9.7316,11.6846,12.9360,15.8814,21.9207
1676232530.1860728,20,11.7262,4.8246,17.9031,10.9678,9.7316,11.6846,12.9360,15.8814,21.9207
1676232531.2131257,18,11.7262,4.8246,17.9031,10.9678,9.7316,11.6846,12.9360,15.8814,21.9207
1676232532.2326205,18,11.7262,4.8246,17.9031,10.9678,9.7316,11.6846,12.9360,15.8814,21.9207
1676232533.2364833,20,11.7262,4.8246,17.9031,10.9678,9.7316,11.6846,12.9360,15.8814,21.9207
1676232534.247433,20,11.7262,4.8246,17.9031,10.9678,9.7316,11.6846,12.9360,15.8814,21.9207
1676232535.251503,21,11.7262,4.8246,17.9031,10.9678,9.7316,11.6846,12.9360,15.8814,21.9207
1676232536.2904234,16,11.7262,4.8246,17.9031,10.9678,9.7316,11.6846,12.9360,15.8814,21.9207
1676232537.302712,16,11.7262,4.8246,17.9031,10.9678,9.7316,11.6846,12.9360,15.8814,21.9207
1676232538.3263001,17,11.7262,4.8246,17.9031,10.9678,9.7316,11.6846,12.9360,15.8814,21.9207
1676232539.3301525,20,11.7262,4.8246,17.9031,10.9678,9.7316,11.6846,12.9360,15.8814,21.9207
1676232540.3473876,18,11.7262,4.8246,17.9031,10.9678,9.7316,11.6846,12.9360,15.8814,21.9207
1676232541.366767,16,11.7262,4.8246,17.9031,10.9678,9.7316,11.6846,12.9360,15.8814,21.9207
1676232542.3781796,16,11.7262,4.8246,17.9031,10.9678,9.7316,11.6846,12.9360,15.8814,21.9207
1676232543.3906293,17,11.7262,4.8246,17.9031,10.9678,9.7316,11.6846,12.9360,15.8814,21.9207
1676232544.4130845,16,11.7262,4.8246,17.9031,10.9678,9.7316,11.6846,12.9360,15.8814,21.9207
1676232545.4423242,16,11.7262,4.8246,17.9031,10.9678,9.7316,11.6846,12.9360,15.8814,21.9207
1676232546.4566755,19,11.7262,4.8246,17.9031,10.9678,9.7316,11.6846,12.9360,15.8814,21.9207
1676232547.4594574,19,11.7262,4.8246,17.9031,10.9678,9.7316,11.6846,12.9360,15.8814,21.9207
1676232548.4791536,17,11.7262,4.8246,17.9031,10.9678,9.7316,11.6846,12.9360,15.8814,21.9207
1676232549.489825,17,11.7262,4.8246,17.9031,10.9678,9.7316,11.6846,12.9360,15.8814,21.9207
1676232550.5025415,17,11.7262,4.8246,17.9031,10.9678,9.7316,11.6846,12.9360,15.8814,21.9207
1676232551.5238516,15,11.7262,4.8246,17.9031,10.9678,9.7316,11.6846,12.9360,15.8814,21.9207
1676232552.5551362,15,11.7262,4.8246,17.9031,10.9678,9.7316,11.6846,12.9360,15.8814,21.9207
1676232553.5893419,20,11.7262,4.8246,17.9031,10.9678,9.7316,11.6846,12.9360,15.8814,21.9207
1676232554.6417272,19,11.7262,4.8246,17.9031,10.9678,9.7316,11.6846,12.9360,15.8814,21.9207
1676232555.652454,19,11.7262,4.8246,17.9031,10.9678,9.7316,11.6846,12.9360,15.8814,21.9207
1676232556.6561778,20,11.7262,4.8246,17.9031,10.9678,9.7316,11.6846,12.9360,15.8814,21.9207
1676232557.6750052,20,11.7262,4.8246,17.9031,10.9678,9.7316,11.6846,12.9360,15.8814,21.9207
1676232558.7090573,18,11.7262,4.8246,17.9031,10.9678,9.7316,11.6846,12.9360,15.8814,21.9207
1676232559.7119625,18,11.7262,4.8246,17.9031,10.9678,9.7316,11.6846,12.9360,15.8814,21.9207
1676232560.7223341,18,11.7262,4.8246,17.9031,10.9678,9.7316,11.6846,12.9360,15.8814,21.9207
1676232561.741993,17,11.7262,4.8246,17.9031,10.9678,9.7316,11.6846,12.9360,15.8814,21.9207
1676232562.761528,17,11.7262,4.8246,17.9031,10.9678,9.7316,11.6846,12.9360,15.8814,21.9207
1676232563.7823217,17,11.7262,4.8246,17.9031,10.9678,9.7316,11.6846,12.9360,15.8814,21.9207
1676232564.8000927,17,11.7262,4.8246,17.9031,10.9678,9.7316,11.6846,12.9360,15.8814,21.9207
1676232565.825946,16,11.7262,4.8246,17.9031,10.9678,9.7316,11.6846,12.9360,15.8814,21.9207
1676232566.836812,15,11.7262,4.8246,17.9031,10.9678,9.7316,11.6846,12.9360,15.8814,21.9207
1676232567.847938,15,11.7262,4.8246,17.9031,10.9678,9.7316,11.6846,12.9360,15.8814,21.9207
1676232568.8758938,16,11.7262,4.8246,17.9031,10.9678,9.7316,11.6846,12.9360,15.8814,21.9207
1676232569.903559,17,11.7262,4.8246,17.9031,10.9678,9.7316,11.6846,12.9360,15.8814,21.9207
1676232570.9272733,17,11.7262,4.8246,17.9031,10.9678,9.7316,11.6846,12.9360,15.8814,21.9207
1676232571.9556475,17,11.7262,4.8246,17.9031,10.9678,9.7316,11.6846,12.9360,15.8814,21.9207
1676232572.9586437,17,11.7262,4.8246,17.9031,10.9678,9.7316,11.6846,12.9360,15.8814,21.9207
1676232573.9686973,17,11.7262,4.8246,17.9031,10.9678,9.7316,11.6846,12.9360,15.8814,21.9207
1676232574.9817157,17,11.7262,4.8246,17.9031,10.9678,9.7316,11.6846,12.9360,15.8814,21.9207
1676232575.9846823,17,11.7262,4.8246,17.9031,10.9678,9.7316,11.6846,12.9360,15.8814,21.9207
1676232576.98751,17,11.7262,4.8246,17.9031,10.9678,9.7316,11.6846,12.9360,15.8814,21.9207
1676232577.9904013,17,11.7262,4.8246,17.9031,10.9678,9.7316,11.6846,12.9360,15.8814,21.9207
1676232579.001983,17,11.7262,4.8246,17.9031,10.9678,9.7316,11.6846,12.9360,15.8814,21.9207
1676232580.0167582,17,11.7262,4.8246,17.9031,10.9678,9.7316,11.6846,12.9360,15.8814,21.9207
1676232581.0197175,17,11.7262,4.8246,17.9031,10.9678,9.7316,11.6846,12.9360,15.8814,21.9207
1676232582.0227435,17,11.7262,4.8246,17.9031,10.9678,9.7316,11.6846,12.9360,15.8814,21.9207
1676232583.0256693,17,11.7262,4.8246,17.9031,10.9678,9.7316,11.6846,12.9360,15.8814,21.9207
1676232584.0545268,17,11.7262,4.8246,17.9031,10.9678,9.7316,11.6846,12.9360,15.8814,21.9207
1676232585.0822914,18,11.7262,4.8246,17.9031,10.9678,9.7316,11.6846,12.9360,15.8814,21.9207
1676232586.1008563,18,11.7262,4.8246,17.9031,10.9678,9.7316,11.6846,12.9360,15.8814,21.9207
1676232587.1113088,19,11.7262,4.8246,17.9031,10.9678,9.7316,11.6846,12.9360,15.8814,21.9207
1676232588.1377702,19,11.7262,4.8246,17.9031,10.9678,9.7316,11.6846,12.9360,15.8814,21.9207
1676232589.1815872,18,11.7262,4.8246,17.9031,10.9678,9.7316,11.6846,12.9360,15.8814,21.9207
1676232590.192421,17,11.7262,4.8246,17.9031,10.9678,9.7316,11.6846,12.9360,15.8814,21.9207
1676232591.203938,17,11.7262,4.8246,17.9031,10.9678,9.7316,11.6846,12.9360,15.8814,21.9207
1676232592.2081852,18,11.7262,4.8246,17.9031,10.9678,9.7316,11.6846,12.9360,15.8814,21.9207
1676232593.2208207,18,11.7262,4.8246,17.9031,10.9678,9.7316,11.6846,12.9360,15.8814,21.9207
1676232594.2343845,18,11.7262,4.8246,17.9031,10.9678,9.7316,11.6846,12.9360,15.8814,21.9207
1676232595.2462811,17,11.7262,4.8246,17.9031,10.9678,9.7316,11.6846,12.9360,15.8814,21.9207
1676232596.2486904,17,11.7262,4.8246,17.9031,10.9678,9.7316,11.6846,12.9360,15.8814,21.9207
1676232597.2513347,17,11.7262,4.8246,17.9031,10.9678,9.7316,11.6846,12.9360,15.8814,21.9207
1676232598.2717798,17,11.7262,4.8246,17.9031,10.9678,9.7316,11.6846,12.9360,15.8814,21.9207
1676232599.283793,18,11.7262,4.8246,17.9031,10.9678,9.7316,11.6846,12.9360,15.8814,21.9207
1676232600.3015547,18,11.7262,4.8246,17.9031,10.9678,9.7316,11.6846,12.9360,15.8814,21.9207
1676232601.3215194,18,11.7262,4.8246,17.9031,10.9678,9.7316,11.6846,12.9360,15.8814,21.9207
1676232602.3315234,18,11.7262,4.8246,17.9031,10.9678,9.7316,11.6846,12.9360,15.8814,21.9207
1676232603.335216,19,11.7262,4.8246,17.9031,10.9678,9.7316,11.6846,12.9360,15.8814,21.9207
1676232604.35487,17,11.7262,4.8246,17.9031,10.9678,9.7316,11.6846,12.9360,15.8814,21.9207
1676232605.3654811,16,11.7262,4.8246,17.9031,10.9678,9.7316,11.6846,12.9360,15.8814,21.9207
1676232606.3861375,16,11.7262,4.8246,17.9031,10.9678,9.7316,11.6846,12.9360,15.8814,21.9207
1676232607.3898978,18,11.7262,4.8246,17.9031,10.9678,9.7316,11.6846,12.9360,15.8814,21.9207
1676232608.39949,18,11.7262,4.8246,17.9031,10.9678,9.7316,11.6846,12.9360,15.8814,21.9207
1676232609.4112043,18,11.7262,4.8246,17.9031,10.9678,9.7316,11.6846,12.9360,15.8814,21.9207
1676232610.4206285,18,11.7262,4.8246,17.9031,10.9678,9.7316,11.6846,12.9360,15.8814,21.9207
1676232611.4434416,19,11.7262,4.8246,17.9031,10.9678,9.7316,11.6846,12.9360,15.8814,21.9207
1676232612.4814584,17,11.7262,4.8246,17.9031,10.9678,9.7316,11.6846,12.9360,15.8814,21.9207
1676232613.564893,17,11.7262,4.8246,17.9031,10.9678,9.7316,11.6846,12.9360,15.8814,21.9207
1676232614.574767,41,11.7262,4.8246,17.9031,10.9678,9.7316,11.6846,12.9360,15.8814,21.9207
1676232615.5949733,40,11.7262,4.8246,17.9031,10.9678,9.7316,11.6846,12.9360,15.8814,21.9207
1676232616.620251,37,11.7262,4.8246,17.9031,10.9678,9.7316,11.6846,12.9360,15.8814,21.9207
1676232617.630411,37,11.7262,4.8246,17.9031,10.9678,9.7316,11.6846,12.9360,15.8814,21.9207
1676232618.6505737,36,11.7262,4.8246,17.9031,10.9678,9.7316,11.6846,12.9360,15.8814,21.9207
1676232619.6609008,35,11.7262,4.8246,17.9031,10.9678,9.7316,11.6846,12.9360,15.8814,21.9207
1676232620.6702552,35,11.7262,4.8246,17.9031,10.9678,9.7316,11.6846,12.9360,15.8814,21.9207
1676232621.6913042,34,11.7262,4.8246,17.9031,10.9678,9.7316,11.6846,12.9360,15.8814,21.9207
1676232622.6939483,34,11.7262,4.8246,17.9031,10.9678,9.7316,11.6846,12.9360,15.8814,21.9207
1676232623.7044475,33,11.7262,4.8246,17.9031,10.9678,9.7316,11.6846,12.9360,15.8814,21.9207
1676232624.7153594,32,10.7262,4.8246,16.9031,10.9678,9.7316,9.6846,10.9360,14.8814,21.9207
1676232625.7314708,32,10.7262,4.8246,16.9031,10.9678,9.7316,9.6846,10.9360,14.8814,21.9207
1676232626.7666233,30,10.7262,4.8246,16.9031,10.9678,9.7316,9.6846,10.9360,14.8814,21.9207
1676232627.7767475,30,10.7262,4.8246,16.9031,10.9678,9.7316,9.6846,10.9360,14.8814,21.9207
1676232628.8314831,31,10.7262,4.8246,16.9031,10.9678,9.7316,9.6846,10.9360,14.8814,21.9207
1676232629.895344,36,10.7262,4.8246,16.9031,10.9678,9.7316,9.6846,10.9360,14.8814,21.9207
1676232630.9113464,36,10.7262,4.8246,16.9031,10.9678,9.7316,9.6846,10.9360,14.8814,21.9207
1676232631.9398878,35,10.7262,4.8246,16.9031,10.9678,9.7316,9.6846,10.9360,14.8814,21.9207
1676232632.956834,35,10.7262,4.8246,16.9031,10.9678,9.7316,9.6846,10.9360,14.8814,21.9207
1676232633.9933486,33,10.7262,4.8246,16.9031,10.9678,9.7316,9.6846,10.9360,14.8814,21.9207
1676232635.013937,31,10.7262,4.8246,16.9031,10.9678,9.7316,9.6846,10.9360,14.8814,21.9207
1676232636.0243368,31,10.7262,4.8246,16.9031,10.9678,9.7316,9.6846,10.9360,14.8814,21.9207
1676232637.0438104,30,10.7262,4.8246,16.9031,10.9678,9.7316,9.6846,10.9360,14.8814,21.9207
1676232638.0547729,29,10.7262,4.8246,16.9031,10.9678,9.7316,9.6846,10.9360,14.8814,21.9207
1676232639.072574,27,10.7262,4.8246,16.9031,10.9678,9.7316,9.6846,10.9360,14.8814,21.9207
1676232640.0753148,27,10.7262,4.8246,16.9031,10.9678,9.7316,9.6846,10.9360,14.8814,21.9207
1676232641.086404,26,10.7262,4.8246,16.9031,10.9678,9.7316,9.6846,10.9360,14.8814,21.9207
1676232642.0985947,25,10.7262,4.8246,16.9031,10.9678,9.7316,9.6846,10.9360,14.8814,21.9207
1676232643.1093764,25,10.7262,4.8246,16.9031,10.9678,9.7316,9.6846,10.9360,14.8814,21.9207
1676232644.121551,26,10.7262,4.8246,16.9031,10.9678,9.7316,9.6846,10.9360,14.8814,21.9207
1676232645.1433454,25,10.7262,4.8246,16.9031,10.9678,9.7316,9.6846,10.9360,14.8814,21.9207
1676232646.1672473,25,10.7262,4.8246,16.9031,10.9678,9.7316,9.6846,10.9360,14.8814,21.9207
1676232647.2113671,24,10.7262,4.8246,16.9031,10.9678,9.7316,9.6846,10.9360,14.8814,21.9207
1676232648.2272398,24,10.7262,4.8246,16.9031,10.9678,9.7316,9.6846,10.9360,14.8814,21.9207
1676232649.2391415,25,10.7262,4.8246,16.9031,10.9678,9.7316,9.6846,10.9360,14.8814,21.9207
1676232650.2509363,24,10.7262,4.8246,16.9031,10.9678,9.7316,9.6846,10.9360,14.8814,21.9207
1676232651.2608485,24,10.7262,4.8246,16.9031,10.9678,9.7316,9.6846,10.9360,14.8814,21.9207
1676232652.2823234,23,10.7262,4.8246,16.9031,10.9678,9.7316,9.6846,10.9360,14.8814,21.9207
1676232653.2915874,23,10.7262,4.8246,16.9031,10.9678,9.7316,9.6846,10.9360,14.8814,21.9207
1676232654.3141,22,10.7262,4.8246,16.9031,10.9678,9.7316,9.6846,10.9360,14.8814,21.9207
1676232655.325499,21,10.7262,4.8246,16.9031,10.9678,9.7316,9.6846,10.9360,14.8814,21.9207
1676232656.3394754,21,10.7262,4.8246,16.9031,10.9678,9.7316,9.6846,10.9360,14.8814,21.9207
1676232657.3566325,23,10.7262,4.8246,16.9031,10.9678,9.7316,9.6846,10.9360,14.8814,21.9207
1676232658.3783352,23,10.7262,4.8246,16.9031,10.9678,9.7316,9.6846,10.9360,14.8814,21.9207
1676232659.4271486,23,10.7262,4.8246,16.9031,10.9678,9.7316,9.6846,10.9360,14.8814,21.9207
1676232660.4823918,27,10.7262,4.8246,16.9031,10.9678,9.7316,9.6846,10.9360,14.8814,21.9207
1676232661.4947348,26,10.7262,4.8246,16.9031,10.9678,9.7316,9.6846,10.9360,14.8814,21.9207
1676232662.4976256,26,10.7262,4.8246,16.9031,10.9678,9.7316,9.6846,10.9360,14.8814,21.9207
1676232663.5155222,26,10.7262,4.8246,16.9031,10.9678,9.7316,9.6846,10.9360,14.8814,21.9207
1676232664.5365813,28,10.7262,4.8246,16.9031,10.9678,9.7316,9.6846,10.9360,14.8814,21.9207
1676232665.558183,28,10.7262,4.8246,16.9031,10.9678,9.7316,9.6846,10.9360,14.8814,21.9207
1676232666.5773165,26,10.7262,4.8246,16.9031,10.9678,9.7316,9.6846,10.9360,14.8814,21.9207
1676232667.588092,25,10.7262,4.8246,16.9031,10.9678,9.7316,9.6846,10.9360,14.8814,21.9207
1676232668.6065905,23,10.7262,4.8246,16.9031,10.9678,9.7316,9.6846,10.9360,14.8814,21.9207
1676232669.6167483,22,10.7262,4.8246,16.9031,10.9678,9.7316,9.6846,10.9360,14.8814,21.9207
1676232670.6351843,22,10.7262,4.8246,16.9031,10.9678,9.7316,9.6846,10.9360,14.8814,21.9207
1676232671.646613,24,10.7262,4.8246,16.9031,10.9678,9.7316,9.6846,10.9360,14.8814,21.9207
1676232672.6658404,23,10.7262,4.8246,16.9031,10.9678,9.7316,9.6846,10.9360,14.8814,21.9207
1676232673.67548,23,10.7262,4.8246,16.9031,10.9678,9.7316,9.6846,10.9360,14.8814,21.9207
1676232674.6792023,24,10.7262,4.8246,16.9031,10.9678,9.7316,9.6846,10.9360,14.8814,21.9207
1676232675.6908472,23,10.7262,4.8246,16.9031,10.9678,9.7316,9.6846,10.9360,14.8814,21.9207
1676232676.7131767,23,10.7262,4.8246,16.9031,10.9678,9.7316,9.6846,10.9360,14.8814,21.9207
1676232677.7340267,24,10.7262,4.8246,16.9031,10.9678,9.7316,9.6846,10.9360,14.8814,21.9207
1676232678.7449222,24,10.7262,4.8246,16.9031,10.9678,9.7316,9.6846,10.9360,14.8814,21.9207
1676232679.7494864,25,10.7262,4.8246,16.9031,10.9678,9.7316,9.6846,10.9360,14.8814,21.9207
1676232680.7750306,22,10.7262,4.8246,16.9031,10.9678,9.7316,9.6846,10.9360,14.8814,21.9207
1676232681.7780437,22,10.7262,4.8246,16.9031,10.9678,9.7316,9.6846,10.9360,14.8814,21.9207
1676232682.7810178,22,10.7262,4.8246,16.9031,10.9678,9.7316,9.6846,10.9360,14.8814,21.9207
1676232683.7915032,22,10.7262,4.8246,16.9031,10.9678,9.7316,9.6846,10.9360,14.8814,21.9207
1676232684.8123252,21,10.7262,4.8246,16.9031,10.9678,9.7316,9.6846,10.9360,14.8814,21.9207
1676232685.8329492,21,10.7262,4.8246,16.9031,10.9678,9.7316,9.6846,10.9360,14.8814,21.9207
1676232686.895514,24,10.7262,4.8246,16.9031,10.9678,9.7316,9.6846,10.9360,14.8814,21.9207
1676232687.9684389,27,10.7262,4.8246,16.9031,10.9678,9.7316,9.6846,10.9360,14.8814,21.9207
1676232688.9714415,27,10.7262,4.8246,16.9031,10.9678,9.7316,9.6846,10.9360,14.8814,21.9207
1676232689.9968603,27,10.7262,4.8246,16.9031,10.9678,9.7316,9.6846,10.9360,14.8814,21.9207
1676232691.0076492,29,10.7262,4.8246,16.9031,10.9678,9.7316,9.6846,10.9360,14.8814,21.9207
1676232692.0193863,28,10.7262,4.8246,16.9031,10.9678,9.7316,9.6846,10.9360,14.8814,21.9207
1676232693.0364454,26,10.7262,4.8246,16.9031,10.9678,9.7316,9.6846,10.9360,14.8814,21.9207
1676232694.0522034,26,10.7262,4.8246,16.9031,10.9678,9.7316,9.6846,10.9360,14.8814,21.9207
1676232695.0906513,24,10.7262,4.8246,16.9031,10.9678,9.7316,9.6846,10.9360,14.8814,21.9207
1676232696.1023095,24,10.7262,4.8246,16.9031,10.9678,9.7316,9.6846,10.9360,14.8814,21.9207
1676232697.1064274,25,10.7262,4.8246,16.9031,10.9678,9.7316,9.6846,10.9360,14.8814,21.9207
1676232698.1167338,24,10.7262,4.8246,16.9031,10.9678,9.7316,9.6846,10.9360,14.8814,21.9207
1676232699.1194546,24,10.7262,4.8246,16.9031,10.9678,9.7316,9.6846,10.9360,14.8814,21.9207
1676232700.1298933,24,10.7262,4.8246,16.9031,10.9678,9.7316,9.6846,10.9360,14.8814,21.9207
1676232701.1434097,24,10.7262,4.8246,16.9031,10.9678,9.7316,9.6846,10.9360,14.8814,21.9207
1676232702.1543489,24,10.7262,4.8246,16.9031,10.9678,9.7316,9.6846,10.9360,14.8814,21.9207
1676232703.1770213,23,10.7262,4.8246,16.9031,10.9678,9.7316,9.6846,10.9360,14.8814,21.9207
1676232704.1798804,23,10.7262,4.8246,16.9031,10.9678,9.7316,9.6846,10.9360,14.8814,21.9207
1676232705.2115085,23,10.7262,4.8246,16.9031,10.9678,9.7316,9.6846,10.9360,14.8814,21.9207
1676232706.2413375,26,10.7262,4.8246,16.9031,10.9678,9.7316,9.6846,10.9360,14.8814,21.9207
1676232707.2526667,25,10.7262,4.8246,16.9031,10.9678,9.7316,9.6846,10.9360,14.8814,21.9207
1676232708.2555466,25,10.7262,4.8246,16.9031,10.9678,9.7316,9.6846,10.9360,14.8814,21.9207
1676232709.2673678,25,10.7262,4.8246,16.9031,10.9678,9.7316,9.6846,10.9360,14.8814,21.9207
1676232710.2799723,26,10.7262,4.8246,16.9031,10.9678,9.7316,9.6846,10.9360,14.8814,21.9207
1676232711.2915366,27,10.7262,4.8246,16.9031,10.9678,9.7316,9.6846,10.9360,14.8814,21.9207
1676232712.2952611,28,10.7262,4.8246,16.9031,10.9678,9.7316,9.6846,10.9360,14.8814,21.9207
1676232713.3208737,25,10.7262,4.8246,16.9031,10.9678,9.7316,9.6846,10.9360,14.8814,21.9207
1676232714.3383985,25,10.7262,4.8246,16.9031,10.9678,9.7316,9.6846,10.9360,14.8814,21.9207
1676232715.3575761,25,10.7262,4.8246,16.9031,10.9678,9.7316,9.6846,10.9360,14.8814,21.9207
1676232716.3678613,25,10.7262,4.8246,16.9031,10.9678,9.7316,9.6846,10.9360,14.8814,21.9207
1676232717.3925292,26,10.7262,4.8246,16.9031,10.9678,9.7316,9.6846,10.9360,14.8814,21.9207
1676232718.4223256,26,10.7262,4.8246,16.9031,10.9678,9.7316,9.6846,10.9360,14.8814,21.9207
1676232719.4444668,26,10.7262,4.8246,16.9031,10.9678,9.7316,9.6846,10.9360,14.8814,21.9207
1676232720.4865916,29,10.7262,4.8246,16.9031,10.9678,9.7316,9.6846,10.9360,14.8814,21.9207
