1676585840.9664912,1,3.6572,1.8773,3.1551,5.0964,2.0323,4.3805,6.4983,3.5825,2.7341
1676585842.05679,1,3.6572,1.8773,3.1551,5.0964,2.0323,4.3805,6.4983,3.5825,2.7341
1676585843.067627,17,3.6572,1.8773,3.1551,5.0964,2.0323,4.3805,6.4983,3.5825,2.7341
1676585844.0848935,18,3.6572,1.8773,3.1551,5.0964,2.0323,4.3805,6.4983,3.5825,2.7341
1676585845.0973823,20,3.6572,1.8773,3.1551,5.0964,2.0323,4.3805,6.4983,3.5825,2.7341
1676585846.115442,21,3.6572,1.8773,3.1551,5.0964,2.0323,4.3805,6.4983,3.5825,2.7341
1676585847.1272883,23,3.6572,1.8773,3.1551,5.0964,2.0323,4.3805,6.4983,3.5825,2.7341
1676585848.1412525,24,3.6572,1.8773,3.1551,5.0964,2.0323,4.3805,6.4983,3.5825,2.7341
1676585849.1487393,26,3.6572,1.8773,3.1551,5.0964,2.0323,4.3805,6.4983,3.5825,2.7341
1676585850.1610463,27,3.6572,1.8773,3.1551,5.0964,2.0323,4.3805,6.4983,3.5825,2.7341
1676585851.1714268,29,3.381,1.705,3.310,2.512,4.736,2.908,1.851,6.055,4.062
1676585852.1887045,30,3.497,1.764,3.425,2.598,4.899,3.008,1.915,6.264,4.202
1676585853.2006013,32,3.754,1.905,3.677,2.795,5.250,3.232,2.066,6.706,4.505
1676585854.2154431,33,3.893,1.987,3.813,2.904,5.435,3.355,2.152,6.937,4.668
1676585855.2283442,35,4.147,2.125,4.062,3.098,5.783,3.576,2.301,7.375,4.969
1676585856.2447712,36,4.283,2.204,4.196,3.205,5.966,3.696,2.384,7.604,5.129
1676585857.2577221,38,4.536,2.340,4.444,3.397,6.312,3.916,2.531,8.041,5.428
1676585858.2670512,39,4.671,2.418,4.577,3.503,6.494,4.036,2.614,8.269,5.587
1676585859.2858148,40,4.806,2.495,4.709,3.607,6.675,4.154,2.696,8.495,5.745
1676585860.2963018,42,5.055,2.629,4.954,3.797,7.018,4.371,2.840,8.929,6.041
1676585861.3088617,43,5.186,2.702,5.082,3.898,7.196,4.485,2.918,9.152,6.196
1676585862.3265295,44,5.316,2.774,5.209,3.997,7.372,4.598,2.995,9.374,6.349
1676585863.3393543,46,5.562,2.904,5.451,4.184,7.712,4.812,3.135,9.805,6.642
1676585864.3507168,47,5.691,2.976,5.578,4.283,7.888,4.925,3.212,10.026,6.795
1676585865.363393,48,5.820,3.047,5.704,4.382,8.063,5.037,3.288,10.247,6.947
1676585866.376501,49,5.949,3.118,5.830,4.481,8.239,5.150,3.364,10.468,7.099
1676585867.3895516,50,6.077,3.188,5.956,4.579,8.414,5.262,3.439,10.689,7.251
1676585868.4083042,51,6.205,3.258,6.081,4.676,8.588,5.373,3.514,10.908,7.402
1676585869.419416,53,6.450,3.388,6.321,4.862,8.927,5.586,3.654,11.338,7.694
1676585870.4307497,54,6.577,3.458,6.447,4.959,9.101,5.697,3.729,11.558,7.845
1676585871.4348342,55,6.705,3.528,6.572,5.057,9.276,5.808,3.804,11.778,7.996
1676585872.4457293,55,6.716,3.538,6.583,5.068,9.286,5.819,3.814,11.789,8.007
1676585873.4589036,56,6.843,3.608,6.708,5.165,9.460,5.930,3.889,12.008,8.158
1676585874.4717903,57,6.971,3.677,6.832,5.263,9.634,6.041,3.964,12.228,8.309
1676585875.4805398,58,7.098,3.747,6.957,5.360,9.809,6.152,4.038,12.447,8.460
1676585876.4921596,59,7.225,3.816,7.082,5.457,9.982,6.263,4.113,12.667,8.610
1676585877.495252,60,7.353,3.886,7.207,5.555,10.157,6.374,4.188,12.887,8.761
1676585878.5074754,60,7.363,3.897,7.218,5.565,10.167,6.385,4.198,12.897,8.772
1676585879.5113368,61,7.491,3.967,7.343,5.663,10.342,6.496,4.273,13.117,8.923
1676585880.5233371,61,7.502,3.978,7.354,5.674,10.353,6.507,4.284,13.128,8.934
1676585881.536551,62,7.629,4.047,7.479,5.771,10.527,6.618,4.359,13.348,9.085
1676585882.5407012,63,7.756,4.116,7.604,5.868,10.700,6.729,4.433,13.567,9.235
1676585883.5430005,63,7.767,4.127,7.615,5.879,10.712,6.740,4.444,13.578,9.246
1676585884.5545578,63,7.778,4.138,7.625,5.890,10.722,6.750,4.454,13.588,9.257
1676585885.5597937,64,7.904,4.207,7.749,5.987,10.896,6.861,4.528,13.807,9.407
1676585886.5625718,64,7.915,4.217,7.760,5.997,10.906,6.871,4.539,13.818,9.417
1676585887.5739746,64,7.923,4.226,7.768,6.006,10.914,6.880,4.547,13.826,9.426
1676585888.5776231,65,8.049,4.294,7.892,6.102,11.087,6.990,4.621,14.045,9.575
1676585889.5793183,65,8.058,4.303,7.900,6.110,11.096,6.998,4.629,14.053,9.584
1676585890.5820312,65,8.066,4.310,7.908,6.118,11.103,7.006,4.637,14.061,9.592
1676585891.584891,65,8.073,4.318,7.916,6.125,11.111,7.013,4.644,14.068,9.599
1676585892.5873933,65,8.080,4.325,7.923,6.132,11.118,7.020,4.651,14.075,9.606
1676585893.5903301,65,8.087,4.332,7.930,6.140,11.125,7.027,4.658,14.082,9.613
1676585894.5934696,65,8.094,4.339,7.936,6.146,11.132,7.034,4.665,14.089,9.620
1676585895.5952344,65,8.101,4.345,7.943,6.153,11.138,7.041,4.672,14.096,9.627
1676585896.6052997,64,7.989,4.292,7.834,6.071,10.980,6.945,4.613,13.892,9.492
1676585897.6086042,64,7.995,4.298,7.840,6.078,10.987,6.952,4.619,13.898,9.498
1676585898.610979,64,8.000,4.302,7.845,6.082,10.991,6.956,4.624,13.903,9.502
1676585899.6214328,63,7.888,4.248,7.735,6.000,10.832,6.861,4.565,13.699,9.367
1676585900.6233385,63,7.893,4.254,7.741,6.005,10.838,6.866,4.570,13.704,9.372
1676585901.6263185,63,7.898,4.258,7.745,6.010,10.842,6.871,4.575,13.709,9.377
1676585902.6369257,62,7.786,4.204,7.636,5.928,10.683,6.775,4.515,13.504,9.241
1676585903.6472514,61,7.673,4.149,7.525,5.845,10.524,6.678,4.455,13.299,9.105
1676585904.6499505,61,7.677,4.153,7.529,5.849,10.528,6.683,4.459,13.303,9.109
1676585905.6610806,60,7.564,4.098,7.419,5.766,10.368,6.586,4.399,13.098,8.973
1676585906.6634076,60,7.568,4.102,7.423,5.770,10.372,6.590,4.403,13.102,8.977
1676585907.6731613,59,7.454,4.046,7.311,5.686,10.212,6.492,4.342,12.896,8.839
1676585908.6833217,58,7.341,3.990,7.200,5.603,10.051,6.395,4.281,12.690,8.702
1676585909.6932979,57,7.226,3.933,7.088,5.518,9.890,6.296,4.219,12.483,8.564
1676585910.704813,56,7.111,3.875,6.975,5.433,9.728,6.198,4.157,12.276,8.425
1676585911.7145233,55,6.995,3.817,6.862,5.347,9.565,6.098,4.093,12.068,8.286
1676585912.7170382,55,6.996,3.818,6.863,5.348,9.566,6.099,4.095,12.069,8.287
1676585913.7271438,54,6.879,3.760,6.749,5.261,9.403,5.999,4.031,11.860,8.147
1676585914.738255,53,6.763,3.701,6.634,5.175,9.240,5.899,3.967,11.651,8.007
1676585915.7553291,51,6.528,3.582,6.405,5.000,8.912,5.697,3.838,11.232,7.726
1676585916.7651463,50,6.409,3.521,6.288,4.911,8.746,5.594,3.772,11.021,7.583
1676585917.7753506,49,6.291,3.460,6.172,4.823,8.581,5.492,3.706,10.810,7.441
1676585918.7872655,48,6.172,3.399,6.056,4.734,8.415,5.389,3.640,10.599,7.299
1676585919.798076,47,6.053,3.338,5.939,4.645,8.250,5.287,3.574,10.388,7.156
1676585920.8072464,46,5.933,3.276,5.822,4.555,8.083,5.183,3.507,10.176,7.013
1676585921.823292,44,5.696,3.154,5.589,4.377,7.752,4.978,3.375,9.754,6.729
1676585922.8324625,43,5.575,3.091,5.471,4.286,7.584,4.874,3.307,9.541,6.584
1676585923.8429449,42,5.453,3.027,5.352,4.195,7.416,4.768,3.238,9.327,6.439
1676585924.8605895,40,5.215,2.904,5.118,4.016,7.084,4.563,3.105,8.904,6.154
1676585925.8708317,39,5.094,2.840,4.999,3.925,6.916,4.458,3.036,8.691,6.009
1676585926.881024,38,4.972,2.776,4.880,3.833,6.748,4.352,2.967,8.477,5.864
1676585927.8981984,36,4.733,2.653,4.645,3.654,6.415,4.146,2.833,8.053,5.578
1676585928.909112,35,4.610,2.588,4.525,3.561,6.246,4.039,2.764,7.838,5.432
1676585929.92704,33,4.370,2.463,4.290,3.381,5.912,3.832,2.629,7.414,5.145
1676585930.9390576,32,4.247,2.398,4.169,3.288,5.742,3.725,2.559,7.198,4.998
1676585931.9571247,30,4.006,2.273,3.934,3.107,5.408,3.517,2.424,6.773,4.711
1676585932.9692729,29,3.884,2.208,3.813,3.015,5.239,3.411,2.354,6.558,4.564
1676585933.9898436,27,3.643,2.083,3.577,2.834,4.905,3.202,2.218,6.133,4.277
1676585935.001119,26,3.518,2.016,3.455,2.739,4.733,3.094,2.147,5.916,4.129
1676585936.021241,24,3.277,1.891,3.219,2.558,4.399,2.886,2.011,5.491,3.841
1676585937.0315425,23,3.153,1.824,3.097,2.463,4.228,2.778,1.939,5.274,3.693
1676585938.0497472,21,2.909,1.696,2.859,2.280,3.891,2.567,1.802,4.846,3.403
1676585939.0621374,20,2.783,1.627,2.734,2.184,3.718,2.457,1.728,4.628,3.252
1676585940.079368,18,2.539,1.499,2.495,1.999,3.380,2.245,1.589,4.199,2.961
1676585941.0912342,17,2.411,1.428,2.369,1.901,3.205,2.133,1.514,3.979,2.810
1676585942.1090999,15,2.165,1.299,2.129,1.716,2.866,1.921,1.374,3.549,2.518
1676585943.127347,13,1.920,1.169,1.888,1.530,2.527,1.708,1.234,3.119,2.225
1676585944.1396708,12,1.790,1.097,1.761,1.431,2.351,1.594,1.157,2.897,2.072
1676585945.1592624,10,1.543,0.965,1.518,1.243,2.010,1.380,1.015,2.465,1.777
1676585946.17124,9,1.412,0.892,1.390,1.142,1.832,1.265,0.937,2.242,1.623
1676585947.1930487,7,1.162,0.758,1.145,0.953,1.490,1.048,0.793,1.808,1.327
1676585948.2042499,6,1.030,0.683,1.015,0.850,1.310,0.932,0.713,1.583,1.171
1676585949.2233222,4,0.779,0.548,0.769,0.659,0.966,0.714,0.568,1.148,0.873
1676585950.2355268,3,0.644,0.470,0.636,0.554,0.784,0.595,0.485,0.920,0.714
1676585951.256212,1,0.391,0.333,0.388,0.361,0.437,0.374,0.338,0.483,0.414
1676585952.2688043,0,0.391,0.333,0.388,0.361,0.437,0.374,0.338,0.483,0.414
1676585953.2828212,0,0.391,0.333,0.388,0.361,0.437,0.374,0.338,0.483,0.414
1676585954.293804,2,0.391,0.333,0.388,0.361,0.437,0.374,0.338,0.483,0.414
1676585955.3097281,3,0.391,0.333,0.388,0.361,0.437,0.374,0.338,0.483,0.414
1676585956.3216834,5,0.391,0.333,0.388,0.361,0.437,0.374,0.338,0.483,0.414
1676585957.3395982,6,0.391,0.333,0.388,0.361,0.437,0.374,0.338,0.483,0.414
1676585958.3509443,8,0.391,0.333,0.388,0.361,0.437,0.374,0.338,0.483,0.414
1676585959.363221,9,0.391,0.333,0.388,0.361,0.437,0.374,0.338,0.483,0.414
1676585960.381846,10,0.391,0.333,0.388,0.361,0.437,0.374,0.338,0.483,0.414
1676585961.3944483,12,0.391,0.333,0.388,0.361,0.437,0.374,0.338,0.483,0.414
1676585962.4066532,13,0.391,0.333,0.388,0.361,0.437,0.374,0.338,0.483,0.414
1676585963.4236372,14,0.391,0.333,0.388,0.361,0.437,0.374,0.338,0.483,0.414
1676585964.4360154,16,0.391,0.333,0.388,0.361,0.437,0.374,0.338,0.483,0.414
1676585965.4490411,17,0.391,0.333,0.388,0.361,0.437,0.374,0.338,0.483,0.414
1676585966.460314,18,0.391,0.333,0.388,0.361,0.437,0.374,0.338,0.483,0.414
1676585967.4730418,19,0.391,0.333,0.388,0.361,0.437,0.374,0.338,0.483,0.414
1676585968.4839072,20,0.391,0.333,0.388,0.361,0.437,0.374,0.338,0.483,0.414
1676585969.504073,21,0.391,0.333,0.388,0.361,0.437,0.374,0.338,0.483,0.414
1676585970.5163803,23,0.391,0.333,0.388,0.361,0.437,0.374,0.338,0.483,0.414
1676585971.5293732,24,0.391,0.333,0.388,0.361,0.437,0.374,0.338,0.483,0.414
1676585972.5336754,25,0.391,0.333,0.388,0.361,0.437,0.374,0.338,0.483,0.414
1676585973.5450275,25,0.391,0.333,0.388,0.361,0.437,0.374,0.338,0.483,0.414
1676585974.557846,26,0.391,0.333,0.388,0.361,0.437,0.374,0.338,0.483,0.414
1676585975.5691428,27,0.391,0.333,0.388,0.361,0.437,0.374,0.338,0.483,0.414
1676585976.5815756,28,0.391,0.333,0.388,0.361,0.437,0.374,0.338,0.483,0.414
1676585977.5949445,29,0.391,0.333,0.388,0.361,0.437,0.374,0.338,0.483,0.414
1676585978.5991502,30,0.391,0.333,0.388,0.361,0.437,0.374,0.338,0.483,0.414
1676585979.6095812,30,0.391,0.333,0.388,0.361,0.437,0.374,0.338,0.483,0.414
1676585980.6140451,31,0.391,0.333,0.388,0.361,0.437,0.374,0.338,0.483,0.414
1676585981.6254518,31,0.391,0.333,0.388,0.361,0.437,0.374,0.338,0.483,0.414
1676585982.6369994,32,0.391,0.333,0.388,0.361,0.437,0.374,0.338,0.483,0.414
1676585983.6421137,33,0.391,0.333,0.388,0.361,0.437,0.374,0.338,0.483,0.414
1676585984.6453373,33,0.391,0.333,0.388,0.361,0.437,0.374,0.338,0.483,0.414
1676585985.657296,33,0.391,0.333,0.388,0.361,0.437,0.374,0.338,0.483,0.414
1676585986.661334,34,0.391,0.333,0.388,0.361,0.437,0.374,0.338,0.483,0.414
1676585987.6643026,34,0.391,0.333,0.388,0.361,0.437,0.374,0.338,0.483,0.414
1676585988.6758544,34,0.391,0.333,0.388,0.361,0.437,0.374,0.338,0.483,0.414
1676585989.6812136,35,0.391,0.333,0.388,0.361,0.437,0.374,0.338,0.483,0.414
1676585990.684131,35,0.391,0.333,0.388,0.361,0.437,0.374,0.338,0.483,0.414
1676585991.6871078,35,0.391,0.333,0.388,0.361,0.437,0.374,0.338,0.483,0.414
1676585992.6899812,35,0.391,0.333,0.388,0.361,0.437,0.374,0.338,0.483,0.414
1676585993.692882,35,0.391,0.333,0.388,0.361,0.437,0.374,0.338,0.483,0.414
1676585994.695051,35,0.391,0.333,0.388,0.361,0.437,0.374,0.338,0.483,0.414
1676585995.6981206,35,0.391,0.333,0.388,0.361,0.437,0.374,0.338,0.483,0.414
1676585996.7010524,35,0.391,0.333,0.388,0.361,0.437,0.374,0.338,0.483,0.414
1676585997.7152336,34,0.391,0.333,0.388,0.361,0.437,0.374,0.338,0.483,0.414
1676585998.7178943,34,0.391,0.333,0.388,0.361,0.437,0.374,0.338,0.483,0.414
1676585999.720934,34,0.391,0.333,0.388,0.361,0.437,0.374,0.338,0.483,0.414
1676586000.7312868,33,0.391,0.333,0.388,0.361,0.437,0.374,0.338,0.483,0.414
1676586001.7341015,33,0.391,0.333,0.388,0.361,0.437,0.374,0.338,0.483,0.414
1676586002.7369964,33,0.391,0.333,0.388,0.361,0.437,0.374,0.338,0.483,0.414
1676586003.7495425,32,0.391,0.333,0.388,0.361,0.437,0.374,0.338,0.483,0.414
1676586004.76177,31,0.391,0.333,0.388,0.361,0.437,0.374,0.338,0.483,0.414
1676586005.7647243,31,0.391,0.333,0.388,0.361,0.437,0.374,0.338,0.483,0.414
1676586006.7771254,30,0.391,0.333,0.388,0.361,0.437,0.374,0.338,0.483,0.414
1676586007.7804663,30,0.391,0.333,0.388,0.361,0.437,0.374,0.338,0.483,0.414
1676586008.7918181,29,0.391,0.333,0.388,0.361,0.437,0.374,0.338,0.483,0.414
1676586009.8041213,28,0.391,0.333,0.388,0.361,0.437,0.374,0.338,0.483,0.414
1676586010.8163269,27,0.391,0.333,0.388,0.361,0.437,0.374,0.338,0.483,0.414
1676586011.8297777,26,0.391,0.333,0.388,0.361,0.437,0.374,0.338,0.483,0.414
1676586012.8403153,25,0.391,0.333,0.388,0.361,0.437,0.374,0.338,0.483,0.414
1676586013.843448,25,0.391,0.333,0.388,0.361,0.437,0.374,0.338,0.483,0.414
1676586014.8552208,24,0.391,0.333,0.388,0.361,0.437,0.374,0.338,0.483,0.414
1676586015.8664174,23,0.391,0.333,0.388,0.361,0.437,0.374,0.338,0.483,0.414
1676586016.8884304,21,0.391,0.333,0.388,0.361,0.437,0.374,0.338,0.483,0.414
1676586017.9005435,20,0.391,0.333,0.388,0.361,0.437,0.374,0.338,0.483,0.414
1676586018.9119632,19,0.391,0.333,0.388,0.361,0.437,0.374,0.338,0.483,0.414
1676586019.9238932,18,0.391,0.333,0.388,0.361,0.437,0.374,0.338,0.483,0.414
1676586020.9354079,17,0.391,0.333,0.388,0.361,0.437,0.374,0.338,0.483,0.414
1676586021.947325,16,0.391,0.333,0.388,0.361,0.437,0.374,0.338,0.483,0.414
1676586022.9672651,14,0.391,0.333,0.388,0.361,0.437,0.374,0.338,0.483,0.414
1676586023.9792373,13,0.391,0.333,0.388,0.361,0.437,0.374,0.338,0.483,0.414
1676586024.9913642,12,0.391,0.333,0.388,0.361,0.437,0.374,0.338,0.483,0.414
1676586026.0095356,10,0.391,0.333,0.388,0.361,0.437,0.374,0.338,0.483,0.414
1676586027.0217168,9,0.391,0.333,0.388,0.361,0.437,0.374,0.338,0.483,0.414
1676586028.033986,8,0.391,0.333,0.388,0.361,0.437,0.374,0.338,0.483,0.414
1676586029.0535123,6,0.391,0.333,0.388,0.361,0.437,0.374,0.338,0.483,0.414
1676586030.064108,5,0.391,0.333,0.388,0.361,0.437,0.374,0.338,0.483,0.414
1676586031.0830562,3,0.391,0.333,0.388,0.361,0.437,0.374,0.338,0.483,0.414
1676586032.093758,2,0.391,0.333,0.388,0.361,0.437,0.374,0.338,0.483,0.414
1676586033.114531,0,0.391,0.333,0.388,0.361,0.437,0.374,0.338,0.483,0.414
1676586034.1237183,0,0.391,0.333,0.388,0.361,0.437,0.374,0.338,0.483,0.414
1676586035.141688,1,0.391,0.333,0.388,0.361,0.437,0.374,0.338,0.483,0.414
1676586036.1544614,3,0.391,0.333,0.388,0.361,0.437,0.374,0.338,0.483,0.414
1676586037.173412,4,0.391,0.333,0.388,0.361,0.437,0.374,0.338,0.483,0.414
1676586038.183979,6,0.391,0.333,0.388,0.361,0.437,0.374,0.338,0.483,0.414
1676586039.2021544,7,0.391,0.333,0.388,0.361,0.437,0.374,0.338,0.483,0.414
1676586040.2147174,9,0.391,0.333,0.388,0.361,0.437,0.374,0.338,0.483,0.414
1676586041.2344291,10,0.391,0.333,0.388,0.361,0.437,0.374,0.338,0.483,0.414
1676586042.2480328,12,0.391,0.333,0.388,0.361,0.437,0.374,0.338,0.483,0.414
1676586043.2686331,13,0.391,0.333,0.388,0.361,0.437,0.374,0.338,0.483,0.414
1676586044.2901273,15,0.391,0.333,0.388,0.361,0.437,0.374,0.338,0.483,0.414
1676586045.30191,17,0.391,0.333,0.388,0.361,0.437,0.374,0.338,0.483,0.414
1676586046.3233843,18,0.391,0.333,0.388,0.361,0.437,0.374,0.338,0.483,0.414
1676586047.3363843,20,0.391,0.333,0.388,0.361,0.437,0.374,0.338,0.483,0.414
1676586048.357243,21,0.391,0.333,0.388,0.361,0.437,0.374,0.338,0.483,0.414
1676586049.3710465,23,0.391,0.333,0.388,0.361,0.437,0.374,0.338,0.483,0.414
1676586050.3921878,24,0.391,0.333,0.388,0.361,0.437,0.374,0.338,0.483,0.414
1676586051.4061348,26,0.391,0.333,0.388,0.361,0.437,0.374,0.338,0.483,0.414
1676586052.425675,27,0.391,0.333,0.388,0.361,0.437,0.374,0.338,0.483,0.414
1676586053.4377005,29,0.391,0.333,0.388,0.361,0.437,0.374,0.338,0.483,0.414
1676586054.4594362,30,0.391,0.333,0.388,0.361,0.437,0.374,0.338,0.483,0.414
1676586055.474399,32,0.391,0.333,0.388,0.361,0.437,0.374,0.338,0.483,0.414
1676586056.4958885,33,0.391,0.333,0.388,0.361,0.437,0.374,0.338,0.483,0.414
1676586057.509456,35,0.391,0.333,0.388,0.361,0.437,0.374,0.338,0.483,0.414
1676586058.5290015,36,0.391,0.333,0.388,0.361,0.437,0.374,0.338,0.483,0.414
1676586059.5434396,38,0.391,0.333,0.388,0.361,0.437,0.374,0.338,0.483,0.414
1676586060.5571651,39,0.391,0.333,0.388,0.361,0.437,0.374,0.338,0.483,0.414
1676586061.576852,40,0.391,0.333,0.388,0.361,0.437,0.374,0.338,0.483,0.414
1676586062.5898435,42,0.391,0.333,0.388,0.361,0.437,0.374,0.338,0.483,0.414
1676586063.6058922,43,0.391,0.333,0.388,0.361,0.437,0.374,0.338,0.483,0.414
1676586064.628391,44,0.391,0.333,0.388,0.361,0.437,0.374,0.338,0.483,0.414
1676586065.6441634,46,0.391,0.333,0.388,0.361,0.437,0.374,0.338,0.483,0.414
1676586066.6582904,47,0.391,0.333,0.388,0.361,0.437,0.374,0.338,0.483,0.414
1676586067.6708272,48,0.391,0.333,0.388,0.361,0.437,0.374,0.338,0.483,0.414
1676586068.6848695,49,0.391,0.333,0.388,0.361,0.437,0.374,0.338,0.483,0.414
1676586069.7007806,50,0.391,0.333,0.388,0.361,0.437,0.374,0.338,0.483,0.414
1676586070.7233748,51,0.391,0.333,0.388,0.361,0.437,0.374,0.338,0.483,0.414
1676586071.7380824,53,0.391,0.333,0.388,0.361,0.437,0.374,0.338,0.483,0.414
1676586072.7519329,54,0.391,0.333,0.388,0.361,0.437,0.374,0.338,0.483,0.414
1676586073.7576313,55,0.391,0.333,0.388,0.361,0.437,0.374,0.338,0.483,0.414
1676586074.7700946,55,0.391,0.333,0.388,0.361,0.437,0.374,0.338,0.483,0.414
1676586075.785766,56,0.391,0.333,0.388,0.361,0.437,0.374,0.338,0.483,0.414
1676586076.7991304,57,0.391,0.333,0.388,0.361,0.437,0.374,0.338,0.483,0.414
1676586077.8138702,58,0.391,0.333,0.388,0.361,0.437,0.374,0.338,0.483,0.414
1676586078.8273644,59,0.391,0.333,0.388,0.361,0.437,0.374,0.338,0.483,0.414
1676586079.8333693,60,0.391,0.333,0.388,0.361,0.437,0.374,0.338,0.483,0.414
1676586080.845325,60,0.391,0.333,0.388,0.361,0.437,0.374,0.338,0.483,0.414
1676586081.8513076,61,0.391,0.333,0.388,0.361,0.437,0.374,0.338,0.483,0.414
1676586082.863742,61,0.391,0.333,0.388,0.361,0.437,0.374,0.338,0.483,0.414
1676586083.8793414,62,0.391,0.333,0.388,0.361,0.437,0.374,0.338,0.483,0.414
1676586084.8840952,63,0.391,0.333,0.388,0.361,0.437,0.374,0.338,0.483,0.414
1676586085.8871696,63,0.391,0.333,0.388,0.361,0.437,0.374,0.338,0.483,0.414
1676586086.9007735,63,0.391,0.333,0.388,0.361,0.437,0.374,0.338,0.483,0.414
1676586087.906748,64,0.391,0.333,0.388,0.361,0.437,0.374,0.338,0.483,0.414
1676586088.9096904,64,0.391,0.333,0.388,0.361,0.437,0.374,0.338,0.483,0.414
1676586089.9231927,64,0.391,0.333,0.388,0.361,0.437,0.374,0.338,0.483,0.414
1676586090.9281533,65,0.391,0.333,0.388,0.361,0.437,0.374,0.338,0.483,0.414
1676586091.931249,65,0.391,0.333,0.388,0.361,0.437,0.374,0.338,0.483,0.414
1676586092.9339714,65,0.391,0.333,0.388,0.361,0.437,0.374,0.338,0.483,0.414
1676586093.936997,65,0.391,0.333,0.388,0.361,0.437,0.374,0.338,0.483,0.414
1676586094.9392378,65,0.391,0.333,0.388,0.361,0.437,0.374,0.338,0.483,0.414
1676586095.9421904,65,0.391,0.333,0.388,0.361,0.437,0.374,0.338,0.483,0.414
1676586096.9452264,65,0.391,0.333,0.388,0.361,0.437,0.374,0.338,0.483,0.414
1676586097.948123,65,0.391,0.333,0.388,0.361,0.437,0.374,0.338,0.483,0.414
1676586098.9619918,64,0.391,0.333,0.388,0.361,0.437,0.374,0.338,0.483,0.414
1676586099.964961,64,0.391,0.333,0.388,0.361,0.437,0.374,0.338,0.483,0.414
1676586100.9678693,64,0.391,0.333,0.388,0.361,0.437,0.374,0.338,0.483,0.414
1676586101.9794004,63,0.391,0.333,0.388,0.361,0.437,0.374,0.338,0.483,0.414
1676586102.982442,63,0.391,0.333,0.388,0.361,0.437,0.374,0.338,0.483,0.414
1676586103.9854283,63,0.391,0.333,0.388,0.361,0.437,0.374,0.338,0.483,0.414
1676586104.997757,62,0.391,0.333,0.388,0.361,0.437,0.374,0.338,0.483,0.414
1676586106.008888,61,0.391,0.333,0.388,0.361,0.437,0.374,0.338,0.483,0.414
1676586107.0113735,61,0.391,0.333,0.388,0.361,0.437,0.374,0.338,0.483,0.414
1676586108.0234358,60,0.391,0.333,0.388,0.361,0.437,0.374,0.338,0.483,0.414
1676586109.0263453,60,0.391,0.333,0.388,0.361,0.437,0.374,0.338,0.483,0.414
1676586110.038492,59,0.391,0.333,0.388,0.361,0.437,0.374,0.338,0.483,0.414
1676586111.0512047,58,0.391,0.333,0.388,0.361,0.437,0.374,0.338,0.483,0.414
1676586112.0631678,57,0.391,0.333,0.388,0.361,0.437,0.374,0.338,0.483,0.414
1676586113.0761254,56,0.391,0.333,0.388,0.361,0.437,0.374,0.338,0.483,0.414
1676586114.088023,55,0.391,0.333,0.388,0.361,0.437,0.374,0.338,0.483,0.414
1676586115.0910695,55,0.391,0.333,0.388,0.361,0.437,0.374,0.338,0.483,0.414
1676586116.102519,54,0.391,0.333,0.388,0.361,0.437,0.374,0.338,0.483,0.414
1676586117.1147776,53,0.391,0.333,0.388,0.361,0.437,0.374,0.338,0.483,0.414
1676586118.1355329,51,0.391,0.333,0.388,0.361,0.437,0.374,0.338,0.483,0.414
1676586119.1475253,50,0.391,0.333,0.388,0.361,0.437,0.374,0.338,0.483,0.414
1676586120.159374,49,0.391,0.333,0.388,0.361,0.437,0.374,0.338,0.483,0.414
1676586121.1718779,48,0.391,0.333,0.388,0.361,0.437,0.374,0.338,0.483,0.414
1676586122.183843,47,0.391,0.333,0.388,0.361,0.437,0.374,0.338,0.483,0.414
1676586123.1944726,46,0.391,0.333,0.388,0.361,0.437,0.374,0.338,0.483,0.414
1676586124.2121642,44,0.391,0.333,0.388,0.361,0.437,0.374,0.338,0.483,0.414
1676586125.2232316,43,0.391,0.333,0.388,0.361,0.437,0.374,0.338,0.483,0.414
1676586126.2346776,42,0.391,0.333,0.388,0.361,0.437,0.374,0.338,0.483,0.414
1676586127.256963,40,0.391,0.333,0.388,0.361,0.437,0.374,0.338,0.483,0.414
1676586128.2683082,39,0.391,0.333,0.388,0.361,0.437,0.374,0.338,0.483,0.414
1676586129.2793305,38,0.391,0.333,0.388,0.361,0.437,0.374,0.338,0.483,0.414
1676586130.3009589,36,0.391,0.333,0.388,0.361,0.437,0.374,0.338,0.483,0.414
1676586131.312664,35,0.391,0.333,0.388,0.361,0.437,0.374,0.338,0.483,0.414
1676586132.3299594,33,0.391,0.333,0.388,0.361,0.437,0.374,0.338,0.483,0.414
1676586133.3422334,32,0.391,0.333,0.388,0.361,0.437,0.374,0.338,0.483,0.414
1676586134.3611584,30,0.391,0.333,0.388,0.361,0.437,0.374,0.338,0.483,0.414
1676586135.371429,29,0.391,0.333,0.388,0.361,0.437,0.374,0.338,0.483,0.414
1676586136.3931036,27,0.391,0.333,0.388,0.361,0.437,0.374,0.338,0.483,0.414
1676586137.4033692,26,0.391,0.333,0.388,0.361,0.437,0.374,0.338,0.483,0.414
1676586138.425412,24,0.391,0.333,0.388,0.361,0.437,0.374,0.338,0.483,0.414
1676586139.4373965,23,0.391,0.333,0.388,0.361,0.437,0.374,0.338,0.483,0.414
1676586140.4553835,21,0.391,0.333,0.388,0.361,0.437,0.374,0.338,0.483,0.414
1676586141.467242,20,0.391,0.333,0.388,0.361,0.437,0.374,0.338,0.483,0.414
1676586142.4874146,18,0.391,0.333,0.388,0.361,0.437,0.374,0.338,0.483,0.414
1676586143.4980574,17,0.391,0.333,0.388,0.361,0.437,0.374,0.338,0.483,0.414
1676586144.5190659,15,0.391,0.333,0.388,0.361,0.437,0.374,0.338,0.483,0.414
1676586145.539374,13,0.391,0.333,0.388,0.361,0.437,0.374,0.338,0.483,0.414
1676586146.5517561,12,0.391,0.333,0.388,0.361,0.437,0.374,0.338,0.483,0.414
1676586147.570069,10,0.391,0.333,0.388,0.361,0.437,0.374,0.338,0.483,0.414
1676586148.5813828,9,0.391,0.333,0.388,0.361,0.437,0.374,0.338,0.483,0.414
1676586149.6030498,7,0.391,0.333,0.388,0.361,0.437,0.374,0.338,0.483,0.414
1676586150.6156979,6,0.391,0.333,0.388,0.361,0.437,0.374,0.338,0.483,0.414
1676586151.6362653,4,0.391,0.333,0.388,0.361,0.437,0.374,0.338,0.483,0.414
1676586152.6471918,3,0.391,0.333,0.388,0.361,0.437,0.374,0.338,0.483,0.414
1676586153.6670673,1,0.391,0.333,0.388,0.361,0.437,0.374,0.338,0.483,0.414
1676586154.679795,0,0.391,0.333,0.388,0.361,0.437,0.374,0.338,0.483,0.414
1676586155.6956754,0,0.391,0.333,0.388,0.361,0.437,0.374,0.338,0.483,0.414
1676586156.70777,2,0.391,0.333,0.388,0.361,0.437,0.374,0.338,0.483,0.414
1676586157.726541,3,0.391,0.333,0.388,0.361,0.437,0.374,0.338,0.483,0.414
1676586158.7391968,5,0.391,0.333,0.388,0.361,0.437,0.374,0.338,0.483,0.414
1676586159.7589211,6,0.391,0.333,0.388,0.361,0.437,0.374,0.338,0.483,0.414
1676586160.7715151,8,0.391,0.333,0.388,0.361,0.437,0.374,0.338,0.483,0.414
1676586161.7846057,9,0.391,0.333,0.388,0.361,0.437,0.374,0.338,0.483,0.414
1676586162.8035426,10,0.391,0.333,0.388,0.361,0.437,0.374,0.338,0.483,0.414
1676586163.817076,12,0.391,0.333,0.388,0.361,0.437,0.374,0.338,0.483,0.414
1676586164.8304446,13,0.391,0.333,0.388,0.361,0.437,0.374,0.338,0.483,0.414
1676586165.851269,14,0.391,0.333,0.388,0.361,0.437,0.374,0.338,0.483,0.414
1676586166.8642786,16,0.391,0.333,0.388,0.361,0.437,0.374,0.338,0.483,0.414
1676586167.8796015,17,0.391,0.333,0.388,0.361,0.437,0.374,0.338,0.483,0.414
1676586168.8930078,18,0.391,0.333,0.388,0.361,0.437,0.374,0.338,0.483,0.414
1676586169.9081895,19,0.391,0.333,0.388,0.361,0.437,0.374,0.338,0.483,0.414
1676586170.9209256,20,0.391,0.333,0.388,0.361,0.437,0.374,0.338,0.483,0.414
1676586171.942123,21,0.391,0.333,0.388,0.361,0.437,0.374,0.338,0.483,0.414
1676586172.9550269,23,0.391,0.333,0.388,0.361,0.437,0.374,0.338,0.483,0.414
1676586173.9694507,24,0.391,0.333,0.388,0.361,0.437,0.374,0.338,0.483,0.414
1676586174.9739153,25,0.391,0.333,0.388,0.361,0.437,0.374,0.338,0.483,0.414
1676586175.9862423,25,0.391,0.333,0.388,0.361,0.437,0.374,0.338,0.483,0.414
1676586177.0003738,26,0.391,0.333,0.388,0.361,0.437,0.374,0.338,0.483,0.414
1676586178.0146427,27,0.391,0.333,0.388,0.361,0.437,0.374,0.338,0.483,0.414
1676586179.028514,28,0.391,0.333,0.388,0.361,0.437,0.374,0.338,0.483,0.414
1676586180.0430114,29,0.391,0.333,0.388,0.361,0.437,0.374,0.338,0.483,0.414
1676586181.0474577,30,0.391,0.333,0.388,0.361,0.437,0.374,0.338,0.483,0.414
1676586182.059816,30,0.391,0.333,0.388,0.361,0.437,0.374,0.338,0.483,0.414
1676586183.0644014,31,0.391,0.333,0.388,0.361,0.437,0.374,0.338,0.483,0.414
1676586184.0763419,31,0.391,0.333,0.388,0.361,0.437,0.374,0.338,0.483,0.414
1676586185.0883768,32,0.391,0.333,0.388,0.361,0.437,0.374,0.338,0.483,0.414
1676586186.0937324,33,0.391,0.333,0.388,0.361,0.437,0.374,0.338,0.483,0.414
1676586187.0968451,33,0.391,0.333,0.388,0.361,0.437,0.374,0.338,0.483,0.414
1676586188.1089098,33,0.391,0.333,0.388,0.361,0.437,0.374,0.338,0.483,0.414
1676586189.1131198,34,0.391,0.333,0.388,0.361,0.437,0.374,0.338,0.483,0.414
1676586190.1161067,34,0.391,0.333,0.388,0.361,0.437,0.374,0.338,0.483,0.414
1676586191.1279354,34,0.391,0.333,0.388,0.361,0.437,0.374,0.338,0.483,0.414
1676586192.1334968,35,0.391,0.333,0.388,0.361,0.437,0.374,0.338,0.483,0.414
1676586193.136444,35,0.391,0.333,0.388,0.361,0.437,0.374,0.338,0.483,0.414
1676586194.1394494,35,0.391,0.333,0.388,0.361,0.437,0.374,0.338,0.483,0.414
1676586195.142508,35,0.391,0.333,0.388,0.361,0.437,0.374,0.338,0.483,0.414
1676586196.1456318,35,0.391,0.333,0.388,0.361,0.437,0.374,0.338,0.483,0.414
1676586197.1486259,35,0.391,0.333,0.388,0.361,0.437,0.374,0.338,0.483,0.414
1676586198.1515887,35,0.391,0.333,0.388,0.361,0.437,0.374,0.338,0.483,0.414
1676586199.1546679,35,0.391,0.333,0.388,0.361,0.437,0.374,0.338,0.483,0.414
1676586200.1682968,34,0.391,0.333,0.388,0.361,0.437,0.374,0.338,0.483,0.414
1676586201.1713796,34,0.391,0.333,0.388,0.361,0.437,0.374,0.338,0.483,0.414
1676586202.1743934,34,0.391,0.333,0.388,0.361,0.437,0.374,0.338,0.483,0.414
1676586203.1856737,33,0.391,0.333,0.388,0.361,0.437,0.374,0.338,0.483,0.414
1676586204.188651,33,0.391,0.333,0.388,0.361,0.437,0.374,0.338,0.483,0.414
1676586205.1918159,33,0.391,0.333,0.388,0.361,0.437,0.374,0.338,0.483,0.414
1676586206.2030525,32,0.391,0.333,0.388,0.361,0.437,0.374,0.338,0.483,0.414
1676586207.215317,31,0.391,0.333,0.388,0.361,0.437,0.374,0.338,0.483,0.414
1676586208.2181072,31,0.391,0.333,0.388,0.361,0.437,0.374,0.338,0.483,0.414
1676586209.231069,30,0.391,0.333,0.388,0.361,0.437,0.374,0.338,0.483,0.414
1676586210.2340305,30,0.391,0.333,0.388,0.361,0.437,0.374,0.338,0.483,0.414
1676586211.2455103,29,0.391,0.333,0.388,0.361,0.437,0.374,0.338,0.483,0.414
1676586212.2576566,28,0.391,0.333,0.388,0.361,0.437,0.374,0.338,0.483,0.414
1676586213.2686386,27,0.391,0.333,0.388,0.361,0.437,0.374,0.338,0.483,0.414
1676586214.281179,26,0.391,0.333,0.388,0.361,0.437,0.374,0.338,0.483,0.414
1676586215.2927551,25,0.391,0.333,0.388,0.361,0.437,0.374,0.338,0.483,0.414
1676586216.2958202,25,0.391,0.333,0.388,0.361,0.437,0.374,0.338,0.483,0.414
1676586217.3067873,24,0.391,0.333,0.388,0.361,0.437,0.374,0.338,0.483,0.414
1676586218.3177433,23,0.391,0.333,0.388,0.361,0.437,0.374,0.338,0.483,0.414
1676586219.338379,21,0.391,0.333,0.388,0.361,0.437,0.374,0.338,0.483,0.414
1676586220.3511205,20,0.391,0.333,0.388,0.361,0.437,0.374,0.338,0.483,0.414
1676586221.3634477,19,0.391,0.333,0.388,0.361,0.437,0.374,0.338,0.483,0.414
1676586222.375965,18,0.391,0.333,0.388,0.361,0.437,0.374,0.338,0.483,0.414
1676586223.3881624,17,0.391,0.333,0.388,0.361,0.437,0.374,0.338,0.483,0.414
1676586224.4005442,16,0.391,0.333,0.388,0.361,0.437,0.374,0.338,0.483,0.414
1676586225.420265,14,0.391,0.333,0.388,0.361,0.437,0.374,0.338,0.483,0.414
1676586226.432381,13,0.391,0.333,0.388,0.361,0.437,0.374,0.338,0.483,0.414
1676586227.4440942,12,0.391,0.333,0.388,0.361,0.437,0.374,0.338,0.483,0.414
1676586228.4626691,10,0.391,0.333,0.388,0.361,0.437,0.374,0.338,0.483,0.414
1676586229.4740026,9,0.391,0.333,0.388,0.361,0.437,0.374,0.338,0.483,0.414
1676586230.4853837,8,0.391,0.333,0.388,0.361,0.437,0.374,0.338,0.483,0.414
1676586231.505928,6,0.391,0.333,0.388,0.361,0.437,0.374,0.338,0.483,0.414
1676586232.5173504,5,0.391,0.333,0.388,0.361,0.437,0.374,0.338,0.483,0.414
1676586233.537143,3,0.391,0.333,0.388,0.361,0.437,0.374,0.338,0.483,0.414
1676586234.548513,2,0.391,0.333,0.388,0.361,0.437,0.374,0.338,0.483,0.414
1676586235.5704448,0,0.391,0.333,0.388,0.361,0.437,0.374,0.338,0.483,0.414
1676586236.5792809,0,0.391,0.333,0.388,0.361,0.437,0.374,0.338,0.483,0.414
1676586237.595411,1,0.391,0.333,0.388,0.361,0.437,0.374,0.338,0.483,0.414
1676586238.6057594,3,0.391,0.333,0.388,0.361,0.437,0.374,0.338,0.483,0.414
1676586239.622721,4,0.391,0.333,0.388,0.361,0.437,0.374,0.338,0.483,0.414
1676586240.635731,6,0.391,0.333,0.388,0.361,0.437,0.374,0.338,0.483,0.414
1676586241.654538,7,0.391,0.333,0.388,0.361,0.437,0.374,0.338,0.483,0.414
1676586242.6673803,9,0.391,0.333,0.388,0.361,0.437,0.374,0.338,0.483,0.414
1676586243.6848843,10,0.391,0.333,0.388,0.361,0.437,0.374,0.338,0.483,0.414
1676586244.6970716,12,0.391,0.333,0.388,0.361,0.437,0.374,0.338,0.483,0.414
1676586245.7128296,13,0.391,0.333,0.388,0.361,0.437,0.374,0.338,0.483,0.414
1676586246.7320848,15,0.391,0.333,0.388,0.361,0.437,0.374,0.338,0.483,0.414
1676586247.7454448,17,0.391,0.333,0.388,0.361,0.437,0.374,0.338,0.483,0.414
1676586248.763479,18,0.391,0.333,0.388,0.361,0.437,0.374,0.338,0.483,0.414
1676586249.7770376,20,0.391,0.333,0.388,0.361,0.437,0.374,0.338,0.483,0.414
1676586250.7975748,21,0.391,0.333,0.388,0.361,0.437,0.374,0.338,0.483,0.414
1676586251.809733,23,0.391,0.333,0.388,0.361,0.437,0.374,0.338,0.483,0.414
1676586252.831034,24,0.391,0.333,0.388,0.361,0.437,0.374,0.338,0.483,0.414
1676586253.845351,26,0.391,0.333,0.388,0.361,0.437,0.374,0.338,0.483,0.414
1676586254.864615,27,0.391,0.333,0.388,0.361,0.437,0.374,0.338,0.483,0.414
1676586255.87832,29,0.391,0.333,0.388,0.361,0.437,0.374,0.338,0.483,0.414
1676586256.8986034,30,0.391,0.333,0.388,0.361,0.437,0.374,0.338,0.483,0.414
1676586257.913366,32,0.391,0.333,0.388,0.361,0.437,0.374,0.338,0.483,0.414
1676586258.9340692,33,0.391,0.333,0.388,0.361,0.437,0.374,0.338,0.483,0.414
1676586259.9488797,35,0.391,0.333,0.388,0.361,0.437,0.374,0.338,0.483,0.414
1676586260.9697144,36,0.391,0.333,0.388,0.361,0.437,0.374,0.338,0.483,0.414
1676586261.9824,38,0.391,0.333,0.388,0.361,0.437,0.374,0.338,0.483,0.414
1676586262.9962702,39,0.391,0.333,0.388,0.361,0.437,0.374,0.338,0.483,0.414
1676586264.019337,40,0.391,0.333,0.388,0.361,0.437,0.374,0.338,0.483,0.414
1676586265.033118,42,0.391,0.333,0.388,0.361,0.437,0.374,0.338,0.483,0.414
1676586266.0474079,43,0.391,0.333,0.388,0.361,0.437,0.374,0.338,0.483,0.414
1676586267.0686872,44,0.391,0.333,0.388,0.361,0.437,0.374,0.338,0.483,0.414
1676586268.0831153,46,0.391,0.333,0.388,0.361,0.437,0.374,0.338,0.483,0.414
1676586269.0972111,47,0.391,0.333,0.388,0.361,0.437,0.374,0.338,0.483,0.414
1676586270.1125045,48,0.391,0.333,0.388,0.361,0.437,0.374,0.338,0.483,0.414
1676586271.1253183,49,0.391,0.333,0.388,0.361,0.437,0.374,0.338,0.483,0.414
1676586272.1400254,50,0.391,0.333,0.388,0.361,0.437,0.374,0.338,0.483,0.414
1676586273.1608706,51,0.391,0.333,0.388,0.361,0.437,0.374,0.338,0.483,0.414
1676586274.1763275,53,0.391,0.333,0.388,0.361,0.437,0.374,0.338,0.483,0.414
1676586275.190029,54,0.391,0.333,0.388,0.361,0.437,0.374,0.338,0.483,0.414
1676586276.1952515,55,0.391,0.333,0.388,0.361,0.437,0.374,0.338,0.483,0.414
1676586277.2074418,55,0.391,0.333,0.388,0.361,0.437,0.374,0.338,0.483,0.414
1676586278.2234375,56,0.391,0.333,0.388,0.361,0.437,0.374,0.338,0.483,0.414
1676586279.2376566,57,0.391,0.333,0.388,0.361,0.437,0.374,0.338,0.483,0.414
1676586280.2520118,58,0.391,0.333,0.388,0.361,0.437,0.374,0.338,0.483,0.414
1676586281.2662032,59,0.391,0.333,0.388,0.361,0.437,0.374,0.338,0.483,0.414
1676586282.2719686,60,0.391,0.333,0.388,0.361,0.437,0.374,0.338,0.483,0.414
1676586283.2848203,60,0.391,0.333,0.388,0.361,0.437,0.374,0.338,0.483,0.414
1676586284.2902343,61,0.391,0.333,0.388,0.361,0.437,0.374,0.338,0.483,0.414
1676586285.3016374,61,0.391,0.333,0.388,0.361,0.437,0.374,0.338,0.483,0.414
1676586286.3166919,62,0.391,0.333,0.388,0.361,0.437,0.374,0.338,0.483,0.414
1676586287.322584,63,0.391,0.333,0.388,0.361,0.437,0.374,0.338,0.483,0.414
1676586288.325721,63,0.391,0.333,0.388,0.361,0.437,0.374,0.338,0.483,0.414
1676586289.3382962,63,0.391,0.333,0.388,0.361,0.437,0.374,0.338,0.483,0.414
1676586290.3446877,64,0.391,0.333,0.388,0.361,0.437,0.374,0.338,0.483,0.414
1676586291.3476813,64,0.391,0.333,0.388,0.361,0.437,0.374,0.338,0.483,0.414
1676586292.3605769,64,0.391,0.333,0.388,0.361,0.437,0.374,0.338,0.483,0.414
1676586293.3646836,65,0.391,0.333,0.388,0.361,0.437,0.374,0.338,0.483,0.414
1676586294.3676896,65,0.391,0.333,0.388,0.361,0.437,0.374,0.338,0.483,0.414
1676586295.3706622,65,0.391,0.333,0.388,0.361,0.437,0.374,0.338,0.483,0.414
1676586296.3736057,65,0.391,0.333,0.388,0.361,0.437,0.374,0.338,0.483,0.414
1676586297.3766413,65,0.391,0.333,0.388,0.361,0.437,0.374,0.338,0.483,0.414
1676586298.3796675,65,0.391,0.333,0.388,0.361,0.437,0.374,0.338,0.483,0.414
1676586299.382688,65,0.391,0.333,0.388,0.361,0.437,0.374,0.338,0.483,0.414
1676586300.3856156,65,0.391,0.333,0.388,0.361,0.437,0.374,0.338,0.483,0.414
1676586301.3999763,64,0.391,0.333,0.388,0.361,0.437,0.374,0.338,0.483,0.414
1676586302.4030175,64,0.391,0.333,0.388,0.361,0.437,0.374,0.338,0.483,0.414
1676586303.4059598,64,0.391,0.333,0.388,0.361,0.437,0.374,0.338,0.483,0.414
1676586304.418568,63,0.391,0.333,0.388,0.361,0.437,0.374,0.338,0.483,0.414
1676586305.4216228,63,0.391,0.333,0.388,0.361,0.437,0.374,0.338,0.483,0.414
1676586306.4247081,63,0.391,0.333,0.388,0.361,0.437,0.374,0.338,0.483,0.414
1676586307.4372344,62,0.391,0.333,0.388,0.361,0.437,0.374,0.338,0.483,0.414
1676586308.447946,61,0.391,0.333,0.388,0.361,0.437,0.374,0.338,0.483,0.414
1676586309.4507139,61,0.391,0.333,0.388,0.361,0.437,0.374,0.338,0.483,0.414
1676586310.4632518,60,0.391,0.333,0.388,0.361,0.437,0.374,0.338,0.483,0.414
1676586311.4661462,60,0.391,0.333,0.388,0.361,0.437,0.374,0.338,0.483,0.414
1676586312.4777606,59,0.391,0.333,0.388,0.361,0.437,0.374,0.338,0.483,0.414
1676586313.4891646,58,0.391,0.333,0.388,0.361,0.437,0.374,0.338,0.483,0.414
1676586314.5010235,57,0.391,0.333,0.388,0.361,0.437,0.374,0.338,0.483,0.414
1676586315.5147219,56,0.391,0.333,0.388,0.361,0.437,0.374,0.338,0.483,0.414
1676586316.526232,55,0.391,0.333,0.388,0.361,0.437,0.374,0.338,0.483,0.414
1676586317.5291922,55,0.391,0.333,0.388,0.361,0.437,0.374,0.338,0.483,0.414
1676586318.5404994,54,0.391,0.333,0.388,0.361,0.437,0.374,0.338,0.483,0.414
1676586319.5513332,53,0.391,0.333,0.388,0.361,0.437,0.374,0.338,0.483,0.414
1676586320.5727005,51,0.391,0.333,0.388,0.361,0.437,0.374,0.338,0.483,0.414
1676586321.5852551,50,0.391,0.333,0.388,0.361,0.437,0.374,0.338,0.483,0.414
1676586322.5957363,49,0.391,0.333,0.388,0.361,0.437,0.374,0.338,0.483,0.414
1676586323.607705,48,0.391,0.333,0.388,0.361,0.437,0.374,0.338,0.483,0.414
1676586324.6189408,47,0.391,0.333,0.388,0.361,0.437,0.374,0.338,0.483,0.414
1676586325.6303241,46,0.391,0.333,0.388,0.361,0.437,0.374,0.338,0.483,0.414
1676586326.6492665,44,0.391,0.333,0.388,0.361,0.437,0.374,0.338,0.483,0.414
1676586327.6612716,43,0.391,0.333,0.388,0.361,0.437,0.374,0.338,0.483,0.414
1676586328.67263,42,0.391,0.333,0.388,0.361,0.437,0.374,0.338,0.483,0.414
1676586329.6913393,40,0.391,0.333,0.388,0.361,0.437,0.374,0.338,0.483,0.414
1676586330.7034054,39,0.391,0.333,0.388,0.361,0.437,0.374,0.338,0.483,0.414
1676586331.7149968,38,0.391,0.333,0.388,0.361,0.437,0.374,0.338,0.483,0.414
1676586332.7352512,36,0.391,0.333,0.388,0.361,0.437,0.374,0.338,0.483,0.414
1676586333.746711,35,0.391,0.333,0.388,0.361,0.437,0.374,0.338,0.483,0.414
1676586334.7675734,33,0.391,0.333,0.388,0.361,0.437,0.374,0.338,0.483,0.414
1676586335.779318,32,0.391,0.333,0.388,0.361,0.437,0.374,0.338,0.483,0.414
1676586336.7993839,30,0.391,0.333,0.388,0.361,0.437,0.374,0.338,0.483,0.414
1676586337.810606,29,0.391,0.333,0.388,0.361,0.437,0.374,0.338,0.483,0.414
1676586338.8289323,27,0.391,0.333,0.388,0.361,0.437,0.374,0.338,0.483,0.414
1676586339.8411665,26,0.391,0.333,0.388,0.361,0.437,0.374,0.338,0.483,0.414
1676586340.8611484,24,0.391,0.333,0.388,0.361,0.437,0.374,0.338,0.483,0.414
1676586341.8731093,23,0.391,0.333,0.388,0.361,0.437,0.374,0.338,0.483,0.414
1676586342.8920743,21,0.391,0.333,0.388,0.361,0.437,0.374,0.338,0.483,0.414
1676586343.9049845,20,0.391,0.333,0.388,0.361,0.437,0.374,0.338,0.483,0.414
1676586344.922262,18,0.391,0.333,0.388,0.361,0.437,0.374,0.338,0.483,0.414
1676586345.9330292,17,0.391,0.333,0.388,0.361,0.437,0.374,0.338,0.483,0.414
1676586346.9535666,15,0.391,0.333,0.388,0.361,0.437,0.374,0.338,0.483,0.414
1676586347.9734395,13,0.391,0.333,0.388,0.361,0.437,0.374,0.338,0.483,0.414
1676586348.9858277,12,0.391,0.333,0.388,0.361,0.437,0.374,0.338,0.483,0.414
1676586350.0033104,10,0.391,0.333,0.388,0.361,0.437,0.374,0.338,0.483,0.414
1676586351.0154874,9,0.391,0.333,0.388,0.361,0.437,0.374,0.338,0.483,0.414
1676586352.0373883,7,0.391,0.333,0.388,0.361,0.437,0.374,0.338,0.483,0.414
1676586353.0489519,6,0.391,0.333,0.388,0.361,0.437,0.374,0.338,0.483,0.414
1676586354.06865,4,0.391,0.333,0.388,0.361,0.437,0.374,0.338,0.483,0.414
1676586355.07917,3,0.391,0.333,0.388,0.361,0.437,0.374,0.338,0.483,0.414
1676586356.1001747,1,0.391,0.333,0.388,0.361,0.437,0.374,0.338,0.483,0.414
1676586357.1127405,0,0.391,0.333,0.388,0.361,0.437,0.374,0.338,0.483,0.414
1676586358.1281607,0,0.391,0.333,0.388,0.361,0.437,0.374,0.338,0.483,0.414
1676586359.1399395,2,0.391,0.333,0.388,0.361,0.437,0.374,0.338,0.483,0.414
1676586360.157901,3,0.391,0.333,0.388,0.361,0.437,0.374,0.338,0.483,0.414
1676586361.1684108,5,0.391,0.333,0.388,0.361,0.437,0.374,0.338,0.483,0.414
1676586362.1875348,6,0.391,0.333,0.388,0.361,0.437,0.374,0.338,0.483,0.414
1676586363.1985736,8,0.391,0.333,0.388,0.361,0.437,0.374,0.338,0.483,0.414
1676586364.2113552,9,0.391,0.333,0.388,0.361,0.437,0.374,0.338,0.483,0.414
1676586365.2302983,10,0.391,0.333,0.388,0.361,0.437,0.374,0.338,0.483,0.414
1676586366.2422166,12,0.391,0.333,0.388,0.361,0.437,0.374,0.338,0.483,0.414
1676586367.2549143,13,0.391,0.333,0.388,0.361,0.437,0.374,0.338,0.483,0.414
1676586368.2733598,14,0.391,0.333,0.388,0.361,0.437,0.374,0.338,0.483,0.414
1676586369.2857594,16,0.391,0.333,0.388,0.361,0.437,0.374,0.338,0.483,0.414
1676586370.2979572,17,0.391,0.333,0.388,0.361,0.437,0.374,0.338,0.483,0.414
1676586371.3115935,18,0.391,0.333,0.388,0.361,0.437,0.374,0.338,0.483,0.414
1676586372.3253884,19,0.391,0.333,0.388,0.361,0.437,0.374,0.338,0.483,0.414
1676586373.3383358,20,0.391,0.333,0.388,0.361,0.437,0.374,0.338,0.483,0.414
1676586374.3592474,21,0.391,0.333,0.388,0.361,0.437,0.374,0.338,0.483,0.414
1676586375.3718092,23,0.391,0.333,0.388,0.361,0.437,0.374,0.338,0.483,0.414
1676586376.3857129,24,0.391,0.333,0.388,0.361,0.437,0.374,0.338,0.483,0.414
1676586377.3890262,25,0.391,0.333,0.388,0.361,0.437,0.374,0.338,0.483,0.414
1676586378.4009964,25,0.391,0.333,0.388,0.361,0.437,0.374,0.338,0.483,0.414
1676586379.4135985,26,0.391,0.333,0.388,0.361,0.437,0.374,0.338,0.483,0.414
1676586380.4272444,27,0.391,0.333,0.388,0.361,0.437,0.374,0.338,0.483,0.414
1676586381.4396555,28,0.391,0.333,0.388,0.361,0.437,0.374,0.338,0.483,0.414
1676586382.4513848,29,0.391,0.333,0.388,0.361,0.437,0.374,0.338,0.483,0.414
1676586383.4555125,30,0.391,0.333,0.388,0.361,0.437,0.374,0.338,0.483,0.414
1676586384.466964,30,0.391,0.333,0.388,0.361,0.437,0.374,0.338,0.483,0.414
1676586385.4713771,31,0.391,0.333,0.388,0.361,0.437,0.374,0.338,0.483,0.414
1676586386.482516,31,0.391,0.333,0.388,0.361,0.437,0.374,0.338,0.483,0.414
1676586387.4956915,32,0.391,0.333,0.388,0.361,0.437,0.374,0.338,0.483,0.414
1676586388.5012465,33,0.391,0.333,0.388,0.361,0.437,0.374,0.338,0.483,0.414
1676586389.5041313,33,0.391,0.333,0.388,0.361,0.437,0.374,0.338,0.483,0.414
1676586390.5156567,33,0.391,0.333,0.388,0.361,0.437,0.374,0.338,0.483,0.414
1676586391.5193918,34,0.391,0.333,0.388,0.361,0.437,0.374,0.338,0.483,0.414
1676586392.522151,34,0.391,0.333,0.388,0.361,0.437,0.374,0.338,0.483,0.414
1676586393.532768,34,0.391,0.333,0.388,0.361,0.437,0.374,0.338,0.483,0.414
1676586394.5381353,35,0.391,0.333,0.388,0.361,0.437,0.374,0.338,0.483,0.414
1676586395.54113,35,0.391,0.333,0.388,0.361,0.437,0.374,0.338,0.483,0.414
1676586396.5433688,35,0.391,0.333,0.388,0.361,0.437,0.374,0.338,0.483,0.414
1676586397.5463884,35,0.391,0.333,0.388,0.361,0.437,0.374,0.338,0.483,0.414
1676586398.5492048,35,0.391,0.333,0.388,0.361,0.437,0.374,0.338,0.483,0.414
1676586399.5520964,35,0.391,0.333,0.388,0.361,0.437,0.374,0.338,0.483,0.414
1676586400.5550704,35,0.391,0.333,0.388,0.361,0.437,0.374,0.338,0.483,0.414
1676586401.5579963,35,0.391,0.333,0.388,0.361,0.437,0.374,0.338,0.483,0.414
1676586402.569857,34,0.391,0.333,0.388,0.361,0.437,0.374,0.338,0.483,0.414
1676586403.5729094,34,0.391,0.333,0.388,0.361,0.437,0.374,0.338,0.483,0.414
1676586404.5760112,34,0.391,0.333,0.388,0.361,0.437,0.374,0.338,0.483,0.414
1676586405.5882275,33,0.391,0.333,0.388,0.361,0.437,0.374,0.338,0.483,0.414
1676586406.5912452,33,0.391,0.333,0.388,0.361,0.437,0.374,0.338,0.483,0.414
1676586407.5941927,33,0.391,0.333,0.388,0.361,0.437,0.374,0.338,0.483,0.414
1676586408.60669,32,0.391,0.333,0.388,0.361,0.437,0.374,0.338,0.483,0.414
1676586409.6191657,31,0.391,0.333,0.388,0.361,0.437,0.374,0.338,0.483,0.414
1676586410.6221485,31,0.391,0.333,0.388,0.361,0.437,0.374,0.338,0.483,0.414
1676586411.63513,30,0.391,0.333,0.388,0.361,0.437,0.374,0.338,0.483,0.414
1676586412.6379423,30,0.391,0.333,0.388,0.361,0.437,0.374,0.338,0.483,0.414
1676586413.6499636,29,0.391,0.333,0.388,0.361,0.437,0.374,0.338,0.483,0.414
1676586414.6619055,28,0.391,0.333,0.388,0.361,0.437,0.374,0.338,0.483,0.414
1676586415.6738331,27,0.391,0.333,0.388,0.361,0.437,0.374,0.338,0.483,0.414
1676586416.685804,26,0.391,0.333,0.388,0.361,0.437,0.374,0.338,0.483,0.414
1676586417.6980815,25,0.391,0.333,0.388,0.361,0.437,0.374,0.338,0.483,0.414
1676586418.7010977,25,0.391,0.333,0.388,0.361,0.437,0.374,0.338,0.483,0.414
1676586419.7127476,24,0.391,0.333,0.388,0.361,0.437,0.374,0.338,0.483,0.414
1676586420.7241104,23,0.391,0.333,0.388,0.361,0.437,0.374,0.338,0.483,0.414
1676586421.7430763,21,0.391,0.333,0.388,0.361,0.437,0.374,0.338,0.483,0.414
1676586422.75456,20,0.391,0.333,0.388,0.361,0.437,0.374,0.338,0.483,0.414
1676586423.7661433,19,0.391,0.333,0.388,0.361,0.437,0.374,0.338,0.483,0.414
1676586424.7792552,18,0.391,0.333,0.388,0.361,0.437,0.374,0.338,0.483,0.414
1676586425.7900913,17,0.391,0.333,0.388,0.361,0.437,0.374,0.338,0.483,0.414
1676586426.8021789,16,0.391,0.333,0.388,0.361,0.437,0.374,0.338,0.483,0.414
1676586427.8237016,14,0.391,0.333,0.388,0.361,0.437,0.374,0.338,0.483,0.414
1676586428.8348298,13,0.391,0.333,0.388,0.361,0.437,0.374,0.338,0.483,0.414
1676586429.8462846,12,0.391,0.333,0.388,0.361,0.437,0.374,0.338,0.483,0.414
1676586430.8662035,10,0.391,0.333,0.388,0.361,0.437,0.374,0.338,0.483,0.414
1676586431.8777766,9,0.391,0.333,0.388,0.361,0.437,0.374,0.338,0.483,0.414
1676586432.8908699,8,0.391,0.333,0.388,0.361,0.437,0.374,0.338,0.483,0.414
1676586433.9131346,6,0.391,0.333,0.388,0.361,0.437,0.374,0.338,0.483,0.414
1676586434.9255023,5,0.391,0.333,0.388,0.361,0.437,0.374,0.338,0.483,0.414
1676586435.9444804,3,0.391,0.333,0.388,0.361,0.437,0.374,0.338,0.483,0.414
1676586436.9557903,2,0.391,0.333,0.388,0.361,0.437,0.374,0.338,0.483,0.414
1676586437.977309,0,0.391,0.333,0.388,0.361,0.437,0.374,0.338,0.483,0.414
1676586438.986958,0,0.391,0.333,0.388,0.361,0.437,0.374,0.338,0.483,0.414
1676586440.005097,1,0.391,0.333,0.388,0.361,0.437,0.374,0.338,0.483,0.414
1676586441.0164065,3,0.391,0.333,0.388,0.361,0.437,0.374,0.338,0.483,0.414
1676586442.0354898,4,0.391,0.333,0.388,0.361,0.437,0.374,0.338,0.483,0.414
1676586443.0463362,6,0.391,0.333,0.388,0.361,0.437,0.374,0.338,0.483,0.414
1676586444.066541,7,0.391,0.333,0.388,0.361,0.437,0.374,0.338,0.483,0.414
1676586445.0796523,9,0.391,0.333,0.388,0.361,0.437,0.374,0.338,0.483,0.414
1676586446.099474,10,0.391,0.333,0.388,0.361,0.437,0.374,0.338,0.483,0.414
1676586447.1119237,12,0.391,0.333,0.388,0.361,0.437,0.374,0.338,0.483,0.414
