1675428580.5378187,40,None,None,None,None,None,None,None,None,None
1675428581.544024,40,None,None,None,None,None,None,None,None,None
1675428582.5461812,40,None,None,None,None,None,None,None,None,None
1675428583.5482528,40,None,None,None,None,None,None,None,None,None
1675428584.5508337,40,None,None,None,None,None,None,None,None,None
1675428585.5528016,40,None,None,None,None,None,None,None,None,None
1675428586.5551593,40,None,None,None,None,None,None,None,None,None
1675428587.5578067,40,None,None,None,None,None,None,None,None,None
1675428588.5592148,40,None,None,None,None,None,None,None,None,None
1675428589.5616019,40,None,None,None,None,None,None,None,None,None
1675428590.5637507,40,None,None,None,None,None,None,None,None,None
1675428591.566358,40,4.708,2.397,4.611,3.509,6.577,4.055,2.598,8.397,5.647
1675428592.5678773,40,4.947,2.636,4.851,3.749,6.817,4.295,2.837,8.637,5.887
1675428593.5707736,40,4.967,2.656,4.870,3.769,6.837,4.315,2.857,8.657,5.906
1675428594.5734322,40,4.985,2.674,4.888,3.786,6.854,4.333,2.875,8.674,5.924
1675428595.5763586,40,5.000,2.689,4.903,3.801,6.869,4.348,2.890,8.689,5.939
1675428596.5792212,40,5.013,2.702,4.916,3.814,6.882,4.360,2.903,8.702,5.952
1675428597.581927,40,5.025,2.714,4.929,3.827,6.895,4.373,2.915,8.715,5.965
1675428598.5848215,40,5.036,2.725,4.939,3.838,6.906,4.384,2.926,8.726,5.975
1675428599.5872793,40,5.044,2.733,4.947,3.845,6.913,4.392,2.934,8.733,5.983
1675428600.5896103,40,5.049,2.738,4.952,3.850,6.918,4.397,2.939,8.738,5.988
1675428601.5930865,40,5.052,2.741,4.955,3.853,6.921,4.399,2.942,8.741,5.991
1675428602.5952637,40,5.055,2.744,4.958,3.856,6.924,4.402,2.945,8.744,5.994
1675428603.5979102,40,5.058,2.747,4.961,3.859,6.927,4.405,2.947,8.747,5.997
1675428604.6007345,40,5.061,2.750,4.964,3.862,6.930,4.408,2.951,8.750,6.000
1675428605.6032994,40,5.065,2.754,4.968,3.866,6.934,4.412,2.955,8.754,6.004
1675428606.6060152,40,5.068,2.757,4.971,3.869,6.937,4.415,2.957,8.757,6.007
1675428607.6087923,40,5.071,2.760,4.974,3.872,6.940,4.418,2.960,8.760,6.010
1675428608.6117322,40,5.073,2.762,4.976,3.874,6.942,4.421,2.963,8.762,6.012
1675428609.6144724,40,5.076,2.765,4.979,3.878,6.946,4.424,2.966,8.766,6.015
1675428610.6174774,40,5.079,2.768,4.982,3.880,6.948,4.426,2.969,8.768,6.018
1675428611.6192589,40,5.081,2.770,4.985,3.883,6.951,4.429,2.971,8.771,6.021
1675428612.6216657,40,5.085,2.774,4.988,3.886,6.954,4.433,2.975,8.774,6.024
1675428613.623999,40,5.089,2.778,4.992,3.890,6.958,4.436,2.978,8.778,6.028
1675428614.6266901,40,5.093,2.782,4.996,3.894,6.962,4.441,2.983,8.782,6.032
1675428615.6294665,40,5.097,2.786,5.000,3.898,6.966,4.444,2.986,8.786,6.036
1675428616.6321647,40,5.100,2.789,5.003,3.901,6.969,4.448,2.990,8.789,6.039
1675428617.634903,40,5.103,2.792,5.006,3.904,6.972,4.450,2.993,8.792,6.042
1675428618.6380684,40,5.106,2.795,5.009,3.908,6.976,4.454,2.996,8.796,6.045
1675428619.6406078,40,5.110,2.799,5.013,3.911,6.979,4.458,3.000,8.799,6.049
1675428620.643593,40,5.114,2.803,5.017,3.915,6.983,4.462,3.004,8.803,6.053
1675428621.6464198,40,5.119,2.808,5.022,3.920,6.988,4.466,3.009,8.808,6.058
1675428622.6493618,40,5.123,2.812,5.026,3.924,6.992,4.470,3.012,8.812,6.062
1675428623.6512158,40,5.126,2.815,5.029,3.928,6.996,4.474,3.016,8.816,6.065
1675428624.6542494,40,5.129,2.818,5.032,3.930,6.998,4.477,3.019,8.818,6.068
1675428625.65714,40,5.132,2.821,5.036,3.934,7.002,4.480,3.022,8.822,6.072
1675428626.660345,40,5.136,2.825,5.039,3.937,7.005,4.483,3.026,8.825,6.075
1675428627.6632583,40,5.139,2.828,5.042,3.940,7.008,4.486,3.028,8.828,6.078
1675428628.6662226,40,5.141,2.830,5.045,3.943,7.011,4.489,3.031,8.831,6.081
1675428629.668958,40,5.144,2.833,5.047,3.945,7.013,4.492,3.034,8.833,6.083
1675428630.6717918,40,5.146,2.835,5.049,3.947,7.015,4.493,3.036,8.835,6.085
1675428631.6744187,40,5.147,2.836,5.051,3.949,7.017,4.495,3.037,8.837,6.087
1675428632.6771824,40,5.149,2.838,5.052,3.950,7.018,4.496,3.038,8.838,6.088
1675428633.6792142,40,5.150,2.839,5.053,3.951,7.019,4.497,3.040,8.839,6.089
1675428634.6819005,40,5.151,2.840,5.054,3.952,7.020,4.498,3.040,8.840,6.090
1675428635.6845317,40,5.151,2.840,5.054,3.952,7.020,4.499,3.041,8.840,6.090
1675428636.687195,40,5.151,2.840,5.055,3.953,7.021,4.499,3.041,8.841,6.091
1675428637.689774,40,5.152,2.841,5.056,3.954,7.022,4.500,3.042,8.842,6.092
1675428638.6926875,40,5.153,2.842,5.056,3.954,7.022,4.500,3.043,8.842,6.092
1675428639.695476,40,5.153,2.842,5.056,3.954,7.022,4.501,3.043,8.842,6.092
1675428640.6981406,40,5.153,2.842,5.057,3.955,7.023,4.501,3.043,8.843,6.093
1675428641.7008836,40,5.153,2.842,5.056,3.955,7.023,4.501,3.043,8.843,6.092
1675428642.70326,40,5.154,2.843,5.057,3.955,7.023,4.502,3.044,8.843,6.093
1675428643.7060313,40,5.154,2.843,5.057,3.955,7.023,4.501,3.044,8.843,6.093
1675428644.7087984,40,5.155,2.844,5.058,3.956,7.024,4.502,3.045,8.844,6.094
1675428645.7112224,40,5.154,2.843,5.057,3.955,7.023,4.502,3.044,8.843,6.093
1675428646.714042,40,5.154,2.843,5.057,3.956,7.024,4.502,3.044,8.843,6.093
1675428647.7167668,40,5.154,2.843,5.058,3.956,7.024,4.502,3.044,8.844,6.094
1675428648.7192297,40,5.155,2.844,5.058,3.957,7.025,4.503,3.045,8.845,6.094
1675428649.7216706,40,5.155,2.844,5.058,3.957,7.025,4.503,3.045,8.845,6.094
1675428650.724462,40,5.156,2.845,5.059,3.957,7.025,4.504,3.046,8.845,6.095
1675428651.727217,40,5.156,2.845,5.060,3.958,7.026,4.504,3.046,8.846,6.096
1675428652.7291353,40,5.157,2.846,5.060,3.958,7.026,4.505,3.047,8.846,6.096
1675428653.731321,40,5.158,2.847,5.061,3.959,7.027,4.506,3.048,8.847,6.097
1675428654.7340653,40,5.159,2.848,5.062,3.960,7.028,4.506,3.049,8.848,6.098
1675428655.736868,40,5.160,2.849,5.063,3.961,7.029,4.507,3.050,8.849,6.099
1675428656.7393274,40,5.161,2.850,5.064,3.963,7.031,4.509,3.051,8.851,6.100
1675428657.7422073,40,5.163,2.852,5.066,3.964,7.032,4.511,3.053,8.852,6.102
1675428658.7450895,40,5.165,2.854,5.068,3.966,7.034,4.513,3.055,8.854,6.104
1675428659.7482083,40,5.167,2.856,5.070,3.968,7.036,4.515,3.057,8.856,6.106
1675428660.7510386,40,5.169,2.858,5.072,3.971,7.039,4.517,3.059,8.858,6.108
1675428661.753707,40,5.171,2.860,5.074,3.972,7.040,4.519,3.061,8.860,6.110
1675428662.7567089,40,5.173,2.862,5.076,3.975,7.043,4.521,3.063,8.863,6.112
1675428663.7593849,40,5.175,2.864,5.078,3.977,7.045,4.523,3.065,8.865,6.114
1675428664.7623138,40,5.178,2.867,5.081,3.979,7.047,4.525,3.068,8.867,6.117
1675428665.7650821,40,5.180,2.869,5.083,3.981,7.049,4.527,3.070,8.869,6.119
1675428666.7680357,40,5.181,2.870,5.084,3.983,7.051,4.529,3.071,8.871,6.120
1675428667.7708735,40,5.184,2.873,5.087,3.985,7.053,4.532,3.074,8.873,6.123
1675428668.7737374,40,5.185,2.874,5.089,3.987,7.055,4.533,3.075,8.875,6.125
1675428669.7765772,40,5.187,2.876,5.091,3.989,7.057,4.535,3.077,8.877,6.127
1675428670.7793212,40,5.190,2.879,5.093,3.991,7.059,4.537,3.080,8.879,6.129
1675428671.781975,40,5.192,2.881,5.095,3.993,7.061,4.539,3.082,8.881,6.131
1675428672.784652,40,5.193,2.882,5.096,3.995,7.063,4.541,3.083,8.883,6.132
1675428673.7872202,40,5.195,2.884,5.098,3.997,7.065,4.543,3.085,8.885,6.134
1675428674.7898579,40,5.197,2.886,5.100,3.998,7.066,4.544,3.086,8.886,6.136
1675428675.7934995,40,5.198,2.887,5.101,3.999,7.067,4.546,3.088,8.887,6.137
1675428676.796491,40,5.199,2.888,5.102,4.001,7.069,4.547,3.089,8.889,6.138
1675428677.7993145,40,5.200,2.889,5.104,4.002,7.070,4.548,3.090,8.890,6.140
1675428678.8019817,40,5.202,2.891,5.105,4.003,7.071,4.549,3.092,8.891,6.141
1675428679.804714,40,5.203,2.892,5.106,4.004,7.072,4.551,3.093,8.892,6.142
1675428680.8074446,40,5.204,2.893,5.108,4.006,7.074,4.552,3.094,8.894,6.144
1675428681.8092012,40,5.206,2.895,5.109,4.008,7.076,4.554,3.096,8.895,6.145
1675428682.8112586,40,5.209,2.898,5.112,4.010,7.078,4.556,3.098,8.898,6.148
1675428683.8139021,40,5.211,2.900,5.115,4.013,7.081,4.559,3.101,8.901,6.151
1675428684.8165026,40,5.214,2.903,5.117,4.015,7.083,4.561,3.104,8.903,6.153
1675428685.818951,40,5.216,2.905,5.120,4.018,7.086,4.564,3.106,8.906,6.156
1675428686.8215575,40,5.218,2.907,5.121,4.019,7.087,4.566,3.108,8.907,6.157
1675428687.8243704,40,5.220,2.909,5.123,4.021,7.089,4.568,3.110,8.909,6.159
1675428688.826944,40,5.222,2.911,5.125,4.023,7.091,4.570,3.112,8.911,6.161
1675428689.8296084,40,5.224,2.913,5.127,4.025,7.093,4.572,3.114,8.913,6.163
1675428690.8325245,40,5.225,2.914,5.128,4.026,7.094,4.572,3.115,8.914,6.164
1675428691.835259,40,5.225,2.914,5.128,4.027,7.095,4.573,3.115,8.915,6.164
1675428692.8380115,40,5.225,2.914,5.128,4.027,7.095,4.573,3.115,8.915,6.164
1675428693.840528,40,5.225,2.914,5.128,4.027,7.095,4.573,3.115,8.915,6.164
1675428694.843249,40,5.225,2.914,5.128,4.026,7.094,4.573,3.115,8.914,6.164
1675428695.8459525,40,5.225,2.914,5.128,4.027,7.095,4.573,3.115,8.915,6.164
1675428696.8487957,40,5.225,2.914,5.129,4.027,7.095,4.573,3.115,8.915,6.165
1675428697.851246,40,5.227,2.916,5.130,4.028,7.096,4.574,3.116,8.916,6.166
1675428698.8539958,40,5.228,2.917,5.131,4.029,7.097,4.576,3.118,8.917,6.167
1675428699.8572514,40,5.230,2.919,5.133,4.032,7.100,4.578,3.120,8.919,6.169
1675428700.8593843,40,5.233,2.922,5.136,4.034,7.102,4.581,3.123,8.922,6.172
1675428701.862126,40,5.236,2.925,5.139,4.037,7.105,4.583,3.126,8.925,6.175
1675428702.8654492,40,5.239,2.928,5.142,4.040,7.108,4.587,3.129,8.928,6.178
1675428703.8689468,40,5.242,2.931,5.145,4.044,7.112,4.590,3.132,8.932,6.181
1675428704.8717556,40,5.246,2.935,5.149,4.048,7.116,4.594,3.136,8.935,6.185
1675428705.8744676,40,5.250,2.939,5.153,4.052,7.120,4.598,3.140,8.940,6.189
1675428706.876599,40,5.254,2.943,5.157,4.056,7.124,4.602,3.144,8.944,6.193
1675428707.8793614,40,5.258,2.947,5.161,4.059,7.127,4.606,3.148,8.947,6.197
1675428708.8822937,40,5.261,2.950,5.164,4.062,7.130,4.609,3.151,8.950,6.200
1675428709.8851922,40,5.265,2.954,5.168,4.066,7.134,4.612,3.155,8.954,6.204
1675428710.8872344,40,5.269,2.958,5.172,4.070,7.138,4.616,3.159,8.958,6.208
1675428711.8899987,40,5.272,2.961,5.176,4.074,7.142,4.620,3.162,8.962,6.212
1675428712.8928995,40,5.278,2.967,5.181,4.079,7.147,4.625,3.167,8.967,6.217
1675428713.895397,40,5.282,2.971,5.185,4.083,7.151,4.630,3.172,8.971,6.221
1675428714.8984416,40,5.286,2.975,5.189,4.087,7.155,4.633,3.176,8.975,6.225
1675428715.9014332,40,5.289,2.978,5.193,4.091,7.159,4.637,3.179,8.979,6.229
1675428716.9041142,40,5.293,2.982,5.196,4.094,7.162,4.641,3.183,8.982,6.232
1675428717.9066606,40,5.297,2.986,5.200,4.098,7.166,4.645,3.187,8.986,6.236
1675428718.9096127,40,5.300,2.989,5.203,4.102,7.170,4.648,3.190,8.990,6.239
1675428719.912489,40,5.303,2.992,5.206,4.104,7.172,4.651,3.193,8.992,6.242
1675428720.915333,40,5.305,2.994,5.208,4.106,7.174,4.653,3.195,8.994,6.244
1675428721.918256,40,5.306,2.995,5.209,4.108,7.176,4.654,3.196,8.996,6.245
1675428722.9212096,40,5.307,2.996,5.210,4.109,7.177,4.655,3.197,8.996,6.246
1675428723.9238477,40,5.308,2.997,5.212,4.110,7.178,4.656,3.198,8.998,6.248
1675428724.9265568,40,5.310,2.999,5.213,4.111,7.179,4.658,3.200,8.999,6.249
1675428725.9293444,40,5.312,3.001,5.215,4.113,7.181,4.659,3.201,9.001,6.251
1675428726.932296,40,5.313,3.002,5.216,4.115,7.183,4.661,3.203,9.003,6.252
1675428727.9351277,40,5.315,3.004,5.218,4.116,7.184,4.662,3.205,9.004,6.254
1675428728.9377117,40,5.316,3.005,5.219,4.118,7.186,4.664,3.206,9.006,6.255
1675428729.9406939,40,5.317,3.006,5.221,4.119,7.187,4.665,3.207,9.007,6.257
1675428730.9433181,40,5.319,3.008,5.222,4.120,7.188,4.666,3.208,9.008,6.258
1675428731.9459755,40,5.319,3.008,5.222,4.121,7.189,4.667,3.209,9.009,6.258
1675428732.9488757,40,5.320,3.009,5.223,4.121,7.189,4.668,3.210,9.009,6.259
1675428733.9513416,40,5.322,3.011,5.226,4.124,7.192,4.670,3.212,9.012,6.262
1675428734.9542623,40,5.324,3.013,5.228,4.126,7.194,4.672,3.214,9.014,6.264
1675428735.957112,40,5.327,3.016,5.230,4.128,7.196,4.674,3.216,9.016,6.266
1675428736.9592419,40,5.329,3.018,5.232,4.130,7.198,4.676,3.219,9.018,6.268
1675428737.9621,40,5.331,3.020,5.234,4.132,7.200,4.678,3.220,9.020,6.270
1675428738.9651442,40,5.332,3.021,5.235,4.134,7.202,4.680,3.222,9.022,6.271
1675428739.9673698,40,5.334,3.023,5.237,4.135,7.203,4.682,3.224,9.023,6.273
1675428740.9699843,40,5.335,3.024,5.238,4.137,7.205,4.683,3.225,9.025,6.274
1675428741.97315,40,5.336,3.025,5.239,4.138,7.206,4.684,3.226,9.025,6.275
1675428742.9752533,40,5.337,3.026,5.240,4.138,7.206,4.685,3.227,9.026,6.276
1675428743.9783754,40,5.338,3.027,5.241,4.139,7.207,4.685,3.227,9.027,6.277
1675428744.9813328,40,5.338,3.027,5.241,4.140,7.208,4.686,3.228,9.027,6.277
1675428745.9846425,40,5.339,3.028,5.242,4.140,7.208,4.686,3.229,9.028,6.278
1675428746.9873612,40,5.339,3.028,5.242,4.140,7.208,4.687,3.229,9.028,6.278
1675428747.990589,40,5.339,3.028,5.242,4.140,7.208,4.687,3.229,9.028,6.278
1675428748.9932892,40,5.339,3.028,5.243,4.141,7.209,4.687,3.229,9.029,6.279
1675428749.9952264,40,5.340,3.029,5.243,4.141,7.209,4.688,3.230,9.029,6.279
1675428750.9978786,40,5.341,3.030,5.244,4.142,7.210,4.688,3.230,9.030,6.280
1675428752.0007172,40,5.341,3.030,5.244,4.142,7.210,4.688,3.230,9.030,6.280
1675428753.0032623,40,5.341,3.030,5.244,4.142,7.210,4.688,3.231,9.030,6.280
1675428754.0062215,40,5.339,3.028,5.242,4.141,7.209,4.687,3.229,9.029,6.278
1675428755.0093012,40,5.338,3.027,5.241,4.140,7.208,4.686,3.228,9.028,6.277
1675428756.0114195,40,5.338,3.027,5.241,4.140,7.208,4.686,3.228,9.028,6.277
1675428757.0146272,40,5.338,3.027,5.242,4.140,7.208,4.686,3.228,9.028,6.278
1675428758.0173893,40,5.338,3.027,5.241,4.139,7.207,4.686,3.228,9.027,6.277
1675428759.0205317,40,5.338,3.027,5.241,4.140,7.208,4.686,3.228,9.028,6.277
1675428760.0232418,40,5.339,3.028,5.242,4.140,7.208,4.686,3.229,9.028,6.278
1675428761.026649,40,5.339,3.028,5.242,4.140,7.208,4.687,3.229,9.028,6.278
1675428762.0299675,40,5.339,3.028,5.243,4.141,7.209,4.687,3.229,9.029,6.279
1675428763.0328286,40,5.340,3.029,5.243,4.141,7.209,4.687,3.230,9.029,6.279
1675428764.0357006,40,5.341,3.030,5.244,4.142,7.210,4.688,3.231,9.030,6.280
1675428765.038555,40,5.342,3.031,5.245,4.144,7.212,4.690,3.232,9.031,6.281
1675428766.0415583,40,5.344,3.033,5.247,4.146,7.214,4.692,3.234,9.034,6.283
1675428767.0444443,40,5.346,3.035,5.249,4.148,7.216,4.694,3.236,9.036,6.285
1675428768.047278,40,5.349,3.038,5.252,4.150,7.218,4.697,3.239,9.038,6.288
1675428769.0502543,40,5.352,3.041,5.255,4.153,7.221,4.700,3.242,9.041,6.291
1675428770.0532436,40,5.354,3.043,5.257,4.156,7.224,4.702,3.244,9.043,6.293
1675428771.0561137,40,5.357,3.046,5.260,4.158,7.226,4.705,3.247,9.046,6.296
1675428772.059249,40,5.360,3.049,5.263,4.161,7.229,4.707,3.250,9.049,6.299
1675428773.0622234,40,5.362,3.051,5.265,4.164,7.232,4.710,3.252,9.052,6.301
1675428774.0649343,40,5.365,3.054,5.268,4.166,7.234,4.713,3.255,9.054,6.304
1675428775.068229,40,5.367,3.056,5.270,4.168,7.236,4.715,3.257,9.056,6.306
1675428776.0710793,40,5.369,3.058,5.272,4.170,7.238,4.717,3.259,9.058,6.308
1675428777.0737267,40,5.371,3.060,5.274,4.172,7.240,4.719,3.261,9.060,6.310
1675428778.076512,40,5.372,3.061,5.275,4.174,7.242,4.720,3.262,9.062,6.311
1675428779.079379,40,5.374,3.063,5.277,4.175,7.243,4.721,3.264,9.063,6.313
1675428780.0822256,40,5.375,3.064,5.278,4.177,7.245,4.723,3.265,9.064,6.314
1675428781.0845542,40,5.377,3.066,5.280,4.178,7.246,4.724,3.267,9.066,6.316
1675428782.0872126,40,5.378,3.067,5.281,4.179,7.247,4.725,3.268,9.067,6.317
1675428783.0898967,40,5.380,3.069,5.283,4.181,7.249,4.727,3.270,9.069,6.319
1675428784.092834,40,5.382,3.071,5.285,4.183,7.251,4.730,3.272,9.071,6.321
1675428785.0951872,40,5.384,3.073,5.287,4.186,7.254,4.732,3.274,9.073,6.323
1675428786.0971339,40,5.386,3.075,5.289,4.188,7.256,4.734,3.276,9.076,6.325
1675428787.0994086,40,5.389,3.078,5.293,4.191,7.259,4.737,3.279,9.079,6.329
1675428788.1025095,40,5.393,3.082,5.296,4.194,7.262,4.740,3.282,9.082,6.332
1675428789.1054692,40,5.396,3.085,5.299,4.198,7.266,4.744,3.286,9.086,6.335
1675428790.1081698,40,5.400,3.089,5.303,4.201,7.269,4.747,3.290,9.089,6.339
1675428791.1109805,40,5.403,3.092,5.307,4.205,7.273,4.751,3.293,9.093,6.343
1675428792.113877,40,5.407,3.096,5.310,4.208,7.276,4.755,3.297,9.096,6.346
1675428793.1169019,40,5.411,3.100,5.314,4.213,7.281,4.759,3.301,9.100,6.350
1675428794.1199086,40,5.415,3.104,5.318,4.216,7.284,4.762,3.304,9.104,6.354
1675428795.1233912,40,5.417,3.106,5.320,4.219,7.287,4.765,3.307,9.107,6.356
1675428796.1262493,40,5.420,3.109,5.323,4.222,7.290,4.768,3.310,9.110,6.359
1675428797.1284156,40,5.422,3.111,5.325,4.224,7.292,4.770,3.312,9.112,6.361
1675428798.1311522,40,5.425,3.114,5.328,4.226,7.294,4.772,3.314,9.114,6.364
1675428799.1338367,40,5.426,3.115,5.329,4.227,7.295,4.774,3.316,9.115,6.365
1675428800.1371355,40,5.428,3.117,5.331,4.229,7.297,4.776,3.318,9.117,6.367
1675428801.1403031,40,5.430,3.119,5.333,4.231,7.299,4.777,3.319,9.119,6.369
1675428802.14295,40,5.431,3.120,5.334,4.233,7.301,4.779,3.321,9.120,6.370
1675428803.1458063,40,5.432,3.121,5.335,4.233,7.301,4.779,3.322,9.121,6.371
1675428804.1488998,40,5.433,3.122,5.336,4.235,7.303,4.781,3.323,9.122,6.372
1675428805.1512914,40,5.434,3.123,5.337,4.235,7.303,4.782,3.324,9.123,6.373
1675428806.15447,40,5.435,3.124,5.338,4.236,7.304,4.783,3.325,9.124,6.374
1675428807.157336,40,5.436,3.125,5.339,4.238,7.306,4.784,3.326,9.125,6.375
1675428808.1592546,40,5.437,3.126,5.340,4.238,7.306,4.785,3.327,9.126,6.376
1675428809.161936,40,5.438,3.127,5.341,4.240,7.308,4.786,3.328,9.127,6.377
1675428810.1648843,40,5.439,3.128,5.343,4.241,7.309,4.787,3.329,9.129,6.379
1675428811.1676407,40,5.440,3.129,5.343,4.242,7.310,4.788,3.330,9.130,6.379
1675428812.1705327,40,5.442,3.131,5.345,4.243,7.311,4.789,3.332,9.131,6.381
1675428813.1732764,40,5.442,3.131,5.345,4.244,7.312,4.790,3.332,9.132,6.381
1675428814.1761687,40,5.443,3.132,5.346,4.244,7.312,4.791,3.333,9.132,6.382
1675428815.178943,40,5.444,3.133,5.347,4.245,7.313,4.792,3.334,9.133,6.383
1675428816.1817644,40,5.445,3.134,5.348,4.246,7.314,4.793,3.335,9.134,6.384
1675428817.184767,40,5.446,3.135,5.349,4.248,7.316,4.794,3.336,9.135,6.385
1675428818.187624,40,5.447,3.136,5.351,4.249,7.317,4.795,3.337,9.137,6.387
1675428819.1902306,40,5.449,3.138,5.352,4.251,7.319,4.797,3.339,9.139,6.388
1675428820.193008,40,5.452,3.141,5.355,4.253,7.321,4.799,3.341,9.141,6.391
1675428821.1954763,40,5.455,3.144,5.358,4.256,7.324,4.803,3.345,9.144,6.394
1675428822.198345,40,5.458,3.147,5.361,4.260,7.328,4.806,3.348,9.148,6.397
1675428823.2013535,40,5.462,3.151,5.365,4.263,7.331,4.809,3.352,9.151,6.401
1675428824.203255,40,5.466,3.155,5.369,4.267,7.335,4.813,3.355,9.155,6.405
1675428825.205995,40,5.469,3.158,5.372,4.270,7.338,4.817,3.359,9.158,6.408
1675428826.208832,40,5.472,3.161,5.375,4.273,7.341,4.820,3.362,9.161,6.411
1675428827.211808,40,5.474,3.163,5.377,4.276,7.344,4.822,3.364,9.164,6.413
1675428828.2145712,40,5.477,3.166,5.380,4.278,7.346,4.824,3.367,9.166,6.416
1675428829.2173288,40,5.478,3.167,5.381,4.279,7.347,4.826,3.368,9.167,6.417
1675428830.2193515,40,5.479,3.168,5.382,4.280,7.348,4.827,3.369,9.168,6.418
1675428831.2221096,40,5.479,3.168,5.382,4.281,7.349,4.827,3.369,9.169,6.418
1675428832.225194,40,5.480,3.169,5.383,4.281,7.349,4.827,3.370,9.169,6.419
1675428833.2271712,40,5.481,3.170,5.384,4.282,7.350,4.828,3.371,9.170,6.420
1675428834.2293894,40,5.482,3.171,5.385,4.283,7.351,4.830,3.372,9.171,6.421
1675428835.231293,40,5.483,3.172,5.386,4.284,7.352,4.830,3.373,9.172,6.422
1675428836.2343695,40,5.483,3.172,5.387,4.285,7.353,4.831,3.373,9.173,6.423
1675428837.2371223,40,5.485,3.174,5.388,4.286,7.354,4.832,3.375,9.174,6.424
1675428838.2392669,40,5.486,3.175,5.389,4.288,7.356,4.834,3.376,9.175,6.425
1675428839.2419155,40,5.488,3.177,5.391,4.290,7.358,4.836,3.378,9.177,6.427
1675428840.2448654,40,5.490,3.179,5.393,4.292,7.360,4.838,3.380,9.180,6.429
1675428841.2472696,40,5.494,3.183,5.397,4.295,7.363,4.842,3.384,9.183,6.433
1675428842.2499864,40,5.497,3.186,5.400,4.298,7.366,4.845,3.387,9.186,6.436
1675428843.2526681,40,5.500,3.189,5.403,4.302,7.370,4.848,3.390,9.190,6.439
1675428844.255354,40,5.503,3.192,5.406,4.305,7.373,4.851,3.393,9.192,6.442
1675428845.2583482,40,5.506,3.195,5.409,4.307,7.375,4.854,3.396,9.195,6.445
1675428846.2612443,40,5.509,3.198,5.412,4.311,7.379,4.857,3.399,9.199,6.448
1675428847.2642138,40,5.512,3.201,5.415,4.314,7.382,4.860,3.402,9.201,6.451
1675428848.267081,40,5.515,3.204,5.418,4.316,7.384,4.862,3.405,9.204,6.454
1675428849.2697697,40,5.517,3.206,5.420,4.319,7.387,4.865,3.407,9.206,6.456
1675428850.2727,40,5.519,3.208,5.422,4.321,7.389,4.867,3.409,9.209,6.458
1675428851.275417,40,5.521,3.210,5.424,4.322,7.390,4.869,3.411,9.210,6.460
1675428852.278285,40,5.522,3.211,5.425,4.324,7.392,4.870,3.412,9.212,6.461
1675428853.281237,40,5.524,3.213,5.427,4.325,7.393,4.871,3.413,9.213,6.463
1675428854.283445,40,5.524,3.213,5.427,4.325,7.393,4.872,3.414,9.213,6.463
1675428855.2860868,40,5.524,3.213,5.427,4.326,7.394,4.872,3.414,9.213,6.463
1675428856.2888372,40,5.525,3.214,5.428,4.326,7.394,4.872,3.414,9.214,6.464
1675428857.2913377,40,5.525,3.214,5.428,4.327,7.395,4.873,3.415,9.214,6.464
1675428858.2940502,40,5.525,3.214,5.428,4.327,7.395,4.873,3.415,9.215,6.464
1675428859.297048,40,5.526,3.215,5.429,4.327,7.395,4.873,3.415,9.215,6.465
1675428860.304401,40,5.525,3.214,5.429,4.327,7.395,4.873,3.415,9.215,6.465
1675428861.307233,40,5.525,3.214,5.428,4.326,7.394,4.873,3.415,9.214,6.464
1675428862.309906,40,5.524,3.213,5.428,4.326,7.394,4.872,3.414,9.214,6.464
1675428863.312612,40,5.524,3.213,5.427,4.325,7.393,4.872,3.414,9.213,6.463
1675428864.3152785,40,5.523,3.212,5.426,4.325,7.393,4.871,3.413,9.213,6.462
1675428865.3179986,40,5.523,3.212,5.426,4.325,7.393,4.871,3.413,9.212,6.462
1675428866.3209171,40,5.522,3.211,5.425,4.324,7.392,4.870,3.412,9.212,6.461
1675428867.3232408,40,5.522,3.211,5.425,4.323,7.391,4.869,3.412,9.211,6.461
1675428868.3258927,40,5.522,3.211,5.425,4.324,7.392,4.870,3.412,9.212,6.461
1675428869.328641,40,5.522,3.211,5.425,4.323,7.391,4.870,3.412,9.211,6.461
1675428870.3313742,40,5.522,3.211,5.425,4.323,7.391,4.870,3.412,9.211,6.461
1675428871.333217,40,5.522,3.211,5.426,4.324,7.392,4.870,3.412,9.212,6.462
1675428872.335219,40,5.523,3.212,5.426,4.324,7.392,4.871,3.413,9.212,6.462
1675428873.3378053,40,5.524,3.213,5.427,4.325,7.393,4.872,3.414,9.213,6.463
1675428874.340834,40,5.524,3.213,5.428,4.326,7.394,4.872,3.414,9.214,6.464
1675428875.3432925,40,5.525,3.214,5.428,4.326,7.394,4.873,3.415,9.214,6.464
1675428876.3462338,40,5.525,3.214,5.428,4.327,7.395,4.873,3.415,9.215,6.464
1675428877.3491757,40,5.526,3.215,5.429,4.327,7.395,4.874,3.416,9.215,6.465
1675428878.35205,40,5.526,3.215,5.429,4.327,7.395,4.873,3.416,9.215,6.465
1675428879.354818,40,5.526,3.215,5.429,4.327,7.395,4.874,3.416,9.215,6.465
1675428880.3574781,40,5.527,3.216,5.430,4.328,7.396,4.874,3.416,9.216,6.466
1675428881.3592813,40,5.527,3.216,5.430,4.328,7.396,4.875,3.417,9.216,6.466
1675428882.3621187,40,5.527,3.216,5.430,4.329,7.397,4.875,3.417,9.216,6.466
1675428883.3648856,40,5.528,3.217,5.431,4.329,7.397,4.875,3.418,9.217,6.467
1675428884.3676252,40,5.528,3.217,5.431,4.329,7.397,4.876,3.418,9.217,6.467
1675428885.3702743,40,5.529,3.218,5.432,4.330,7.398,4.876,3.419,9.218,6.468
1675428886.3732545,40,5.529,3.218,5.432,4.330,7.398,4.877,3.419,9.218,6.468
1675428887.3762755,40,5.530,3.219,5.433,4.331,7.399,4.878,3.420,9.219,6.469
1675428888.3792524,40,5.530,3.219,5.433,4.331,7.399,4.877,3.420,9.219,6.469
1675428889.3825285,40,5.531,3.220,5.434,4.333,7.401,4.879,3.421,9.220,6.470
1675428890.3854697,40,5.532,3.221,5.435,4.333,7.401,4.880,3.422,9.221,6.471
1675428891.3872747,40,5.534,3.223,5.437,4.335,7.403,4.881,3.424,9.223,6.473
1675428892.3899395,40,5.535,3.224,5.438,4.337,7.405,4.883,3.425,9.224,6.474
1675428893.3928638,40,5.536,3.225,5.440,4.338,7.406,4.884,3.426,9.226,6.476
1675428894.3952355,40,5.538,3.227,5.441,4.340,7.408,4.886,3.428,9.228,6.477
1675428895.3979135,40,5.540,3.229,5.443,4.341,7.409,4.888,3.430,9.229,6.479
1675428896.4008238,40,5.542,3.231,5.445,4.343,7.411,4.890,3.432,9.231,6.481
1675428897.4032469,40,5.543,3.232,5.446,4.344,7.412,4.891,3.433,9.232,6.482
1675428898.4060712,40,5.545,3.234,5.448,4.347,7.415,4.893,3.435,9.234,6.484
1675428899.4088473,40,5.547,3.236,5.450,4.348,7.416,4.894,3.436,9.236,6.486
1675428900.4115524,40,5.548,3.237,5.451,4.349,7.417,4.896,3.438,9.237,6.487
1675428901.4144971,40,5.549,3.238,5.452,4.350,7.418,4.897,3.439,9.238,6.488
1675428902.4175432,40,5.549,3.238,5.452,4.351,7.419,4.897,3.439,9.239,6.488
1675428903.419231,40,5.549,3.238,5.452,4.350,7.418,4.897,3.439,9.238,6.488
1675428904.4219363,40,5.549,3.238,5.452,4.350,7.418,4.897,3.439,9.238,6.488
1675428905.425019,40,5.549,3.238,5.452,4.350,7.418,4.896,3.439,9.238,6.488
1675428906.4281287,40,5.548,3.237,5.451,4.349,7.417,4.896,3.438,9.237,6.487
1675428907.430742,40,5.548,3.237,5.451,4.349,7.417,4.896,3.438,9.237,6.487
1675428908.4334242,40,5.547,3.236,5.450,4.349,7.417,4.895,3.437,9.236,6.486
1675428909.4355378,40,5.546,3.235,5.449,4.348,7.416,4.894,3.436,9.235,6.485
1675428910.4384062,40,5.545,3.234,5.449,4.347,7.415,4.893,3.435,9.235,6.485
1675428911.4414706,40,5.546,3.235,5.449,4.347,7.415,4.893,3.436,9.235,6.485
1675428912.444415,40,5.546,3.235,5.449,4.347,7.415,4.894,3.436,9.235,6.485
1675428913.4472558,40,5.546,3.235,5.449,4.348,7.416,4.894,3.436,9.236,6.485
1675428914.450083,40,5.548,3.237,5.451,4.349,7.417,4.895,3.437,9.237,6.487
1675428915.45299,40,5.549,3.238,5.452,4.350,7.418,4.897,3.439,9.238,6.488
1675428916.455244,40,5.551,3.240,5.454,4.352,7.420,4.898,3.441,9.240,6.490
1675428917.4580493,40,5.552,3.241,5.455,4.354,7.422,4.900,3.442,9.242,6.491
1675428918.4610012,40,5.554,3.243,5.457,4.356,7.424,4.902,3.444,9.243,6.493
1675428919.463307,40,5.556,3.245,5.459,4.357,7.425,4.903,3.446,9.245,6.495
1675428920.4659698,40,5.557,3.246,5.460,4.359,7.427,4.905,3.447,9.246,6.496
1675428921.4689054,40,5.558,3.247,5.462,4.360,7.428,4.906,3.448,9.248,6.498
1675428922.4712243,40,5.560,3.249,5.463,4.361,7.429,4.907,3.450,9.249,6.499
1675428923.4745252,40,5.561,3.250,5.464,4.362,7.430,4.908,3.451,9.250,6.500
1675428924.477311,40,5.561,3.250,5.464,4.363,7.431,4.909,3.451,9.251,6.500
1675428925.480529,40,5.562,3.251,5.465,4.363,7.431,4.910,3.452,9.251,6.501
1675428926.483251,40,5.563,3.252,5.466,4.364,7.432,4.911,3.453,9.252,6.502
1675428927.4861627,40,5.564,3.253,5.467,4.365,7.433,4.911,3.454,9.253,6.503
1675428928.4890063,40,5.565,3.254,5.468,4.366,7.434,4.912,3.455,9.254,6.504
1675428929.4912455,40,5.565,3.254,5.468,4.367,7.435,4.913,3.455,9.254,6.504
1675428930.494478,40,5.566,3.255,5.469,4.367,7.435,4.913,3.456,9.255,6.505
1675428931.497436,40,5.567,3.256,5.470,4.368,7.436,4.914,3.456,9.256,6.506
1675428932.5002537,40,5.567,3.256,5.471,4.369,7.437,4.915,3.457,9.257,6.507
1675428933.5031476,40,5.569,3.258,5.472,4.370,7.438,4.916,3.459,9.258,6.508
1675428934.5060585,40,5.569,3.258,5.472,4.371,7.439,4.917,3.459,9.259,6.508
1675428935.5090256,40,5.570,3.259,5.473,4.372,7.440,4.918,3.460,9.260,6.509
1675428936.511864,40,5.570,3.259,5.474,4.372,7.440,4.918,3.460,9.260,6.510
1675428937.5146828,40,5.571,3.260,5.474,4.372,7.440,4.919,3.461,9.260,6.510
1675428938.5174472,40,5.572,3.261,5.475,4.373,7.441,4.919,3.462,9.261,6.511
1675428939.5206034,40,5.572,3.261,5.475,4.373,7.441,4.920,3.462,9.261,6.511
1675428940.5233302,40,5.572,3.261,5.475,4.374,7.442,4.920,3.462,9.262,6.511
1675428941.525684,40,5.571,3.260,5.474,4.373,7.441,4.919,3.461,9.261,6.510
1675428942.5289116,40,5.571,3.260,5.474,4.373,7.441,4.919,3.461,9.260,6.510
1675428943.5312605,40,5.572,3.261,5.475,4.373,7.441,4.920,3.462,9.261,6.511
1675428944.53389,40,5.572,3.261,5.476,4.374,7.442,4.920,3.462,9.262,6.512
1675428945.5369666,40,5.573,3.262,5.476,4.374,7.442,4.921,3.463,9.262,6.512
1675428946.5392728,40,5.573,3.262,5.476,4.374,7.442,4.921,3.463,9.262,6.512
1675428947.5419676,40,5.574,3.263,5.477,4.375,7.443,4.921,3.463,9.263,6.513
1675428948.5448246,40,5.574,3.263,5.477,4.375,7.443,4.921,3.464,9.263,6.513
1675428949.5473866,40,5.574,3.263,5.477,4.375,7.443,4.921,3.464,9.263,6.513
1675428950.5502,40,5.573,3.262,5.476,4.375,7.443,4.921,3.463,9.263,6.512
1675428951.5531743,40,5.573,3.262,5.476,4.375,7.443,4.921,3.463,9.263,6.512
1675428952.5553088,40,5.574,3.263,5.477,4.375,7.443,4.922,3.464,9.263,6.513
1675428953.558222,40,5.574,3.263,5.477,4.375,7.443,4.921,3.464,9.263,6.513
1675428954.5610867,40,5.574,3.263,5.477,4.376,7.444,4.922,3.464,9.264,6.513
1675428955.5632584,40,5.575,3.264,5.478,4.376,7.444,4.922,3.465,9.264,6.514
1675428956.5660992,40,5.575,3.264,5.478,4.377,7.445,4.923,3.465,9.265,6.514
1675428957.5690076,40,5.576,3.265,5.479,4.378,7.446,4.924,3.466,9.266,6.515
1675428958.5712795,40,5.577,3.266,5.480,4.378,7.446,4.925,3.467,9.266,6.516
1675428959.5739849,40,5.579,3.268,5.482,4.380,7.448,4.926,3.469,9.268,6.518
1675428960.5770154,40,5.580,3.269,5.483,4.381,7.449,4.927,3.470,9.269,6.519
1675428961.5792928,40,5.582,3.271,5.485,4.383,7.451,4.929,3.471,9.271,6.521
1675428962.5821917,40,5.583,3.272,5.486,4.384,7.452,4.931,3.473,9.272,6.522
1675428963.5849981,40,5.585,3.274,5.488,4.386,7.454,4.933,3.475,9.274,6.524
1675428964.5872595,40,5.586,3.275,5.489,4.388,7.456,4.934,3.476,9.276,6.525
1675428965.5899546,40,5.587,3.276,5.491,4.389,7.457,4.935,3.477,9.277,6.527
1675428966.592888,40,5.589,3.278,5.492,4.390,7.458,4.936,3.478,9.278,6.528
1675428967.5952828,40,5.589,3.278,5.492,4.391,7.459,4.937,3.479,9.279,6.528
1675428968.5980835,40,5.590,3.279,5.493,4.392,7.460,4.938,3.480,9.280,6.529
1675428969.6009302,40,5.591,3.280,5.494,4.393,7.461,4.939,3.481,9.281,6.530
1675428970.6032426,40,5.592,3.281,5.495,4.393,7.461,4.940,3.482,9.281,6.531
1675428971.6059883,40,5.593,3.282,5.496,4.395,7.463,4.941,3.483,9.282,6.532
1675428972.6089196,40,5.594,3.283,5.497,4.396,7.464,4.942,3.484,9.283,6.533
1675428973.6112866,40,5.596,3.285,5.499,4.397,7.465,4.943,3.485,9.285,6.535
1675428974.6144602,40,5.597,3.286,5.500,4.398,7.466,4.944,3.486,9.286,6.536
1675428975.6172163,40,5.598,3.287,5.501,4.399,7.467,4.946,3.488,9.287,6.537
1675428976.6193078,40,5.599,3.288,5.502,4.400,7.468,4.947,3.489,9.288,6.538
1675428977.6220229,40,5.600,3.289,5.504,4.402,7.470,4.948,3.490,9.290,6.540
1675428978.6249232,40,5.602,3.291,5.505,4.403,7.471,4.950,3.492,9.291,6.541
1675428979.6272788,40,5.603,3.292,5.506,4.405,7.473,4.951,3.493,9.292,6.542
1675428980.6299815,40,5.605,3.294,5.508,4.406,7.474,4.953,3.495,9.294,6.544
1675428981.632866,40,5.606,3.295,5.509,4.408,7.476,4.954,3.496,9.296,6.545
1675428982.6353745,40,5.608,3.297,5.511,4.410,7.478,4.956,3.498,9.297,6.547
1675428983.637584,40,5.610,3.299,5.513,4.411,7.479,4.957,3.499,9.299,6.549
1675428984.6392455,40,5.611,3.300,5.514,4.413,7.481,4.959,3.501,9.301,6.550
1675428985.641979,40,5.612,3.301,5.515,4.414,7.482,4.960,3.502,9.301,6.551
1675428986.6451058,40,5.613,3.302,5.517,4.415,7.483,4.961,3.503,9.303,6.553
1675428987.6472955,40,5.615,3.304,5.518,4.416,7.484,4.962,3.505,9.304,6.554
1675428988.650212,40,5.615,3.304,5.518,4.416,7.484,4.963,3.505,9.304,6.554
1675428989.653247,40,5.616,3.305,5.519,4.417,7.485,4.964,3.506,9.305,6.555
1675428990.655244,40,5.616,3.305,5.519,4.417,7.485,4.964,3.506,9.305,6.555
1675428991.6580951,40,5.616,3.305,5.519,4.417,7.485,4.964,3.506,9.305,6.555
1675428992.6611543,40,5.615,3.304,5.518,4.417,7.485,4.963,3.505,9.305,6.554
1675428993.6641812,40,5.615,3.304,5.518,4.416,7.484,4.963,3.505,9.304,6.554
1675428994.6671617,40,5.614,3.303,5.517,4.416,7.484,4.962,3.504,9.304,6.553
1675428995.6701343,40,5.614,3.303,5.517,4.415,7.483,4.962,3.504,9.303,6.553
1675428996.6731563,40,5.613,3.302,5.516,4.415,7.483,4.961,3.503,9.302,6.552
1675428997.6752768,40,5.612,3.301,5.515,4.414,7.482,4.960,3.502,9.301,6.551
1675428998.6780553,40,5.611,3.300,5.514,4.412,7.480,4.959,3.501,9.300,6.550
1675428999.6809237,40,5.610,3.299,5.513,4.412,7.480,4.958,3.500,9.299,6.549
1675429000.683817,40,5.610,3.299,5.513,4.411,7.479,4.957,3.500,9.299,6.549
1675429001.686522,40,5.609,3.298,5.512,4.410,7.478,4.956,3.499,9.298,6.548
1675429002.689335,40,5.608,3.297,5.511,4.410,7.478,4.956,3.498,9.297,6.547
1675429003.6923716,40,5.607,3.296,5.510,4.408,7.476,4.955,3.497,9.296,6.546
1675429004.6952305,40,5.606,3.295,5.510,4.408,7.476,4.954,3.496,9.296,6.546
1675429005.6982012,40,5.605,3.294,5.508,4.407,7.475,4.953,3.495,9.294,6.544
1675429006.7009299,40,5.604,3.293,5.507,4.406,7.474,4.952,3.494,9.294,6.543
1675429007.703801,40,5.604,3.293,5.507,4.405,7.473,4.951,3.493,9.293,6.543
1675429008.7067497,40,5.602,3.291,5.505,4.404,7.472,4.950,3.492,9.292,6.541
1675429009.7096694,40,5.602,3.291,5.505,4.404,7.472,4.950,3.492,9.291,6.541
1675429010.7127712,40,5.601,3.290,5.504,4.403,7.471,4.949,3.491,9.291,6.540
1675429011.7152784,40,5.601,3.290,5.504,4.402,7.470,4.949,3.491,9.290,6.540
1675429012.7180665,40,5.600,3.289,5.503,4.402,7.470,4.948,3.490,9.289,6.539
1675429013.7209885,40,5.600,3.289,5.503,4.402,7.470,4.948,3.490,9.289,6.539
1675429014.7244322,40,5.600,3.289,5.503,4.401,7.469,4.948,3.490,9.289,6.539
1675429015.7273002,40,5.601,3.290,5.504,4.402,7.470,4.949,3.491,9.290,6.540
1675429016.730111,40,5.602,3.291,5.505,4.404,7.472,4.950,3.492,9.291,6.541
1675429017.7329907,40,5.604,3.293,5.507,4.405,7.473,4.951,3.494,9.293,6.543
1675429018.7353132,40,5.606,3.295,5.509,4.407,7.475,4.954,3.496,9.295,6.545
1675429019.7381318,40,5.607,3.296,5.510,4.409,7.477,4.955,3.497,9.297,6.546
1675429020.7411008,40,5.609,3.298,5.512,4.410,7.478,4.956,3.498,9.298,6.548
1675429021.743325,40,5.611,3.300,5.514,4.412,7.480,4.959,3.501,9.300,6.550
1675429022.746162,40,5.614,3.303,5.517,4.415,7.483,4.961,3.504,9.303,6.553
1675429023.749302,40,5.616,3.305,5.519,4.418,7.486,4.964,3.506,9.306,6.555
1675429024.7522213,40,5.619,3.308,5.522,4.420,7.488,4.966,3.508,9.308,6.558
1675429025.7548964,40,5.621,3.310,5.524,4.422,7.490,4.968,3.511,9.310,6.560
1675429026.7579906,40,5.622,3.311,5.525,4.424,7.492,4.970,3.512,9.312,6.561
1675429027.7611341,40,5.624,3.313,5.527,4.425,7.493,4.972,3.514,9.313,6.563
1675429028.7643096,40,5.626,3.315,5.529,4.427,7.495,4.973,3.516,9.315,6.565
1675429029.7671435,40,5.627,3.316,5.531,4.429,7.497,4.975,3.517,9.317,6.567
1675429030.770043,40,5.628,3.317,5.531,4.430,7.498,4.976,3.518,9.318,6.567
1675429031.7729027,40,5.629,3.318,5.532,4.430,7.498,4.977,3.519,9.318,6.568
1675429032.775404,40,5.629,3.318,5.532,4.431,7.499,4.977,3.519,9.319,6.568
1675429033.7783022,40,5.629,3.318,5.532,4.431,7.499,4.977,3.519,9.319,6.568
1675429034.781365,40,5.630,3.319,5.533,4.431,7.499,4.978,3.520,9.319,6.569
1675429035.784366,40,5.630,3.319,5.533,4.431,7.499,4.977,3.520,9.319,6.569
1675429036.7872906,40,5.629,3.318,5.533,4.431,7.499,4.977,3.519,9.319,6.569
1675429037.7901287,40,5.629,3.318,5.533,4.431,7.499,4.977,3.519,9.319,6.569
1675429038.7931805,40,5.629,3.318,5.532,4.430,7.498,4.976,3.519,9.318,6.568
1675429039.7953138,40,5.629,3.318,5.532,4.430,7.498,4.976,3.518,9.318,6.568
1675429040.797931,40,5.628,3.317,5.531,4.429,7.497,4.976,3.518,9.317,6.567
1675429041.8010454,40,5.628,3.317,5.531,4.429,7.497,4.975,3.517,9.317,6.567
1675429042.803916,40,5.627,3.316,5.530,4.429,7.497,4.975,3.517,9.317,6.566
1675429043.80689,40,5.627,3.316,5.530,4.429,7.497,4.975,3.517,9.317,6.566
1675429044.8098443,40,5.627,3.316,5.531,4.429,7.497,4.975,3.517,9.317,6.567
1675429045.812686,40,5.627,3.316,5.530,4.429,7.497,4.975,3.517,9.317,6.566
1675429046.8159206,40,5.628,3.317,5.531,4.429,7.497,4.976,3.518,9.317,6.567
1675429047.8187282,40,5.627,3.316,5.531,4.429,7.497,4.975,3.517,9.317,6.567
1675429048.8214855,40,5.628,3.317,5.531,4.430,7.498,4.976,3.518,9.318,6.567
1675429049.8244495,40,5.629,3.318,5.532,4.430,7.498,4.976,3.519,9.318,6.568
1675429050.8273304,40,5.630,3.319,5.533,4.431,7.499,4.977,3.520,9.319,6.569
1675429051.8300333,40,5.631,3.320,5.534,4.432,7.500,4.978,3.521,9.320,6.570
1675429052.8327546,40,5.632,3.321,5.535,4.433,7.501,4.980,3.522,9.321,6.571
1675429053.8355858,40,5.633,3.322,5.536,4.435,7.503,4.981,3.523,9.323,6.572
1675429054.8382728,40,5.634,3.323,5.537,4.435,7.503,4.982,3.524,9.323,6.573
1675429055.8411312,40,5.634,3.323,5.537,4.435,7.503,4.982,3.524,9.323,6.573
1675429056.8432612,40,5.634,3.323,5.537,4.436,7.504,4.982,3.524,9.324,6.573
1675429057.8461635,40,5.634,3.323,5.537,4.436,7.504,4.982,3.524,9.324,6.573
1675429058.8492367,40,5.634,3.323,5.537,4.436,7.504,4.982,3.524,9.323,6.573
1675429059.852167,40,5.634,3.323,5.537,4.436,7.504,4.982,3.524,9.324,6.573
1675429060.854794,40,5.634,3.323,5.537,4.435,7.503,4.982,3.524,9.323,6.573
1675429061.8574777,40,5.634,3.323,5.537,4.435,7.503,4.982,3.524,9.323,6.573
1675429062.8607254,40,5.633,3.322,5.536,4.435,7.503,4.981,3.523,9.323,6.572
1675429063.863602,40,5.633,3.322,5.536,4.434,7.502,4.981,3.523,9.322,6.572
1675429064.8665752,40,5.633,3.322,5.537,4.435,7.503,4.981,3.523,9.323,6.573
1675429065.869517,40,5.634,3.323,5.537,4.435,7.503,4.981,3.524,9.323,6.573
1675429066.872542,40,5.634,3.323,5.538,4.436,7.504,4.982,3.524,9.324,6.574
1675429067.8752441,40,5.636,3.325,5.539,4.437,7.505,4.983,3.526,9.325,6.575
1675429068.8778954,40,5.637,3.326,5.540,4.438,7.506,4.985,3.527,9.326,6.576
1675429069.8806336,40,5.639,3.328,5.542,4.440,7.508,4.986,3.529,9.328,6.578
1675429070.88338,40,5.640,3.329,5.543,4.442,7.510,4.988,3.530,9.330,6.579
1675429071.8855746,40,5.641,3.330,5.544,4.443,7.511,4.989,3.531,9.331,6.580
1675429072.8886063,40,5.643,3.332,5.546,4.444,7.512,4.991,3.533,9.332,6.582
1675429073.8912504,40,5.645,3.334,5.548,4.446,7.514,4.993,3.535,9.334,6.584
1675429074.894142,40,5.646,3.335,5.549,4.447,7.515,4.994,3.536,9.335,6.585
1675429075.8971317,40,5.648,3.337,5.551,4.449,7.517,4.996,3.538,9.337,6.587
1675429076.899785,40,5.650,3.339,5.553,4.451,7.519,4.997,3.540,9.339,6.589
1675429077.90247,40,5.650,3.339,5.553,4.451,7.519,4.998,3.540,9.339,6.589
1675429078.905475,40,5.651,3.340,5.554,4.453,7.521,4.999,3.541,9.341,6.590
1675429079.9084694,40,5.652,3.341,5.555,4.454,7.522,5.000,3.542,9.342,6.591
1675429080.911287,40,5.653,3.342,5.556,4.455,7.523,5.001,3.543,9.343,6.592
1675429081.9139328,40,5.655,3.344,5.558,4.456,7.524,5.002,3.545,9.344,6.594
1675429082.916644,40,5.656,3.345,5.559,4.457,7.525,5.003,3.546,9.345,6.595
1675429083.9192607,40,5.657,3.346,5.560,4.458,7.526,5.004,3.546,9.346,6.596
1675429084.921879,40,5.658,3.347,5.561,4.460,7.528,5.006,3.548,9.348,6.597
1675429085.9246063,40,5.660,3.349,5.563,4.461,7.529,5.007,3.550,9.349,6.599
1675429086.9272892,40,5.662,3.351,5.565,4.463,7.531,5.009,3.552,9.351,6.601
1675429087.9300873,40,5.663,3.352,5.566,4.465,7.533,5.011,3.553,9.352,6.602
1675429088.9329967,40,5.665,3.354,5.568,4.467,7.535,5.013,3.555,9.355,6.604
1675429089.9348571,40,5.668,3.357,5.571,4.469,7.537,5.016,3.558,9.357,6.607
1675429090.9381704,40,5.671,3.360,5.574,4.473,7.541,5.019,3.561,9.360,6.610
1675429091.9410815,40,5.674,3.363,5.577,4.475,7.543,5.022,3.564,9.363,6.613
1675429092.943274,40,5.676,3.365,5.579,4.478,7.546,5.024,3.566,9.366,6.615
1675429093.9459386,40,5.679,3.368,5.582,4.480,7.548,5.027,3.569,9.368,6.618
1675429094.9489415,40,5.681,3.370,5.584,4.482,7.550,5.029,3.571,9.370,6.620
1675429095.9512625,40,5.683,3.372,5.587,4.485,7.553,5.031,3.573,9.373,6.623
1675429096.9546428,40,5.686,3.375,5.589,4.487,7.555,5.033,3.576,9.375,6.625
1675429097.9575295,40,5.687,3.376,5.590,4.488,7.556,5.035,3.577,9.376,6.626
1675429098.960378,40,5.688,3.377,5.591,4.489,7.557,5.035,3.578,9.377,6.627
1675429099.9633195,40,5.688,3.377,5.592,4.490,7.558,5.036,3.578,9.378,6.628
1675429100.9665234,40,5.689,3.378,5.592,4.490,7.558,5.037,3.579,9.378,6.628
1675429101.9692605,40,5.690,3.379,5.593,4.491,7.559,5.037,3.579,9.379,6.629
1675429102.971981,40,5.690,3.379,5.593,4.491,7.559,5.038,3.580,9.379,6.629
1675429103.9742935,40,5.691,3.380,5.594,4.492,7.560,5.038,3.580,9.380,6.630
1675429104.9770696,40,5.691,3.380,5.594,4.492,7.560,5.038,3.581,9.380,6.630
1675429105.9793031,40,5.691,3.380,5.594,4.492,7.560,5.038,3.580,9.380,6.630
1675429106.9820597,40,5.690,3.379,5.593,4.492,7.560,5.038,3.580,9.380,6.629
1675429107.9850965,40,5.690,3.379,5.593,4.492,7.560,5.038,3.580,9.380,6.629
1675429108.9872208,40,5.690,3.379,5.593,4.492,7.560,5.038,3.580,9.380,6.629
1675429109.9899187,40,5.690,3.379,5.593,4.492,7.560,5.038,3.580,9.380,6.629
1675429110.992731,40,5.691,3.380,5.594,4.492,7.560,5.038,3.580,9.380,6.630
1675429111.9952807,40,5.690,3.379,5.593,4.492,7.560,5.038,3.580,9.380,6.629
1675429112.9981287,40,5.691,3.380,5.594,4.492,7.560,5.038,3.581,9.380,6.630
1675429114.0011728,40,5.692,3.381,5.595,4.493,7.561,5.040,3.582,9.381,6.631
1675429115.004134,40,5.693,3.382,5.596,4.495,7.563,5.041,3.583,9.382,6.632
1675429116.0070105,40,5.695,3.384,5.598,4.496,7.564,5.042,3.585,9.384,6.634
1675429117.0100045,40,5.696,3.385,5.599,4.497,7.565,5.043,3.585,9.385,6.635
1675429118.0129972,40,5.697,3.386,5.600,4.499,7.567,5.045,3.587,9.387,6.636
1675429119.015849,40,5.699,3.388,5.603,4.501,7.569,5.047,3.589,9.389,6.639
1675429120.0187254,40,5.701,3.390,5.605,4.503,7.571,5.049,3.591,9.391,6.641
1675429121.021845,40,5.704,3.393,5.607,4.505,7.573,5.051,3.593,9.393,6.643
1675429122.024908,40,5.706,3.395,5.609,4.508,7.576,5.054,3.596,9.396,6.645
1675429123.0276809,40,5.709,3.398,5.612,4.510,7.578,5.057,3.599,9.398,6.648
1675429124.0305538,40,5.712,3.401,5.615,4.513,7.581,5.060,3.602,9.401,6.651
1675429125.0335412,40,5.715,3.404,5.618,4.516,7.584,5.062,3.605,9.404,6.654
1675429126.0367446,40,5.717,3.406,5.621,4.519,7.587,5.065,3.607,9.407,6.657
1675429127.0392714,40,5.720,3.409,5.623,4.521,7.589,5.068,3.610,9.409,6.659
1675429128.0419612,40,5.722,3.411,5.625,4.524,7.592,5.070,3.612,9.411,6.661
1675429129.0450768,40,5.724,3.413,5.627,4.525,7.593,5.071,3.614,9.413,6.663
1675429130.047234,40,5.726,3.415,5.629,4.527,7.595,5.073,3.615,9.415,6.665
1675429131.0499327,40,5.727,3.416,5.630,4.528,7.596,5.075,3.617,9.416,6.666
1675429132.052792,40,5.728,3.417,5.631,4.529,7.597,5.076,3.618,9.417,6.667
1675429133.0552764,40,5.729,3.418,5.632,4.530,7.598,5.076,3.619,9.418,6.668
1675429134.0581567,40,5.730,3.419,5.633,4.531,7.599,5.077,3.620,9.419,6.669
1675429135.0609612,40,5.730,3.419,5.633,4.531,7.599,5.077,3.619,9.419,6.669
1675429136.0632648,40,5.730,3.419,5.633,4.531,7.599,5.077,3.619,9.419,6.669
1675429137.0662282,40,5.729,3.418,5.632,4.531,7.599,5.077,3.619,9.419,6.668
1675429138.0689988,40,5.729,3.418,5.632,4.530,7.598,5.076,3.619,9.418,6.668
1675429139.0713694,40,5.728,3.417,5.631,4.529,7.597,5.076,3.618,9.417,6.667
1675429140.0740218,40,5.728,3.417,5.631,4.529,7.597,5.076,3.618,9.417,6.667
1675429141.0769954,40,5.727,3.416,5.631,4.529,7.597,5.075,3.617,9.417,6.667
1675429142.0792384,40,5.727,3.416,5.630,4.528,7.596,5.074,3.617,9.416,6.666
1675429143.0819833,40,5.726,3.415,5.629,4.528,7.596,5.074,3.616,9.415,6.665
1675429144.0849216,40,5.726,3.415,5.629,4.527,7.595,5.073,3.616,9.415,6.665
1675429145.0872772,40,5.725,3.414,5.629,4.527,7.595,5.073,3.615,9.415,6.665
1675429146.0901945,40,5.725,3.414,5.628,4.526,7.594,5.073,3.615,9.414,6.664
1675429147.0931208,40,5.724,3.413,5.628,4.526,7.594,5.072,3.614,9.414,6.664
1675429148.0952787,40,5.725,3.414,5.628,4.526,7.594,5.072,3.614,9.414,6.664
1675429149.0982041,40,5.724,3.413,5.627,4.526,7.594,5.072,3.614,9.414,6.663
1675429150.1011658,40,5.724,3.413,5.627,4.525,7.593,5.071,3.613,9.413,6.663
1675429151.1032968,40,5.724,3.413,5.627,4.525,7.593,5.071,3.614,9.413,6.663
1675429152.1059525,40,5.724,3.413,5.627,4.526,7.594,5.072,3.614,9.414,6.663
1675429153.1088092,40,5.724,3.413,5.627,4.526,7.594,5.072,3.614,9.413,6.663
1675429154.1112292,40,5.725,3.414,5.628,4.526,7.594,5.072,3.615,9.414,6.664
1675429155.1138244,40,5.725,3.414,5.628,4.526,7.594,5.072,3.615,9.414,6.664
1675429156.1165144,40,5.725,3.414,5.628,4.526,7.594,5.073,3.615,9.414,6.664
1675429157.1192656,40,5.725,3.414,5.628,4.527,7.595,5.073,3.615,9.415,6.664
1675429158.122028,40,5.725,3.414,5.628,4.527,7.595,5.073,3.615,9.415,6.664
1675429159.1252432,40,5.726,3.415,5.629,4.528,7.596,5.074,3.616,9.416,6.665
1675429160.1283913,40,5.727,3.416,5.630,4.528,7.596,5.074,3.616,9.416,6.666
1675429161.1312299,40,5.727,3.416,5.630,4.528,7.596,5.074,3.617,9.416,6.666
1675429162.134078,40,5.727,3.416,5.630,4.528,7.596,5.075,3.617,9.416,6.666
1675429163.1369884,40,5.728,3.417,5.631,4.529,7.597,5.075,3.617,9.417,6.667
1675429164.1392632,40,5.728,3.417,5.631,4.530,7.598,5.076,3.618,9.418,6.667
1675429165.1423807,40,5.729,3.418,5.632,4.531,7.599,5.077,3.619,9.419,6.668
1675429166.145274,40,5.730,3.419,5.633,4.531,7.599,5.077,3.620,9.419,6.669
1675429167.1472952,40,5.730,3.419,5.633,4.531,7.599,5.078,3.620,9.419,6.669
1675429168.150004,40,5.731,3.420,5.634,4.533,7.601,5.079,3.621,9.420,6.670
1675429169.1530626,40,5.732,3.421,5.635,4.533,7.601,5.079,3.622,9.421,6.671
1675429170.1552722,40,5.732,3.421,5.636,4.534,7.602,5.080,3.622,9.422,6.672
1675429171.157186,40,5.733,3.422,5.636,4.535,7.603,5.081,3.623,9.423,6.672
1675429172.1592734,40,5.734,3.423,5.637,4.536,7.604,5.082,3.624,9.424,6.673
1675429173.1618094,40,5.735,3.424,5.639,4.537,7.605,5.083,3.625,9.425,6.675
1675429174.164425,40,5.736,3.425,5.639,4.537,7.605,5.084,3.626,9.425,6.675
1675429175.1670554,40,5.737,3.426,5.640,4.538,7.606,5.084,3.626,9.426,6.676
1675429176.170014,40,5.738,3.427,5.641,4.539,7.607,5.085,3.628,9.427,6.677
1675429177.1728313,40,5.739,3.428,5.642,4.541,7.609,5.087,3.629,9.428,6.678
1675429178.1756468,40,5.740,3.429,5.643,4.541,7.609,5.088,3.630,9.429,6.679
1675429179.1788912,40,5.742,3.431,5.645,4.543,7.611,5.089,3.632,9.431,6.681
1675429180.1817226,40,5.743,3.432,5.646,4.545,7.613,5.091,3.633,9.433,6.682
1675429181.1847868,40,5.744,3.433,5.647,4.546,7.614,5.092,3.634,9.434,6.683
