1676890523.1980326,1,3.6572,1.8773,3.1551,5.0964,2.0323,4.3805,6.4983,3.5825,2.7341
1676890524.2919486,1,3.6572,1.8773,3.1551,5.0964,2.0323,4.3805,6.4983,3.5825,2.7341
1676890525.2961774,20,3.6572,1.8773,3.1551,5.0964,2.0323,4.3805,6.4983,3.5825,2.7341
1676890526.2989068,20,3.6572,1.8773,3.1551,5.0964,2.0323,4.3805,6.4983,3.5825,2.7341
1676890527.3009005,20,3.6572,1.8773,3.1551,5.0964,2.0323,4.3805,6.4983,3.5825,2.7341
1676890528.3037436,20,3.6572,1.8773,3.1551,5.0964,2.0323,4.3805,6.4983,3.5825,2.7341
1676890529.3191788,20,3.6572,1.8773,3.1551,5.0964,2.0323,4.3805,6.4983,3.5825,2.7341
1676890530.3215072,22,3.6572,1.8773,3.1551,5.0964,2.0323,4.3805,6.4983,3.5825,2.7341
1676890531.3241572,22,3.6572,1.8773,3.1551,5.0964,2.0323,4.3805,6.4983,3.5825,2.7341
1676890532.3267848,22,3.6572,1.8773,3.1551,5.0964,2.0323,4.3805,6.4983,3.5825,2.7341
1676890533.32944,22,3.6572,1.8773,3.1551,5.0964,2.0323,4.3805,6.4983,3.5825,2.7341
1676890534.4612997,22,3.6572,1.8773,3.1551,5.0964,2.0323,4.3805,6.4983,3.5825,2.7341
1676890535.4648762,50,3.6572,1.8773,3.1551,5.0964,2.0323,4.3805,6.4983,3.5825,2.7341
1676890536.4667368,50,3.6572,1.8773,3.1551,5.0964,2.0323,4.3805,6.4983,3.5825,2.7341
1676890537.4694443,50,3.6572,1.8773,3.1551,5.0964,2.0323,4.3805,6.4983,3.5825,2.7341
1676890538.472308,50,3.6572,1.8773,3.1551,5.0964,2.0323,4.3805,6.4983,3.5825,2.7341
1676890539.5825326,35,3.6572,1.8773,3.1551,5.0964,2.0323,4.3805,6.4983,3.5825,2.7341
1676890540.5850892,35,3.6572,1.8773,3.1551,5.0964,2.0323,4.3805,6.4983,3.5825,2.7341
1676890541.5868576,35,3.6572,1.8773,3.1551,5.0964,2.0323,4.3805,6.4983,3.5825,2.7341
1676890542.5895119,35,3.6572,1.8773,3.1551,5.0964,2.0323,4.3805,6.4983,3.5825,2.7341
1676890543.5923588,35,3.6572,1.8773,3.1551,5.0964,2.0323,4.3805,6.4983,3.5825,2.7341
1676890544.7294352,15,3.6572,1.8773,3.1551,5.0964,2.0323,4.3805,6.4983,3.5825,2.7341
1676890545.7317183,15,3.6572,1.8773,3.1551,5.0964,2.0323,4.3805,6.4983,3.5825,2.7341
1676890546.7345142,15,3.6572,1.8773,3.1551,5.0964,2.0323,4.3805,6.4983,3.5825,2.7341
1676890547.7374713,15,3.6572,1.8773,3.1551,5.0964,2.0323,4.3805,6.4983,3.5825,2.7341
1676890548.7402804,15,3.6572,1.8773,3.1551,5.0964,2.0323,4.3805,6.4983,3.5825,2.7341
1676890549.8323498,15,3.6572,1.8773,3.1551,5.0964,2.0323,4.3805,6.4983,3.5825,2.7341
1676890550.836316,42,3.6572,1.8773,3.1551,5.0964,2.0323,4.3805,6.4983,3.5825,2.7341
1676890551.839111,42,3.6572,1.8773,3.1551,5.0964,2.0323,4.3805,6.4983,3.5825,2.7341
1676890552.8415391,42,3.6572,1.8773,3.1551,5.0964,2.0323,4.3805,6.4983,3.5825,2.7341
1676890553.8442945,42,3.6572,1.8773,3.1551,5.0964,2.0323,4.3805,6.4983,3.5825,2.7341
1676890555.005548,20,3.6572,1.8773,3.1551,5.0964,2.0323,4.3805,6.4983,3.5825,2.7341
1676890556.0083346,20,3.6572,1.8773,3.1551,5.0964,2.0323,4.3805,6.4983,3.5825,2.7341
1676890557.011082,20,3.6572,1.8773,3.1551,5.0964,2.0323,4.3805,6.4983,3.5825,2.7341
1676890558.0135257,20,3.6572,1.8773,3.1551,5.0964,2.0323,4.3805,6.4983,3.5825,2.7341
1676890559.0164056,20,3.6572,1.8773,3.1551,5.0964,2.0323,4.3805,6.4983,3.5825,2.7341
1676890560.0507045,20,3.6572,1.8773,3.1551,5.0964,2.0323,4.3805,6.4983,3.5825,2.7341
1676890561.0549037,28,3.6572,1.8773,3.1551,5.0964,2.0323,4.3805,6.4983,3.5825,2.7341
1676890562.0574827,28,3.6572,1.8773,3.1551,5.0964,2.0323,4.3805,6.4983,3.5825,2.7341
1676890563.060187,28,3.6572,1.8773,3.1551,5.0964,2.0323,4.3805,6.4983,3.5825,2.7341
1676890564.0629408,28,3.6572,1.8773,3.1551,5.0964,2.0323,4.3805,6.4983,3.5825,2.7341
1676890565.0654774,28,3.6572,1.8773,3.1551,5.0964,2.0323,4.3805,6.4983,3.5825,2.7341
1676890566.0679421,28,3.6572,1.8773,3.1551,5.0964,2.0323,4.3805,6.4983,3.5825,2.7341
1676890567.070482,28,3.6572,1.8773,3.1551,5.0964,2.0323,4.3805,6.4983,3.5825,2.7341
1676890568.0733955,28,3.6572,1.8773,3.1551,5.0964,2.0323,4.3805,6.4983,3.5825,2.7341
1676890569.076064,28,3.6572,1.8773,3.1551,5.0964,2.0323,4.3805,6.4983,3.5825,2.7341
1676890570.1690392,28,3.6572,1.8773,3.1551,5.0964,2.0323,4.3805,6.4983,3.5825,2.7341
1676890571.1733205,53,3.6572,1.8773,3.1551,5.0964,2.0323,4.3805,6.4983,3.5825,2.7341
1676890572.176002,53,3.6572,1.8773,3.1551,5.0964,2.0323,4.3805,6.4983,3.5825,2.7341
1676890573.1789234,53,3.6572,1.8773,3.1551,5.0964,2.0323,4.3805,6.4983,3.5825,2.7341
1676890574.1814294,53,3.6572,1.8773,3.1551,5.0964,2.0323,4.3805,6.4983,3.5825,2.7341
1676890575.2534347,42,3.6572,1.8773,3.1551,5.0964,2.0323,4.3805,6.4983,3.5825,2.7341
1676890576.2565732,42,3.6572,1.8773,3.1551,5.0964,2.0323,4.3805,6.4983,3.5825,2.7341
1676890577.2591321,42,3.6572,1.8773,3.1551,5.0964,2.0323,4.3805,6.4983,3.5825,2.7341
1676890578.2616904,42,3.6572,1.8773,3.1551,5.0964,2.0323,4.3805,6.4983,3.5825,2.7341
1676890579.2643964,42,3.6572,1.8773,3.1551,5.0964,2.0323,4.3805,6.4983,3.5825,2.7341
1676890580.2847562,42,3.6572,1.8773,3.1551,5.0964,2.0323,4.3805,6.4983,3.5825,2.7341
1676890581.2884846,45,3.6572,1.8773,3.1551,5.0964,2.0323,4.3805,6.4983,3.5825,2.7341
1676890582.2912767,45,3.6572,1.8773,3.1551,5.0964,2.0323,4.3805,6.4983,3.5825,2.7341
1676890583.2935088,45,3.6572,1.8773,3.1551,5.0964,2.0323,4.3805,6.4983,3.5825,2.7341
1676890584.2958877,45,3.6572,1.8773,3.1551,5.0964,2.0323,4.3805,6.4983,3.5825,2.7341
1676890585.5172145,13,3.6572,1.8773,3.1551,5.0964,2.0323,4.3805,6.4983,3.5825,2.7341
1676890586.5201013,13,3.6572,1.8773,3.1551,5.0964,2.0323,4.3805,6.4983,3.5825,2.7341
1676890587.522983,13,3.6572,1.8773,3.1551,5.0964,2.0323,4.3805,6.4983,3.5825,2.7341
1676890588.5256004,13,3.6572,1.8773,3.1551,5.0964,2.0323,4.3805,6.4983,3.5825,2.7341
1676890589.528264,13,3.6572,1.8773,3.1551,5.0964,2.0323,4.3805,6.4983,3.5825,2.7341
1676890590.6128953,13,3.6572,1.8773,3.1551,5.0964,2.0323,4.3805,6.4983,3.5825,2.7341
1676890591.6174073,41,3.6572,1.8773,3.1551,5.0964,2.0323,4.3805,6.4983,3.5825,2.7341
1676890592.6204195,41,3.6572,1.8773,3.1551,5.0964,2.0323,4.3805,6.4983,3.5825,2.7341
1676890593.6230571,41,3.6572,1.8773,3.1551,5.0964,2.0323,4.3805,6.4983,3.5825,2.7341
1676890594.6257586,41,3.6572,1.8773,3.1551,5.0964,2.0323,4.3805,6.4983,3.5825,2.7341
1676890595.7375393,25,3.6572,1.8773,3.1551,5.0964,2.0323,4.3805,6.4983,3.5825,2.7341
1676890596.740211,25,3.6572,1.8773,3.1551,5.0964,2.0323,4.3805,6.4983,3.5825,2.7341
1676890597.7429495,25,3.6572,1.8773,3.1551,5.0964,2.0323,4.3805,6.4983,3.5825,2.7341
1676890598.7454464,25,3.6572,1.8773,3.1551,5.0964,2.0323,4.3805,6.4983,3.5825,2.7341
1676890599.7474508,25,3.6572,1.8773,3.1551,5.0964,2.0323,4.3805,6.4983,3.5825,2.7341
1676890600.8567107,25,3.6572,1.8773,3.1551,5.0964,2.0323,4.3805,6.4983,3.5825,2.7341
1676890601.8610554,55,3.6572,1.8773,3.1551,5.0964,2.0323,4.3805,6.4983,3.5825,2.7341
1676890602.8639119,55,3.6572,1.8773,3.1551,5.0964,2.0323,4.3805,6.4983,3.5825,2.7341
1676890603.866695,55,3.6572,1.8773,3.1551,5.0964,2.0323,4.3805,6.4983,3.5825,2.7341
1676890604.8694026,55,3.6572,1.8773,3.1551,5.0964,2.0323,4.3805,6.4983,3.5825,2.7341
1676890606.0873437,24,3.6572,1.8773,3.1551,5.0964,2.0323,4.3805,6.4983,3.5825,2.7341
1676890607.0894916,24,3.6572,1.8773,3.1551,5.0964,2.0323,4.3805,6.4983,3.5825,2.7341
1676890608.0915325,24,3.6572,1.8773,3.1551,5.0964,2.0323,4.3805,6.4983,3.5825,2.7341
1676890609.0935314,24,3.6572,1.8773,3.1551,5.0964,2.0323,4.3805,6.4983,3.5825,2.7341
1676890610.096186,24,3.6572,1.8773,3.1551,5.0964,2.0323,4.3805,6.4983,3.5825,2.7341
1676890611.2130356,24,3.6572,1.8773,3.1551,5.0964,2.0323,4.3805,6.4983,3.5825,2.7341
1676890612.217494,63,3.6572,1.8773,3.1551,5.0964,2.0323,4.3805,6.4983,3.5825,2.7341
1676890613.2200444,63,3.6572,1.8773,3.1551,5.0964,2.0323,4.3805,6.4983,3.5825,2.7341
1676890614.2228303,63,3.6572,1.8773,3.1551,5.0964,2.0323,4.3805,6.4983,3.5825,2.7341
1676890615.225524,63,3.6572,1.8773,3.1551,5.0964,2.0323,4.3805,6.4983,3.5825,2.7341
1676890616.2791846,56,3.6572,1.8773,3.1551,5.0964,2.0323,4.3805,6.4983,3.5825,2.7341
1676890617.2813659,56,3.6572,1.8773,3.1551,5.0964,2.0323,4.3805,6.4983,3.5825,2.7341
1676890618.283177,56,3.6572,1.8773,3.1551,5.0964,2.0323,4.3805,6.4983,3.5825,2.7341
1676890619.2854285,56,3.6572,1.8773,3.1551,5.0964,2.0323,4.3805,6.4983,3.5825,2.7341
1676890620.287414,56,3.6572,1.8773,3.1551,5.0964,2.0323,4.3805,6.4983,3.5825,2.7341
1676890621.3260043,56,3.6572,1.8773,3.1551,5.0964,2.0323,4.3805,6.4983,3.5825,2.7341
1676890622.3310018,64,3.6572,1.8773,3.1551,5.0964,2.0323,4.3805,6.4983,3.5825,2.7341
1676890623.3336425,64,3.6572,1.8773,3.1551,5.0964,2.0323,4.3805,6.4983,3.5825,2.7341
1676890624.3362439,64,3.6572,1.8773,3.1551,5.0964,2.0323,4.3805,6.4983,3.5825,2.7341
1676890625.338818,64,3.6572,1.8773,3.1551,5.0964,2.0323,4.3805,6.4983,3.5825,2.7341
1676890626.6368165,21,3.6572,1.8773,3.1551,5.0964,2.0323,4.3805,6.4983,3.5825,2.7341
1676890627.6397219,21,3.6572,1.8773,3.1551,5.0964,2.0323,4.3805,6.4983,3.5825,2.7341
1676890628.642478,21,3.6572,1.8773,3.1551,5.0964,2.0323,4.3805,6.4983,3.5825,2.7341
1676890629.6453748,21,3.6572,1.8773,3.1551,5.0964,2.0323,4.3805,6.4983,3.5825,2.7341
1676890630.6479874,21,3.6572,1.8773,3.1551,5.0964,2.0323,4.3805,6.4983,3.5825,2.7341
1676890631.7175229,11,3.6572,1.8773,3.1551,5.0964,2.0323,4.3805,6.4983,3.5825,2.7341
1676890632.7202911,11,3.6572,1.8773,3.1551,5.0964,2.0323,4.3805,6.4983,3.5825,2.7341
1676890633.7229726,11,3.6572,1.8773,3.1551,5.0964,2.0323,4.3805,6.4983,3.5825,2.7341
1676890634.7254746,11,3.6572,1.8773,3.1551,5.0964,2.0323,4.3805,6.4983,3.5825,2.7341
1676890635.7278466,11,3.6572,1.8773,3.1551,5.0964,2.0323,4.3805,6.4983,3.5825,2.7341
1676890636.7674434,11,3.6572,1.8773,3.1551,5.0964,2.0323,4.3805,6.4983,3.5825,2.7341
1676890637.7720277,22,3.6572,1.8773,3.1551,5.0964,2.0323,4.3805,6.4983,3.5825,2.7341
1676890638.7748332,22,4.6572,2.8773,3.6551,6.0964,6.0323,5.3805,6.9983,5.5825,5.7341
1676890639.777511,22,4.6572,2.8773,3.6551,6.0964,6.0323,5.3805,6.9983,5.5825,5.7341
1676890640.7804096,22,4.6572,2.8773,3.6551,6.0964,6.0323,5.3805,6.9983,5.5825,5.7341
1676890641.8350205,15,4.6572,2.8773,3.6551,6.0964,6.0323,5.3805,6.9983,5.5825,5.7341
1676890642.837692,15,4.6572,2.8773,3.6551,6.0964,6.0323,5.3805,6.9983,5.5825,5.7341
1676890643.8404446,15,4.6572,2.8773,3.6551,6.0964,6.0323,5.3805,6.9983,5.5825,5.7341
1676890644.8432555,15,4.6572,2.8773,3.6551,6.0964,6.0323,5.3805,6.9983,5.5825,5.7341
1676890645.845646,15,4.6572,2.8773,3.6551,6.0964,6.0323,5.3805,6.9983,5.5825,5.7341
1676890646.8484688,15,4.6572,2.8773,3.6551,6.0964,6.0323,5.3805,6.9983,5.5825,5.7341
1676890647.9895751,15,4.6572,2.8773,3.6551,6.0964,6.0323,5.3805,6.9983,5.5825,5.7341
1676890648.9937763,58,4.6572,2.8773,3.6551,6.0964,6.0323,5.3805,6.9983,5.5825,5.7341
1676890649.9961612,58,4.6572,2.8773,3.6551,6.0964,6.0323,5.3805,6.9983,5.5825,5.7341
1676890650.998755,58,4.6572,2.8773,3.6551,6.0964,6.0323,5.3805,6.9983,5.5825,5.7341
1676890652.001477,58,4.6572,2.8773,3.6551,6.0964,6.0323,5.3805,6.9983,5.5825,5.7341
1676890653.2335064,24,4.6572,2.8773,3.6551,6.0964,6.0323,5.3805,6.9983,5.5825,5.7341
1676890654.2362328,24,4.6572,2.8773,3.6551,6.0964,6.0323,5.3805,6.9983,5.5825,5.7341
1676890655.2389073,24,4.6572,2.8773,3.6551,6.0964,6.0323,5.3805,6.9983,5.5825,5.7341
1676890656.2415278,24,4.6572,2.8773,3.6551,6.0964,6.0323,5.3805,6.9983,5.5825,5.7341
1676890657.2436683,24,4.6572,2.8773,3.6551,6.0964,6.0323,5.3805,6.9983,5.5825,5.7341
1676890658.2837996,24,4.6572,2.8773,3.6551,6.0964,6.0323,5.3805,6.9983,5.5825,5.7341
1676890659.2875085,33,4.6572,2.8773,3.6551,6.0964,6.0323,5.3805,6.9983,5.5825,5.7341
1676890660.2895246,33,4.6572,2.8773,3.6551,6.0964,6.0323,5.3805,6.9983,5.5825,5.7341
1676890661.292351,33,4.6572,2.8773,3.6551,6.0964,6.0323,5.3805,6.9983,5.5825,5.7341
1676890662.2952833,33,4.6572,2.8773,3.6551,6.0964,6.0323,5.3805,6.9983,5.5825,5.7341
1676890663.3068564,32,4.6572,2.8773,3.6551,6.0964,6.0323,5.3805,6.9983,5.5825,5.7341
1676890664.3093863,32,4.6572,2.8773,3.6551,6.0964,6.0323,5.3805,6.9983,5.5825,5.7341
1676890665.3118923,32,4.6572,2.8773,3.6551,6.0964,6.0323,5.3805,6.9983,6.5825,5.7341
1676890666.3146746,32,4.6572,2.8773,3.6551,6.0964,6.0323,5.3805,6.9983,6.5825,5.7341
1676890667.317354,32,4.6572,2.8773,3.6551,6.0964,6.0323,5.3805,6.9983,6.5825,5.7341
1676890668.333444,30,4.6572,2.8773,3.6551,6.0964,6.0323,5.3805,6.9983,6.5825,5.7341
1676890669.336111,30,4.6572,2.8773,3.6551,6.0964,6.0323,5.3805,6.9983,6.5825,5.7341
1676890670.3389301,30,4.6572,2.8773,3.6551,6.0964,6.0323,5.3805,6.9983,6.5825,5.7341
1676890671.341383,30,4.6572,2.8773,3.6551,6.0964,6.0323,5.3805,6.9983,6.5825,5.7341
1676890672.3439488,30,4.6572,2.8773,3.6551,6.0964,6.0323,5.3805,6.9983,6.5825,5.7341
1676890673.3850288,25,4.6572,2.8773,3.6551,6.0964,6.0323,5.3805,6.9983,6.5825,5.7341
1676890674.3877733,25,4.6572,2.8773,3.6551,6.0964,6.0323,5.3805,6.9983,6.5825,5.7341
1676890675.389489,25,4.6572,2.8773,3.6551,6.0964,6.0323,5.3805,6.9983,6.5825,5.7341
1676890676.3921814,25,4.6572,2.8773,3.6551,6.0964,6.0323,5.3805,6.9983,6.5825,5.7341
1676890677.3948505,25,4.6572,2.8773,3.6551,6.0964,6.0323,5.3805,6.9983,6.5825,5.7341
1676890678.502965,25,4.6572,2.8773,3.6551,6.0964,6.0323,5.3805,6.9983,6.5825,5.7341
1676890679.5076776,57,4.6572,2.8773,3.6551,6.0964,6.0323,5.3805,6.9983,6.5825,5.7341
1676890680.5093994,57,4.6572,2.8773,3.6551,6.0964,6.0323,5.3805,6.9983,6.5825,5.7341
1676890681.5122395,57,4.6572,2.8773,3.6551,6.0964,6.0323,5.3805,6.9983,6.5825,5.7341
1676890682.5140777,57,4.6572,2.8773,3.6551,6.0964,6.0323,5.3805,6.9983,6.5825,5.7341
1676890683.8251524,11,4.6572,2.8773,3.6551,6.0964,6.0323,5.3805,6.9983,6.5825,5.7341
1676890684.8278832,11,4.6572,2.8773,3.6551,6.0964,6.0323,5.3805,6.9983,6.5825,5.7341
1676890685.830757,11,4.6572,2.8773,3.6551,6.0964,6.0323,5.3805,6.9983,6.5825,5.7341
1676890686.8334653,11,4.6572,2.8773,3.6551,6.0964,6.0323,5.3805,6.9983,6.5825,5.7341
1676890687.8362017,11,4.6572,2.8773,3.6551,6.0964,6.0323,5.3805,6.9983,6.5825,5.7341
1676890688.9315698,11,4.6572,2.8773,3.6551,6.0964,6.0323,5.3805,6.9983,6.5825,5.7341
1676890689.9364712,41,4.6572,2.8773,3.6551,6.0964,6.0323,5.3805,6.9983,6.5825,5.7341
1676890690.9392648,41,4.6572,2.8773,3.6551,6.0964,6.0323,5.3805,6.9983,6.5825,5.7341
1676890691.9434657,41,4.6572,2.8773,3.6551,6.0964,6.0323,5.3805,6.9983,6.5825,5.7341
1676890692.945968,41,4.6572,2.8773,3.6551,6.0964,6.0323,5.3805,6.9983,6.5825,5.7341
1676890694.0244246,41,4.6572,2.8773,3.6551,6.0964,6.0323,5.3805,6.9983,6.5825,5.7341
1676890695.0282404,63,4.6572,2.8773,3.6551,6.0964,6.0323,5.3805,6.9983,6.5825,5.7341
1676890696.0313363,63,4.6572,2.8773,3.6551,6.0964,6.0323,5.3805,6.9983,6.5825,5.7341
1676890697.0333927,63,4.6572,2.8773,3.6551,6.0964,6.0323,5.3805,6.9983,6.5825,5.7341
1676890698.0359323,63,4.6572,2.8773,3.6551,6.0964,6.0323,5.3805,6.9983,6.5825,5.7341
1676890699.1873462,42,4.6572,2.8773,3.6551,6.0964,6.0323,5.3805,6.9983,6.5825,5.7341
1676890700.1893926,42,4.6572,2.8773,3.6551,6.0964,6.0323,5.3805,6.9983,6.5825,5.7341
1676890701.192102,42,4.6572,2.8773,3.6551,6.0964,6.0323,5.3805,6.9983,6.5825,5.7341
1676890702.1949975,42,4.6572,2.8773,3.6551,6.0964,6.0323,5.3805,6.9983,6.5825,5.7341
1676890703.1974971,42,4.6572,2.8773,3.6551,6.0964,6.0323,5.3805,6.9983,6.5825,5.7341
1676890704.3015318,28,4.6572,2.8773,3.6551,6.0964,6.0323,5.3805,6.9983,6.5825,5.7341
1676890705.3041952,28,4.6572,2.8773,3.6551,6.0964,6.0323,5.3805,6.9983,6.5825,5.7341
1676890706.3068724,28,4.6572,2.8773,3.6551,6.0964,6.0323,5.3805,6.9983,6.5825,5.7341
1676890707.3094835,28,4.6572,2.8773,3.6551,6.0964,6.0323,5.3805,6.9983,6.5825,5.7341
1676890708.3121836,28,4.6572,2.8773,3.6551,6.0964,6.0323,5.3805,6.9983,6.5825,5.7341
1676890709.4230623,12,4.6572,2.8773,3.6551,6.0964,6.0323,5.3805,6.9983,6.5825,5.7341
1676890710.425419,12,4.6572,2.8773,3.6551,6.0964,6.0323,5.3805,6.9983,6.5825,5.7341
1676890711.428118,12,4.6572,2.8773,3.6551,6.0964,6.0323,5.3805,6.9983,6.5825,5.7341
1676890712.4307685,12,4.6572,2.8773,3.6551,6.0964,6.0323,5.3805,6.9983,6.5825,5.7341
1676890713.4334362,12,4.6572,2.8773,3.6551,6.0964,6.0323,5.3805,6.9983,6.5825,5.7341
1676890714.577465,12,4.6572,2.8773,3.6551,6.0964,6.0323,5.3805,6.9983,6.5825,5.7341
1676890715.5814261,57,4.6572,2.8773,3.6551,6.0964,6.0323,5.3805,6.9983,6.5825,5.7341
1676890716.5841262,57,4.6572,2.8773,3.6551,6.0964,6.0323,5.3805,6.9983,6.5825,5.7341
1676890717.5854938,57,4.6572,2.8773,3.6551,6.0964,6.0323,5.3805,6.9983,6.5825,5.7341
1676890718.588166,57,4.6572,2.8773,3.6551,6.0964,6.0323,5.3805,6.9983,6.5825,5.7341
1676890719.5973842,56,4.6572,2.8773,3.6551,6.0964,6.0323,5.3805,6.9983,6.5825,5.7341
1676890720.599303,56,4.6572,2.8773,3.6551,6.0964,6.0323,5.3805,6.9983,6.5825,5.7341
1676890721.601514,56,4.6572,2.8773,3.6551,6.0964,6.0323,5.3805,6.9983,6.5825,5.7341
1676890722.6035042,56,4.6572,2.8773,3.6551,6.0964,6.0323,5.3805,6.9983,6.5825,5.7341
1676890723.6063454,56,4.6572,2.8773,3.6551,6.0964,6.0323,5.3805,6.9983,6.5825,5.7341
1676890724.638907,52,4.6572,2.8773,3.6551,6.0964,6.0323,5.3805,6.9983,6.5825,5.7341
1676890725.6414,52,4.6572,2.8773,3.6551,6.0964,6.0323,5.3805,6.9983,6.5825,5.7341
1676890726.6441045,52,4.6572,2.8773,3.6551,6.0964,6.0323,5.3805,6.9983,6.5825,5.7341
1676890727.6468806,52,4.6572,2.8773,3.6551,6.0964,6.0323,5.3805,6.9983,6.5825,5.7341
1676890728.6493976,52,4.6572,2.8773,3.6551,6.0964,6.0323,5.3805,6.9983,6.5825,5.7341
1676890729.6775768,52,4.6572,2.8773,3.6551,6.0964,6.0323,5.3805,6.9983,6.5825,5.7341
1676890730.6810884,58,4.6572,2.8773,3.6551,6.0964,6.0323,5.3805,6.9983,6.5825,5.7341
1676890731.683842,58,4.6572,2.8773,3.6551,6.0964,6.0323,5.3805,6.9983,6.5825,5.7341
1676890732.6865437,58,4.6572,2.8773,3.6551,6.0964,6.0323,5.3805,6.9983,6.5825,5.7341
1676890733.6891544,58,4.6572,2.8773,3.6551,6.0964,6.0323,5.3805,6.9983,6.5825,5.7341
1676890734.7199392,58,4.6572,2.8773,3.6551,6.0964,6.0323,5.3805,6.9983,6.5825,5.7341
1676890735.725323,64,4.6572,2.8773,3.6551,6.0964,6.0323,5.3805,6.9983,6.5825,5.7341
1676890736.7278771,64,4.6572,2.8773,3.6551,6.0964,6.0323,5.3805,6.9983,6.5825,5.7341
1676890737.7304525,64,4.6572,2.8773,3.6551,6.0964,6.0323,5.3805,6.9983,6.5825,5.7341
1676890738.7331254,64,4.6572,2.8773,3.6551,6.0964,6.0323,5.3805,6.9983,6.5825,5.7341
1676890740.0194614,23,4.6572,2.8773,3.6551,6.0964,6.0323,5.3805,6.9983,6.5825,5.7341
1676890741.021514,23,4.6572,2.8773,3.6551,6.0964,6.0323,5.3805,6.9983,6.5825,5.7341
1676890742.0243218,23,4.6572,2.8773,3.6551,6.0964,6.0323,5.3805,6.9983,6.5825,5.7341
1676890743.0269964,23,4.6572,2.8773,3.6551,6.0964,6.0323,5.3805,6.9983,6.5825,5.7341
1676890744.0294013,23,4.6572,2.8773,3.6551,6.0964,6.0323,5.3805,6.9983,6.5825,5.7341
1676890745.0593154,23,4.6572,2.8773,3.6551,6.0964,6.0323,5.3805,6.9983,6.5825,5.7341
1676890746.063562,29,4.6572,2.8773,3.6551,6.0964,6.0323,5.3805,6.9983,6.5825,5.7341
1676890747.0655022,29,4.6572,2.8773,3.6551,6.0964,6.0323,5.3805,6.9983,6.5825,5.7341
1676890748.0683346,29,4.6572,2.8773,3.6551,6.0964,6.0323,5.3805,6.9983,6.5825,5.7341
1676890749.0711086,29,4.6572,2.8773,3.6551,6.0964,6.0323,5.3805,6.9983,6.5825,5.7341
1676890750.1363144,29,4.6572,2.8773,3.6551,6.0964,6.0323,5.3805,6.9983,6.5825,5.7341
1676890751.1402242,48,4.6572,2.8773,3.6551,6.0964,6.0323,5.3805,6.9983,6.5825,5.7341
1676890752.1430542,48,4.6572,2.8773,3.6551,6.0964,6.0323,5.3805,6.9983,6.5825,5.7341
1676890753.1450284,48,4.6572,2.8773,3.6551,6.0964,6.0323,5.3805,6.9983,6.5825,5.7341
1676890754.1476479,48,4.6572,2.8773,3.6551,6.0964,6.0323,5.3805,6.9983,6.5825,5.7341
1676890755.2967548,27,4.6572,2.8773,3.6551,6.0964,6.0323,5.3805,6.9983,6.5825,5.7341
1676890756.2994397,27,4.6572,2.8773,3.6551,6.0964,6.0323,5.3805,6.9983,6.5825,5.7341
1676890757.302277,27,4.6572,2.8773,3.6551,6.0964,6.0323,5.3805,6.9983,6.5825,5.7341
1676890758.3054435,27,4.6572,2.8773,3.6551,6.0964,6.0323,5.3805,6.9983,6.5825,5.7341
1676890759.3081968,27,4.6572,2.8773,3.6551,6.0964,6.0323,5.3805,6.9983,6.5825,5.7341
1676890760.422435,11,4.6572,2.8773,3.6551,6.0964,6.0323,5.3805,6.9983,6.5825,5.7341
1676890761.4255443,11,4.6572,2.8773,3.6551,6.0964,6.0323,5.3805,6.9983,6.5825,5.7341
1676890762.427959,11,4.6572,2.8773,3.6551,6.0964,6.0323,5.3805,6.9983,6.5825,5.7341
1676890763.4305549,11,4.6572,2.8773,3.6551,6.0964,6.0323,5.3805,6.9983,6.5825,5.7341
1676890764.432814,11,4.6572,2.8773,3.6551,6.0964,6.0323,5.3805,6.9983,6.5825,5.7341
1676890765.5388114,11,4.6572,2.8773,3.6551,6.0964,6.0323,5.3805,6.9983,6.5825,5.7341
1676890766.5432346,45,4.6572,2.8773,3.6551,6.0964,6.0323,5.3805,6.9983,6.5825,5.7341
1676890767.545499,45,4.6572,2.8773,3.6551,6.0964,6.0323,5.3805,6.9983,6.5825,5.7341
1676890768.5479732,45,4.6572,2.8773,3.6551,6.0964,6.0323,5.3805,6.9983,6.5825,5.7341
1676890769.5495813,45,4.6572,2.8773,3.6551,6.0964,6.0323,5.3805,6.9983,6.5825,5.7341
1676890770.5522616,45,4.6572,2.8773,3.6551,6.0964,6.0323,5.3805,6.9983,6.5825,5.7341
1676890771.5686648,45,4.6572,2.8773,3.6551,6.0964,6.0323,5.3805,6.9983,6.5825,5.7341
1676890772.5732284,47,4.6572,2.8773,3.6551,6.0964,6.0323,5.3805,6.9983,6.5825,5.7341
1676890773.5760274,47,4.6572,2.8773,3.6551,6.0964,6.0323,5.3805,6.9983,6.5825,5.7341
1676890774.5789163,47,4.6572,2.8773,3.6551,6.0964,6.0323,5.3805,6.9983,6.5825,5.7341
1676890775.581466,47,4.6572,2.8773,3.6551,6.0964,6.0323,5.3805,6.9983,6.5825,5.7341
1676890776.6393983,47,4.6572,2.8773,3.6551,6.0964,6.0323,5.3805,6.9983,6.5825,5.7341
1676890777.6433434,63,4.6572,2.8773,3.6551,6.0964,6.0323,5.3805,6.9983,6.5825,5.7341
1676890778.645517,63,4.6572,2.8773,3.6551,6.0964,6.0323,5.3805,6.9983,6.5825,5.7341
1676890779.6480865,63,4.6572,2.8773,3.6551,6.0964,6.0323,5.3805,6.9983,6.5825,5.7341
1676890780.6507862,63,4.6572,2.8773,3.6551,6.0964,6.0323,5.3805,6.9983,6.5825,5.7341
1676890781.8486545,35,4.6572,2.8773,3.6551,6.0964,6.0323,5.3805,6.9983,6.5825,5.7341
1676890782.85105,35,4.6572,2.8773,3.6551,6.0964,6.0323,5.3805,6.9983,6.5825,5.7341
1676890783.8540597,35,4.6572,2.8773,3.6551,6.0964,6.0323,5.3805,6.9983,6.5825,5.7341
1676890784.856696,35,4.6572,2.8773,3.6551,6.0964,6.0323,5.3805,6.9983,6.5825,5.7341
1676890785.8592243,35,4.6572,2.8773,3.6551,6.0964,6.0323,5.3805,6.9983,6.5825,5.7341
1676890786.9280226,35,4.6572,2.8773,3.6551,6.0964,6.0323,5.3805,6.9983,6.5825,5.7341
1676890787.9322758,54,4.6572,2.8773,3.6551,6.0964,6.0323,5.3805,6.9983,6.5825,5.7341
1676890788.9351714,54,4.6572,2.8773,3.6551,6.0964,6.0323,5.3805,6.9983,6.5825,5.7341
1676890789.9373822,54,4.6572,2.8773,3.6551,6.0964,6.0323,5.3805,6.9983,6.5825,5.7341
1676890790.9400148,54,4.6572,2.8773,3.6551,6.0964,6.0323,5.3805,6.9983,6.5825,5.7341
1676890792.0569904,38,4.6572,2.8773,3.6551,6.0964,6.0323,5.3805,6.9983,6.5825,5.7341
1676890793.0596147,38,4.6572,2.8773,3.6551,6.0964,6.0323,5.3805,6.9983,6.5825,5.7341
1676890794.0615451,38,4.6572,2.8773,3.6551,6.0964,6.0323,5.3805,6.9983,6.5825,5.7341
1676890795.064059,38,4.6572,2.8773,3.6551,6.0964,6.0323,5.3805,6.9983,6.5825,5.7341
1676890796.0668094,38,4.6572,2.8773,3.6551,6.0964,6.0323,5.3805,6.9983,6.5825,5.7341
1676890797.1868792,20,4.6572,2.8773,3.6551,6.0964,6.0323,5.3805,6.9983,6.5825,5.7341
1676890798.1894536,20,4.6572,2.8773,3.6551,6.0964,6.0323,5.3805,6.9983,6.5825,5.7341
1676890799.1921747,20,4.6572,2.8773,3.6551,6.0964,6.0323,5.3805,6.9983,6.5825,5.7341
1676890800.1947827,20,4.6572,2.8773,3.6551,6.0964,6.0323,5.3805,6.9983,6.5825,5.7341
1676890801.1974306,20,4.6572,2.8773,3.6551,6.0964,6.0323,5.3805,6.9983,6.5825,5.7341
1676890802.2454891,20,4.9072,2.8773,4.6551,6.5964,6.5323,4.8805,6.9983,6.5825,5.7341
1676890803.2496064,33,4.9072,2.8773,4.6551,6.5964,6.5323,4.8805,6.9983,6.5825,5.7341
1676890804.2524056,33,4.9072,2.8773,4.6551,6.5964,6.5323,4.8805,6.9983,6.5825,5.7341
1676890805.2550504,33,4.9072,2.8773,4.6551,6.5964,6.5323,4.8805,6.9983,6.5825,5.7341
1676890806.257991,33,4.9072,2.8773,4.6551,6.5964,6.5323,4.8805,6.9983,6.5825,5.7341
1676890807.361771,33,4.9072,2.8773,4.6551,6.5964,6.5323,4.8805,6.9983,6.5825,5.7341
1676890808.3654385,63,4.9072,2.8773,4.6551,6.5964,6.5323,4.8805,6.9983,6.5825,5.7341
1676890809.367481,63,4.9072,2.8773,4.6551,6.5964,6.5323,4.8805,6.9983,6.5825,5.7341
1676890810.3695004,63,4.9072,2.8773,4.6551,6.5964,6.5323,4.8805,6.9983,6.5825,5.7341
1676890811.3722496,63,4.9072,2.8773,4.6551,6.5964,6.5323,4.8805,6.9983,6.5825,5.7341
1676890812.6923118,18,4.9072,2.8773,4.6551,6.5964,6.5323,4.8805,6.9983,6.5825,5.7341
1676890813.6949196,18,4.9072,2.8773,4.6551,6.5964,6.5323,4.8805,6.9983,6.5825,5.7341
1676890814.6974108,18,4.9072,2.8773,4.6551,6.5964,6.5323,4.8805,6.9983,6.5825,5.7341
1676890815.7000196,18,4.9072,2.8773,4.6551,6.5964,6.5323,4.8805,6.9983,6.5825,5.7341
1676890816.7026865,18,4.9072,2.8773,4.6551,6.5964,6.5323,4.8805,6.9983,6.5825,5.7341
1676890817.8174167,18,4.9072,2.8773,4.6551,6.5964,6.5323,4.8805,6.9983,6.5825,5.7341
1676890818.8214028,52,4.9072,2.8773,4.6551,6.5964,6.5323,4.8805,6.9983,6.5825,5.7341
1676890819.8242056,52,4.9072,2.8773,4.6551,6.5964,6.5323,4.8805,6.9983,6.5825,5.7341
1676890820.8269076,52,4.9072,2.8773,4.6551,6.5964,6.5323,4.8805,6.9983,6.5825,5.7341
1676890821.8295438,52,4.9072,2.8773,4.6551,6.5964,6.5323,4.8805,6.9983,6.5825,5.7341
1676890822.832082,52,4.9072,2.8773,4.6551,6.5964,6.5323,4.8805,6.9983,6.5825,5.7341
1676890823.8346114,52,4.9072,2.8773,4.6551,6.5964,6.5323,4.8805,6.9983,6.5825,5.7341
1676890824.8364022,52,4.9072,2.8773,4.6551,6.5964,6.5323,4.8805,6.9983,6.5825,5.7341
1676890825.8390489,52,4.9072,2.8773,4.6551,6.5964,6.5323,4.8805,6.9983,6.5825,5.7341
1676890826.8413763,52,4.9072,2.8773,4.6551,6.5964,6.5323,4.8805,6.9983,6.5825,5.7341
1676890827.844166,52,4.9072,2.8773,4.6551,6.5964,6.5323,4.8805,6.9983,6.5825,5.7341
1676890828.846936,52,4.9072,2.8773,4.6551,6.5964,6.5323,4.8805,6.9983,6.5825,5.7341
1676890829.8494062,52,4.9072,2.8773,4.6551,6.5964,6.5323,4.8805,6.9983,6.5825,5.7341
1676890830.8520489,52,4.9072,2.8773,4.6551,6.5964,6.5323,4.8805,6.9983,6.5825,5.7341
1676890831.8549323,52,4.9072,2.8773,4.6551,6.5964,6.5323,4.8805,6.9983,6.5825,5.7341
1676890832.9002695,46,4.9072,2.8773,4.6551,6.5964,6.5323,4.8805,6.9983,6.5825,5.7341
1676890833.9028573,46,4.9072,2.8773,4.6551,6.5964,6.5323,4.8805,6.9983,6.5825,5.7341
1676890834.9056432,46,4.9072,2.8773,4.6551,6.5964,6.5323,4.8805,6.9983,6.5825,5.7341
1676890835.9082437,46,4.9072,2.8773,4.6551,6.5964,6.5323,4.8805,6.9983,6.5825,5.7341
1676890836.91109,46,4.9072,2.8773,4.6551,6.5964,6.5323,4.8805,6.9983,6.5825,5.7341
1676890837.9947977,34,4.9072,2.8773,4.6551,6.5964,6.5323,4.8805,6.9983,6.5825,5.7341
1676890838.9973664,34,4.9072,2.8773,4.6551,6.5964,6.5323,4.8805,6.9983,6.5825,5.7341
1676890840.0001905,34,4.9072,2.8773,4.6551,6.5964,6.5323,4.8805,6.9983,6.5825,5.7341
1676890841.002886,34,4.9072,2.8773,4.6551,6.5964,6.5323,4.8805,6.9983,6.5825,5.7341
1676890842.005642,34,4.9072,2.8773,4.6551,6.5964,6.5323,4.8805,6.9983,6.5825,5.7341
1676890843.104751,20,4.9072,2.8773,4.6551,6.5964,6.5323,4.8805,6.9983,6.5825,5.7341
1676890844.106994,20,4.9072,2.8773,4.6551,6.5964,6.5323,4.8805,6.9983,6.5825,5.7341
1676890845.109761,20,4.9072,2.8773,4.6551,6.5964,6.5323,4.8805,6.9983,6.5825,5.7341
1676890846.112404,20,4.9072,2.8773,4.6551,6.5964,6.5323,4.8805,6.9983,6.5825,5.7341
1676890847.115194,20,4.9072,2.8773,4.6551,6.5964,6.5323,4.8805,6.9983,6.5825,5.7341
1676890848.1494706,20,4.9072,2.8773,4.6551,6.5964,6.5323,4.8805,6.9983,6.5825,5.7341
1676890849.153166,28,4.9072,2.8773,4.6551,6.5964,6.5323,4.8805,6.9983,6.5825,5.7341
1676890850.1559253,28,4.9072,2.8773,4.6551,6.5964,6.5323,4.8805,6.9983,6.5825,5.7341
1676890851.1593578,28,4.9072,2.8773,4.6551,6.5964,6.5323,4.8805,6.9983,6.5825,5.7341
1676890852.1614478,28,4.9072,2.8773,4.6551,6.5964,6.5323,4.8805,6.9983,6.5825,5.7341
1676890853.2877371,28,4.9072,2.8773,4.6551,6.5964,6.5323,4.8805,6.9983,6.5825,5.7341
1676890854.2924583,62,4.9072,2.8773,4.6551,6.5964,6.5323,4.8805,6.9983,6.5825,5.7341
1676890855.2949486,62,4.9072,2.8773,4.6551,6.5964,6.5323,4.8805,6.9983,6.5825,5.7341
1676890856.2974095,62,4.9072,2.8773,4.6551,6.5964,6.5323,4.8805,6.9983,6.5825,5.7341
1676890857.299704,62,4.9072,2.8773,4.6551,6.5964,6.5323,4.8805,6.9983,6.5825,5.7341
1676890858.5752213,21,4.9072,2.8773,4.6551,6.5964,6.5323,4.8805,6.9983,6.5825,5.7341
1676890859.5774,21,4.9072,2.8773,4.6551,6.5964,6.5323,4.8805,6.9983,6.5825,5.7341
1676890860.580281,21,4.9072,2.8773,4.6551,6.5964,6.5323,4.8805,6.9983,6.5825,5.7341
1676890861.5831795,21,4.9072,2.8773,4.6551,6.5964,6.5323,4.8805,6.9983,6.5825,5.7341
1676890862.5859272,21,4.9072,2.8773,4.6551,6.5964,6.5323,4.8805,6.9983,6.5825,5.7341
1676890863.6360276,21,4.9072,2.8773,4.6551,6.5964,6.5323,4.8805,6.9983,6.5825,5.7341
1676890864.6404696,33,4.9072,2.8773,4.6551,6.5964,6.5323,4.8805,6.9983,6.5825,5.7341
1676890865.6426165,33,4.9072,2.8773,4.6551,6.5964,6.5323,4.8805,6.9983,6.5825,5.7341
1676890866.6453285,33,4.9072,2.8773,4.6551,6.5964,6.5323,4.8805,6.9983,6.5825,5.7341
1676890867.647982,33,4.9072,2.8773,4.6551,6.5964,6.5323,4.8805,6.9983,6.5825,5.7341
1676890868.724017,33,4.9072,2.8773,4.6551,6.5964,6.5323,4.8805,6.9983,6.5825,5.7341
1676890869.7285166,55,4.9072,2.8773,4.6551,6.5964,6.5323,4.8805,6.9983,6.5825,5.7341
1676890870.7311347,55,4.9072,2.8773,4.6551,6.5964,6.5323,4.8805,6.9983,6.5825,5.7341
1676890871.7333648,55,4.9072,2.8773,4.6551,6.5964,6.5323,4.8805,6.9983,6.5825,5.7341
1676890872.7357504,55,4.9072,2.8773,4.6551,6.5964,6.5323,4.8805,6.9983,6.5825,5.7341
1676890873.8551252,38,4.9072,2.8773,4.6551,6.5964,6.5323,4.8805,6.9983,6.5825,5.7341
1676890874.857559,38,4.9072,2.8773,4.6551,6.5964,6.5323,4.8805,6.9983,6.5825,5.7341
1676890875.8602898,38,4.9072,2.8773,4.6551,6.5964,6.5323,4.8805,6.9983,6.5825,5.7341
1676890876.862832,38,4.9072,2.8773,4.6551,6.5964,6.5323,4.8805,6.9983,6.5825,5.7341
1676890877.8645904,38,4.9072,2.8773,4.6551,6.5964,6.5323,4.8805,6.9983,6.5825,5.7341
1676890879.0465481,11,4.9072,2.8773,4.6551,6.5964,6.5323,4.8805,6.9983,6.5825,5.7341
1676890880.0491724,11,4.9072,2.8773,4.6551,6.5964,6.5323,4.8805,6.9983,6.5825,5.7341
1676890881.0518467,11,4.9072,2.8773,4.6551,6.5964,6.5323,4.8805,6.9983,6.5825,5.7341
1676890882.054484,11,4.9072,2.8773,4.6551,6.5964,6.5323,4.8805,6.9983,6.5825,5.7341
1676890883.056731,11,4.9072,2.8773,4.6551,6.5964,6.5323,4.8805,6.9983,6.5825,5.7341
1676890884.149016,11,4.9072,2.8773,4.6551,6.5964,6.5323,4.8805,6.9983,6.5825,5.7341
1676890885.1527848,41,4.9072,2.8773,4.6551,6.5964,6.5323,4.8805,6.9983,6.5825,5.7341
1676890886.155616,41,4.9072,2.8773,4.6551,6.5964,6.5323,4.8805,6.9983,6.5825,5.7341
1676890887.1586452,41,4.9072,2.8773,4.6551,6.5964,6.5323,4.8805,6.9983,6.5825,5.7341
1676890888.161382,41,4.9072,2.8773,4.6551,6.5964,6.5323,4.8805,6.9983,6.5825,5.7341
1676890889.2766662,25,4.9072,2.8773,4.6551,6.5964,6.5323,4.8805,6.9983,6.5825,5.7341
1676890890.2792838,25,4.9072,2.8773,4.6551,6.5964,6.5323,4.8805,6.9983,6.5825,5.7341
1676890891.281503,25,4.9072,2.8773,4.6551,6.5964,6.5323,4.8805,6.9983,6.5825,5.7341
1676890892.2839303,25,4.9072,2.8773,4.6551,6.5964,6.5323,4.8805,6.9983,6.5825,5.7341
1676890893.2867305,25,4.9072,2.8773,4.6551,6.5964,6.5323,4.8805,6.9983,6.5825,5.7341
1676890894.2891958,25,4.9072,2.8773,4.6551,6.5964,6.5323,4.8805,6.9983,6.5825,5.7341
1676890895.3752797,13,4.9072,2.8773,4.6551,6.5964,6.5323,4.8805,6.9983,6.5825,5.7341
1676890896.3778548,13,4.9072,2.8773,4.6551,6.5964,6.5323,4.8805,6.9983,6.5825,5.7341
1676890897.3805158,13,4.9072,2.8773,4.6551,6.5964,6.5323,4.8805,6.9983,6.5825,5.7341
1676890898.3830698,13,4.9072,2.8773,4.6551,6.5964,6.5323,4.8805,6.9983,6.5825,5.7341
1676890899.38552,13,4.9072,2.8773,4.6551,6.5964,6.5323,4.8805,6.9983,6.5825,5.7341
1676890900.5171833,13,4.9072,2.8773,4.6551,6.5964,6.5323,4.8805,6.9983,6.5825,5.7341
1676890901.520833,54,4.9072,2.8773,4.6551,6.5964,6.5323,4.8805,6.9983,6.5825,5.7341
1676890902.5236135,54,4.9072,2.8773,4.6551,6.5964,6.5323,4.8805,6.9983,6.5825,5.7341
1676890903.5254743,54,4.9072,2.8773,4.6551,6.5964,6.5323,4.8805,6.9983,6.5825,5.7341
1676890904.528099,54,4.9072,2.8773,4.6551,6.5964,6.5323,4.8805,6.9983,6.5825,5.7341
1676890905.7133913,29,4.9072,2.8773,4.6551,6.5964,6.5323,4.8805,6.9983,6.5825,5.7341
1676890906.716009,29,4.9072,2.8773,4.6551,6.5964,6.5323,4.8805,6.9983,6.5825,5.7341
1676890907.7175822,29,4.9072,2.8773,4.6551,6.5964,6.5323,4.8805,6.9983,6.5825,5.7341
1676890908.7201784,29,4.9072,2.8773,4.6551,6.5964,6.5323,4.8805,6.9983,6.5825,5.7341
1676890909.722841,29,4.9072,2.8773,4.6551,6.5964,6.5323,4.8805,6.9983,6.5825,5.7341
1676890910.8236253,29,4.9072,2.8773,4.6551,6.5964,6.5323,4.8805,6.9983,6.5825,5.7341
1676890911.8280544,56,4.9072,2.8773,4.6551,6.5964,6.5323,4.8805,6.9983,6.5825,5.7341
1676890912.8295236,56,4.9072,2.8773,4.6551,6.5964,6.5323,4.8805,6.9983,6.5825,5.7341
1676890913.8323205,56,4.9072,2.8773,4.6551,6.5964,6.5323,4.8805,6.9983,6.5825,5.7341
1676890914.8354704,56,4.9072,2.8773,4.6551,6.5964,6.5323,4.8805,6.9983,6.5825,5.7341
1676890916.0708234,23,4.9072,2.8773,4.6551,6.5964,6.5323,4.8805,6.9983,6.5825,5.7341
1676890917.0734487,23,4.9072,2.8773,4.6551,6.5964,6.5323,4.8805,6.9983,6.5825,5.7341
1676890918.0764236,23,4.9072,2.8773,4.6551,6.5964,6.5323,4.8805,6.9983,6.5825,5.7341
1676890919.0791395,23,4.9072,2.8773,4.6551,6.5964,6.5323,4.8805,6.9983,6.5825,5.7341
1676890920.0815253,23,4.9072,2.8773,4.6551,6.5964,6.5323,4.8805,6.9983,6.5825,5.7341
1676890921.1575098,23,4.9072,2.8773,4.6551,6.5964,6.5323,4.8805,6.9983,6.5825,5.7341
1676890922.1614218,45,4.9072,2.8773,4.6551,6.5964,6.5323,4.8805,6.9983,6.5825,5.7341
1676890923.1640468,45,4.9072,2.8773,4.6551,6.5964,6.5323,4.8805,6.9983,6.5825,5.7341
1676890924.1667943,45,4.9072,2.8773,4.6551,6.5964,6.5323,4.8805,6.9983,6.5825,5.7341
1676890925.1691759,45,4.9072,2.8773,4.6551,6.5964,6.5323,4.8805,6.9983,6.5825,5.7341
1676890926.2067842,45,4.9072,2.8773,4.6551,6.5964,6.5323,4.8805,6.9983,6.5825,5.7341
1676890927.2095115,52,4.9072,2.8773,4.6551,6.5964,6.5323,4.8805,6.9983,6.5825,5.7341
1676890928.2120504,52,4.9072,2.8773,4.6551,6.5964,6.5323,4.8805,6.9983,6.5825,5.7341
1676890929.2149289,52,4.9072,2.8773,4.6551,6.5964,6.5323,4.8805,6.9983,6.5825,5.7341
1676890930.217385,52,4.9072,2.8773,4.6551,6.5964,6.5323,4.8805,6.9983,6.5825,5.7341
1676890931.4113834,24,4.9072,2.8773,4.6551,6.5964,6.5323,4.8805,6.9983,6.5825,5.7341
1676890932.4134953,24,4.9072,2.8773,4.6551,6.5964,6.5323,4.8805,6.9983,6.5825,5.7341
1676890933.416061,24,4.9072,2.8773,4.6551,6.5964,6.5323,4.8805,6.9983,6.5825,5.7341
1676890934.418845,24,4.9072,2.8773,4.6551,6.5964,6.5323,4.8805,6.9983,6.5825,5.7341
1676890935.4215524,24,3.9072,2.8773,4.9051,6.5964,5.5323,4.8805,4.9983,5.5825,5.7341
1676890936.4468598,24,3.9072,2.8773,4.9051,6.5964,5.5323,4.8805,4.9983,5.5825,5.7341
1676890937.450433,29,3.9072,2.8773,4.9051,6.5964,5.5323,4.8805,4.9983,5.5825,5.7341
1676890938.453115,29,3.9072,2.8773,4.9051,6.5964,5.5323,4.8805,4.9983,5.5825,5.7341
1676890939.4559455,29,3.9072,2.8773,4.9051,6.5964,5.5323,4.8805,4.9983,5.5825,5.7341
1676890940.458813,29,3.9072,2.8773,4.9051,6.5964,5.5323,4.8805,4.9983,5.5825,5.7341
1676890941.5272992,29,3.9072,2.8773,4.9051,6.5964,5.5323,4.8805,4.9983,5.5825,5.7341
1676890942.5309758,46,3.9072,2.8773,4.9051,6.5964,5.5323,4.8805,4.9983,5.5825,5.7341
1676890943.534057,46,3.9072,2.8773,4.9051,6.5964,5.5323,4.8805,4.9983,5.5825,5.7341
1676890944.5366688,46,3.9072,2.8773,4.9051,6.5964,5.5323,4.8805,4.9983,5.5825,5.7341
1676890945.5393481,46,3.9072,2.8773,4.9051,6.5964,5.5323,4.8805,4.9983,5.5825,5.7341
1676890946.608413,46,3.9072,2.8773,4.9051,6.5964,5.5323,4.8805,4.9983,5.5825,5.7341
1676890947.6112962,62,3.9072,2.8773,4.9051,6.5964,5.5323,4.8805,4.9983,5.5825,5.7341
1676890948.6135468,62,3.9072,2.8773,4.9051,6.5964,5.5323,4.8805,4.9983,5.5825,5.7341
1676890949.616136,62,3.9072,2.8773,4.9051,6.5964,5.5323,4.8805,4.9983,5.5825,5.7341
1676890950.6188717,62,3.9072,2.8773,4.9051,6.5964,5.5323,4.8805,4.9983,5.5825,5.7341
1676890951.7509744,44,3.9072,2.8773,4.9051,6.5964,5.5323,4.8805,4.9983,5.5825,5.7341
1676890952.7535498,44,3.9072,2.8773,4.9051,6.5964,5.5323,4.8805,4.9983,5.5825,5.7341
1676890953.7560563,44,3.9072,2.8773,4.9051,6.5964,5.5323,4.8805,4.9983,5.5825,5.7341
1676890954.7589726,44,3.9072,2.8773,4.9051,6.5964,5.5323,4.8805,4.9983,5.5825,5.7341
1676890955.7615836,44,3.9072,2.8773,4.9051,6.5964,5.5323,4.8805,4.9983,5.5825,5.7341
1676890956.796011,44,3.9072,2.8773,4.9051,6.5964,5.5323,4.8805,4.9983,5.5825,5.7341
1676890957.7994626,52,3.9072,2.8773,4.9051,6.5964,5.5323,4.8805,4.9983,5.5825,5.7341
1676890958.8013902,52,3.9072,2.8773,4.9051,6.5964,5.5323,4.8805,4.9983,5.5825,5.7341
1676890959.8034894,52,3.9072,2.8773,4.9051,6.5964,5.5323,4.8805,4.9983,5.5825,5.7341
1676890960.80581,52,3.9072,2.8773,4.9051,6.5964,5.5323,4.8805,4.9983,5.5825,5.7341
1676890961.918494,37,3.9072,2.8773,4.9051,6.5964,5.5323,4.8805,4.9983,5.5825,5.7341
1676890962.9211385,37,3.9072,2.8773,4.9051,6.5964,5.5323,4.8805,4.9983,5.5825,5.7341
1676890963.924125,37,3.9072,2.8773,4.9051,6.5964,5.5323,4.8805,4.9983,5.5825,5.7341
1676890964.9269364,37,3.9072,2.8773,4.9051,6.5964,5.5323,4.8805,4.9983,5.5825,5.7341
1676890965.9295433,37,3.9072,2.8773,4.9051,6.5964,5.5323,4.8805,4.9983,5.5825,5.7341
1676890967.0113678,37,3.9072,2.8773,4.9051,6.5964,5.5323,4.8805,4.9983,5.5825,5.7341
1676890968.0159204,64,3.9072,2.8773,4.9051,6.5964,5.5323,4.8805,4.9983,5.5825,5.7341
1676890969.0186515,64,3.9072,2.8773,4.9051,6.5964,5.5323,4.8805,4.9983,5.5825,5.7341
1676890970.0211952,64,3.9072,2.8773,4.9051,6.5964,5.5323,4.8805,4.9983,5.5825,5.7341
1676890971.0238633,64,3.9072,2.8773,4.9051,6.5964,5.5323,4.8805,4.9983,5.5825,5.7341
1676890972.0735044,58,3.9072,2.8773,4.9051,6.5964,5.5323,4.8805,4.9983,5.5825,5.7341
1676890973.0763004,58,3.9072,2.8773,4.9051,6.5964,5.5323,4.8805,4.9983,5.5825,5.7341
1676890974.0789883,58,3.9072,2.8773,4.9051,6.5964,5.5323,4.8805,4.9983,5.5825,5.7341
1676890975.081484,58,3.9072,2.8773,4.9051,6.5964,5.5323,4.8805,4.9983,5.5825,5.7341
1676890976.084071,58,3.9072,2.8773,4.9051,6.5964,5.5323,4.8805,4.9983,5.5825,5.7341
1676890977.234292,37,3.9072,2.8773,4.9051,6.5964,5.5323,4.8805,4.9983,5.5825,5.7341
1676890978.2369595,37,3.9072,2.8773,4.9051,6.5964,5.5323,4.8805,4.9983,5.5825,5.7341
1676890979.2396035,37,3.9072,2.8773,4.9051,6.5964,5.5323,4.8805,4.9983,5.5825,5.7341
1676890980.241502,37,3.9072,2.8773,4.9051,6.5964,5.5323,4.8805,4.9983,5.5825,5.7341
1676890981.2442749,37,3.9072,2.8773,4.9051,6.5964,5.5323,4.8805,4.9983,5.5825,5.7341
1676890982.290438,31,3.9072,2.8773,4.9051,6.5964,5.5323,4.8805,4.9983,5.5825,5.7341
1676890983.2933128,31,3.9072,2.8773,4.9051,6.5964,5.5323,4.8805,4.9983,5.5825,5.7341
1676890984.2960808,31,3.9072,2.8773,4.9051,6.5964,5.5323,4.8805,4.9983,5.5825,5.7341
1676890985.298636,31,3.9072,2.8773,4.9051,6.5964,5.5323,4.8805,4.9983,5.5825,5.7341
1676890986.3013282,31,3.9072,2.8773,4.9051,6.5964,5.5323,4.8805,4.9983,5.5825,5.7341
1676890987.3279955,31,3.9072,2.8773,4.9051,6.5964,5.5323,4.8805,4.9983,5.5825,5.7341
1676890988.3320477,36,3.9072,2.8773,4.9051,6.5964,5.5323,4.8805,4.9983,5.5825,5.7341
1676890989.3347354,36,3.9072,2.8773,4.9051,6.5964,5.5323,4.8805,4.9983,5.5825,5.7341
1676890990.3368917,36,3.9072,2.8773,4.9051,6.5964,5.5323,4.8805,4.9983,5.5825,5.7341
1676890991.338919,36,3.9072,2.8773,4.9051,6.5964,5.5323,4.8805,4.9983,5.5825,5.7341
1676890992.503782,14,3.9072,2.8773,4.9051,6.5964,5.5323,4.8805,4.9983,5.5825,5.7341
1676890993.505546,14,3.9072,2.8773,4.9051,6.5964,5.5323,4.8805,4.9983,5.5825,5.7341
1676890994.5083354,14,3.9072,2.8773,4.9051,6.5964,5.5323,4.8805,4.9983,5.5825,5.7341
1676890995.5110452,14,3.9072,2.8773,4.9051,6.5964,5.5323,4.8805,4.9983,5.5825,5.7341
1676890996.512814,14,3.9072,2.8773,4.9051,6.5964,5.5323,4.8805,4.9983,5.5825,5.7341
1676890997.5432606,14,3.9072,2.8773,4.9051,6.5964,5.5323,4.8805,4.9983,5.5825,5.7341
1676890998.547242,21,3.9072,2.8773,4.9051,6.5964,5.5323,4.8805,4.9983,5.5825,5.7341
1676890999.5494146,21,3.9072,2.8773,4.9051,6.5964,5.5323,4.8805,4.9983,5.5825,5.7341
1676891000.5520563,21,3.9072,2.8773,4.9051,6.5964,5.5323,4.8805,4.9983,5.5825,5.7341
1676891001.5546393,21,3.9072,2.8773,4.9051,6.5964,5.5323,4.8805,4.9983,5.5825,5.7341
1676891002.622648,12,3.9072,2.8773,4.9051,6.5964,5.5323,4.8805,4.9983,5.5825,5.7341
1676891003.6253138,12,3.9072,2.8773,4.9051,6.5964,5.5323,4.8805,4.9983,5.5825,5.7341
1676891004.6279542,12,3.9072,2.8773,4.9051,6.5964,5.5323,4.8805,4.9983,5.5825,5.7341
1676891005.6306822,12,3.9072,2.8773,4.9051,6.5964,5.5323,4.8805,4.9983,5.5825,5.7341
1676891006.6334064,12,3.9072,2.8773,4.9051,6.5964,5.5323,4.8805,4.9983,5.5825,5.7341
1676891007.6863723,12,3.9072,2.8773,4.9051,6.5964,5.5323,4.8805,4.9983,5.5825,5.7341
1676891008.690787,28,3.9072,2.8773,4.9051,6.5964,5.5323,4.8805,4.9983,5.5825,5.7341
1676891009.6934109,28,3.9072,2.8773,4.9051,6.5964,5.5323,4.8805,4.9983,5.5825,5.7341
1676891010.6959443,28,3.9072,2.8773,4.9051,6.5964,5.5323,4.8805,4.9983,5.5825,5.7341
1676891011.6980968,28,3.9072,2.8773,4.9051,6.5964,5.5323,4.8805,4.9983,5.5825,5.7341
1676891012.713579,28,3.9072,2.8773,4.9051,6.5964,5.5323,4.8805,4.9983,5.5825,5.7341
1676891013.7172437,30,3.9072,2.8773,4.9051,6.5964,5.5323,4.8805,4.9983,5.5825,5.7341
1676891014.71992,30,3.9072,2.8773,4.9051,6.5964,5.5323,4.8805,4.9983,5.5825,5.7341
1676891015.7228231,30,3.9072,2.8773,4.9051,6.5964,5.5323,4.8805,4.9983,5.5825,5.7341
1676891016.725474,30,3.9072,2.8773,4.9051,6.5964,5.5323,4.8805,4.9983,5.5825,5.7341
1676891017.7283006,30,3.9072,2.8773,4.9051,6.5964,5.5323,4.8805,4.9983,5.5825,5.7341
1676891018.7795732,30,3.9072,2.8773,4.9051,6.5964,5.5323,4.8805,4.9983,5.5825,5.7341
1676891019.783255,43,3.9072,2.8773,4.9051,6.5964,5.5323,4.8805,4.9983,5.5825,5.7341
1676891020.7855139,43,3.9072,2.8773,4.9051,6.5964,5.5323,4.8805,4.9983,5.5825,5.7341
1676891021.7879848,43,3.9072,2.8773,4.9051,6.5964,5.5323,4.8805,4.9983,5.5825,5.7341
1676891022.7906747,43,3.9072,2.8773,4.9051,6.5964,5.5323,4.8805,4.9983,5.5825,5.7341
1676891023.8142421,43,3.9072,2.8773,4.9051,6.5964,5.5323,4.8805,4.9983,5.5825,5.7341
1676891024.833395,46,3.9072,2.8773,4.9051,6.5964,5.5323,4.8805,4.9983,5.5825,5.7341
1676891025.835599,46,3.9072,2.8773,4.9051,6.5964,5.5323,4.8805,4.9983,5.5825,5.7341
1676891026.8373964,46,3.9072,2.8773,4.9051,6.5964,5.5323,4.8805,4.9983,5.5825,5.7341
1676891027.8399546,46,3.9072,2.8773,4.9051,6.5964,5.5323,4.8805,4.9983,5.5825,5.7341
1676891028.9555397,46,3.9072,2.8773,4.9051,6.5964,5.5323,4.8805,4.9983,5.5825,5.7341
1676891029.959875,64,3.9072,2.8773,4.9051,6.5964,5.5323,4.8805,4.9983,5.5825,5.7341
1676891030.9625425,64,3.9072,2.8773,4.9051,6.5964,5.5323,4.8805,4.9983,5.5825,5.7341
1676891031.9654293,64,3.9072,2.8773,4.9051,6.5964,5.5323,4.8805,4.9983,5.5825,5.7341
1676891032.9679031,64,3.9072,2.8773,4.9051,6.5964,5.5323,4.8805,4.9983,5.5825,5.7341
1676891034.0166144,58,3.9072,2.8773,4.9051,6.5964,5.5323,4.8805,4.9983,5.5825,5.7341
1676891035.0196555,58,3.9072,2.8773,4.9051,6.5964,5.5323,4.8805,4.9983,5.5825,5.7341
1676891036.0215125,58,3.9072,2.8773,4.9051,6.5964,5.5323,4.8805,4.9983,5.5825,5.7341
1676891037.0239952,58,3.9072,2.8773,4.9051,6.5964,5.5323,4.8805,4.9983,5.5825,5.7341
1676891038.0267117,58,3.9072,2.8773,4.9051,6.5964,5.5323,4.8805,4.9983,5.5825,5.7341
1676891039.0473619,58,3.9072,2.8773,4.9051,6.5964,5.5323,4.8805,4.9983,5.5825,5.7341
1676891040.0523064,61,3.9072,2.8773,4.9051,6.5964,5.5323,4.8805,4.9983,5.5825,5.7341
1676891041.0542922,61,3.9072,2.8773,4.9051,6.5964,5.5323,4.8805,4.9983,5.5825,5.7341
1676891042.0567415,61,3.9072,2.8773,4.9051,6.5964,5.5323,4.8805,4.9983,5.5825,5.7341
1676891043.0592964,61,3.9072,2.8773,4.9051,6.5964,5.5323,4.8805,4.9983,5.5825,5.7341
1676891044.2550676,35,3.9072,2.8773,4.9051,6.5964,5.5323,4.8805,4.9983,5.5825,5.7341
1676891045.2578685,35,3.9072,2.8773,4.9051,6.5964,5.5323,4.8805,4.9983,5.5825,5.7341
1676891046.26052,35,3.9072,2.8773,4.9051,6.5964,5.5323,4.8805,4.9983,5.5825,5.7341
1676891047.2626972,35,3.9072,2.8773,4.9051,6.5964,5.5323,4.8805,4.9983,5.5825,5.7341
1676891048.2654984,35,3.9072,2.8773,4.9051,6.5964,5.5323,4.8805,4.9983,5.5825,5.7341
1676891049.3129563,29,3.9072,2.8773,4.9051,6.5964,5.5323,4.8805,4.9983,5.5825,5.7341
1676891050.3154206,29,3.9072,2.8773,4.9051,6.5964,5.5323,4.8805,4.9983,5.5825,5.7341
1676891051.3175416,29,3.9072,2.8773,4.9051,6.5964,5.5323,4.8805,4.9983,5.5825,5.7341
1676891052.3203404,29,3.9072,2.8773,4.9051,6.5964,5.5323,4.8805,4.9983,5.5825,5.7341
1676891053.32359,29,3.9072,2.8773,4.9051,6.5964,5.5323,4.8805,4.9983,5.5825,5.7341
1676891054.387127,29,3.9072,2.8773,4.9051,6.5964,5.5323,4.8805,4.9983,5.5825,5.7341
1676891055.3908806,43,3.9072,2.8773,4.9051,6.5964,5.5323,4.8805,4.9983,5.5825,5.7341
1676891056.3935258,43,3.9072,2.8773,4.9051,6.5964,5.5323,4.8805,4.9983,5.5825,5.7341
1676891057.3963091,43,3.9072,2.8773,4.9051,6.5964,5.5323,4.8805,4.9983,5.5825,5.7341
1676891058.3989983,43,3.9072,2.8773,4.9051,6.5964,5.5323,4.8805,4.9983,5.5825,5.7341
1676891059.4233787,43,3.9072,2.8773,4.9051,6.5964,5.5323,4.8805,4.9983,5.5825,5.7341
1676891060.4278715,47,3.9072,2.8773,4.9051,6.5964,5.5323,4.8805,4.9983,5.5825,5.7341
1676891061.4306617,47,3.9072,2.8773,4.9051,6.5964,5.5323,4.8805,4.9983,5.5825,5.7341
1676891062.4333568,47,3.9072,2.8773,4.9051,6.5964,5.5323,4.8805,4.9983,5.5825,5.7341
1676891063.4360974,47,3.9072,2.8773,4.9051,6.5964,5.5323,4.8805,4.9983,5.5825,5.7341
1676891064.573478,27,5.9072,3.8773,5.9051,6.5964,8.5323,7.8805,5.9983,9.5825,7.7341
1676891065.5765622,27,5.9072,3.8773,5.9051,6.5964,8.5323,7.8805,5.9983,9.5825,7.7341
1676891066.5785832,27,5.9072,3.8773,5.9051,6.5964,8.5323,7.8805,5.9983,9.5825,7.7341
1676891067.5812438,27,5.9072,3.8773,5.9051,6.5964,8.5323,7.8805,5.9983,9.5825,7.7341
1676891068.5839775,27,5.9072,3.8773,5.9051,6.5964,8.5323,7.8805,5.9983,9.5825,7.7341
1676891069.6155205,27,5.9072,3.8773,5.9051,6.5964,8.5323,7.8805,5.9983,9.5825,7.7341
1676891070.618418,33,5.9072,3.8773,5.9051,6.5964,8.5323,7.8805,5.9983,9.5825,7.7341
1676891071.6211634,33,5.9072,3.8773,5.9051,6.5964,8.5323,7.8805,5.9983,9.5825,7.7341
1676891072.623931,33,5.9072,3.8773,5.9051,6.5964,8.5323,7.8805,5.9983,9.5825,7.7341
1676891073.6269307,33,5.9072,3.8773,5.9051,6.5964,8.5323,7.8805,5.9983,9.5825,7.7341
1676891074.7294724,33,5.9072,3.8773,5.9051,6.5964,8.5323,7.8805,5.9983,9.5825,7.7341
1676891075.7332501,60,5.9072,3.8773,5.9051,6.5964,8.5323,7.8805,5.9983,9.5825,7.7341
1676891076.7358804,60,5.9072,3.8773,5.9051,6.5964,8.5323,7.8805,5.9983,9.5825,7.7341
1676891077.7385824,60,5.9072,3.8773,5.9051,6.5964,8.5323,7.8805,5.9983,9.5825,7.7341
1676891078.741296,60,5.9072,3.8773,5.9051,6.5964,8.5323,7.8805,5.9983,9.5825,7.7341
1676891079.8958786,39,5.9072,3.8773,5.9051,6.5964,8.5323,7.8805,5.9983,9.5825,7.7341
1676891080.898348,39,5.9072,3.8773,5.9051,6.5964,8.5323,7.8805,5.9983,9.5825,7.7341
1676891081.9011192,39,5.9072,3.8773,5.9051,6.5964,8.5323,7.8805,5.9983,9.5825,7.7341
1676891082.9038088,39,5.9072,3.8773,5.9051,6.5964,8.5323,7.8805,5.9983,9.5825,7.7341
1676891083.9064565,39,5.9072,3.8773,5.9051,6.5964,8.5323,7.8805,5.9983,9.5825,7.7341
1676891084.9928777,28,5.9072,3.8773,5.9051,6.5964,8.5323,7.8805,5.9983,9.5825,7.7341
1676891085.9962065,28,5.9072,3.8773,5.9051,6.5964,8.5323,7.8805,5.9983,9.5825,7.7341
1676891086.9987392,28,5.9072,3.8773,5.9051,6.5964,8.5323,7.8805,5.9983,9.5825,7.7341
1676891088.0014212,28,5.9072,3.8773,5.9051,6.5964,8.5323,7.8805,5.9983,9.5825,7.7341
1676891089.0034301,28,5.9072,3.8773,5.9051,6.5964,8.5323,7.8805,5.9983,9.5825,7.7341
1676891090.0576131,28,5.9072,3.8773,5.9051,6.5964,8.5323,7.8805,5.9983,9.5825,7.7341
1676891091.0614045,42,5.9072,3.8773,5.9051,6.5964,8.5323,7.8805,5.9983,9.5825,7.7341
1676891092.0639987,42,5.9072,3.8773,5.9051,6.5964,8.5323,7.8805,5.9983,9.5825,7.7341
1676891093.0667684,42,5.9072,3.8773,5.9051,6.5964,8.5323,7.8805,5.9983,9.5825,7.7341
1676891094.0694337,42,5.9072,3.8773,5.9051,6.5964,8.5323,7.8805,5.9983,9.5825,7.7341
1676891095.1712399,28,5.9072,3.8773,5.9051,6.5964,8.5323,7.8805,5.9983,9.5825,7.7341
1676891096.1734066,28,5.9072,3.8773,5.9051,6.5964,8.5323,7.8805,5.9983,9.5825,7.7341
1676891097.1760156,28,5.9072,3.8773,5.9051,6.5964,8.5323,7.8805,5.9983,9.5825,7.7341
1676891098.1788895,28,5.9072,3.8773,5.9051,6.5964,8.5323,7.8805,5.9983,9.5825,7.7341
1676891099.181504,28,5.9072,3.8773,5.9051,6.5964,8.5323,7.8805,5.9983,9.5825,7.7341
1676891100.2844489,28,5.9072,3.8773,5.9051,6.5964,8.5323,7.8805,5.9983,9.5825,7.7341
1676891101.2885485,59,5.9072,3.8773,5.9051,6.5964,8.5323,7.8805,5.9983,9.5825,7.7341
1676891102.2912142,59,5.9072,3.8773,5.9051,6.5964,8.5323,7.8805,5.9983,9.5825,7.7341
1676891103.2933803,59,5.9072,3.8773,5.9051,6.5964,8.5323,7.8805,5.9983,9.5825,7.7341
1676891104.2957036,59,5.9072,3.8773,5.9051,6.5964,8.5323,7.8805,5.9983,9.5825,7.7341
1676891105.484785,33,5.9072,3.8773,5.9051,6.5964,8.5323,7.8805,5.9983,9.5825,7.7341
1676891106.4869368,33,5.9072,3.8773,5.9051,6.5964,8.5323,7.8805,5.9983,9.5825,7.7341
1676891107.4894595,33,5.9072,3.8773,5.9051,6.5964,8.5323,7.8805,5.9983,9.5825,7.7341
1676891108.4916534,33,5.9072,3.8773,5.9051,6.5964,8.5323,7.8805,5.9983,9.5825,7.7341
1676891109.4945426,33,5.9072,3.8773,5.9051,6.5964,8.5323,7.8805,5.9983,9.5825,7.7341
1676891110.5125008,31,5.9072,3.8773,5.9051,6.5964,8.5323,7.8805,5.9983,9.5825,7.7341
1676891111.5151038,31,5.9072,3.8773,5.9051,6.5964,8.5323,7.8805,5.9983,9.5825,7.7341
1676891112.517775,31,5.9072,3.8773,5.9051,6.5964,8.5323,7.8805,5.9983,9.5825,7.7341
1676891113.5206635,31,5.9072,3.8773,5.9051,6.5964,8.5323,7.8805,5.9983,9.5825,7.7341
1676891114.5233836,31,5.9072,3.8773,5.9051,6.5964,8.5323,7.8805,5.9983,9.5825,7.7341
1676891115.631836,17,5.9072,3.8773,5.9051,6.5964,8.5323,7.8805,5.9983,9.5825,7.7341
1676891116.6345754,17,5.9072,3.8773,5.9051,6.5964,8.5323,7.8805,5.9983,9.5825,7.7341
1676891117.6374388,17,5.9072,3.8773,5.9051,6.5964,8.5323,7.8805,5.9983,9.5825,7.7341
1676891118.6403155,17,5.9072,3.8773,5.9051,6.5964,8.5323,7.8805,5.9983,9.5825,7.7341
1676891119.6431885,17,5.9072,3.8773,5.9051,6.5964,8.5323,7.8805,5.9983,9.5825,7.7341
1676891120.6910758,17,5.9072,3.8773,5.9051,6.5964,8.5323,7.8805,5.9983,9.5825,7.7341
1676891121.6950314,29,5.9072,3.8773,5.9051,6.5964,8.5323,7.8805,5.9983,9.5825,7.7341
1676891122.6970177,29,5.9072,3.8773,5.9051,6.5964,8.5323,7.8805,5.9983,9.5825,7.7341
1676891123.6995153,29,5.9072,3.8773,5.9051,6.5964,8.5323,7.8805,5.9983,9.5825,7.7341
1676891124.701482,29,5.9072,3.8773,5.9051,6.5964,8.5323,7.8805,5.9983,9.5825,7.7341
1676891125.744237,29,5.9072,3.8773,5.9051,6.5964,8.5323,7.8805,5.9983,9.5825,7.7341
1676891126.748412,39,5.9072,3.8773,5.9051,6.5964,8.5323,7.8805,5.9983,9.5825,7.7341
1676891127.751011,39,5.9072,3.8773,5.9051,6.5964,8.5323,7.8805,5.9983,9.5825,7.7341
1676891128.753501,39,5.9072,3.8773,5.9051,6.5964,8.5323,7.8805,5.9983,9.5825,7.7341
1676891129.7564664,39,5.9072,3.8773,5.9051,6.5964,8.5323,7.8805,5.9983,9.5825,7.7341
1676891130.766728,38,5.9072,3.8773,5.9051,6.5964,8.5323,7.8805,5.9983,9.5825,7.7341
1676891131.7693408,38,5.9072,3.8773,5.9051,6.5964,8.5323,7.8805,5.9983,9.5825,7.7341
1676891132.7720337,38,5.9072,3.8773,5.9051,6.5964,8.5323,7.8805,5.9983,9.5825,7.7341
1676891133.774704,38,5.9072,3.8773,5.9051,6.5964,8.5323,7.8805,5.9983,9.5825,7.7341
1676891134.7773852,38,5.9072,3.8773,5.9051,6.5964,8.5323,7.8805,5.9983,9.5825,7.7341
